state,county,regular,fips,fips_county_name,match_score,match_method,county_lower
AK,Aleutians West,5.749,2016,Aleutians West Census Area,100,manual,aleutians west
AK,Anchorage,5.289,2020,Anchorage Municipality,100,exact,anchorage
AK,Denali,5.709,2068,Denali Borough,100,exact,denali
AK,Fairbanks North Star,5.275,2090,Fairbanks North Star Borough,100,exact,fairbanks north star
AK,Haines,4.299,2100,Haines Borough,100,exact,haines
AK,Juneau,4.823,2110,Juneau City and Borough,100,exact,juneau
AK,Kenai Peninsula,5.382,2122,Kenai Peninsula Borough,100,exact,kenai peninsula
AK,Ketchikan Gateway,4.992,2130,Ketchikan Gateway Borough,100,exact,ketchikan gateway
AK,Kodiak Island,5.629,2150,Kodiak Island Borough,100,exact,kodiak island
AK,Matanuska Susitna,5.164,2170,Matanuska-Susitna Borough,100,fuzzy,matanuska susitna
AK,Prince Wales Ketchikan,4.759,2198,Prince of Wales-Hyder Census Area,100,manual,prince wales ketchikan
AK,Sitka,4.549,2220,Sitka City and Borough,100,exact,sitka
AK,Southeast Fairbanks,5.483,2240,Southeast Fairbanks Census Area,100,exact,southeast fairbanks
AK,Valdez Cordova,5.57,2066,Copper River Census Area,100,manual,valdez cordova
AK,Wrangell Petersburg,4.959,2280,,100,manual,wrangell petersburg
AK,Yukon Koyukuk,5.809,2290,Yukon-Koyukuk Census Area,100,fuzzy,yukon koyukuk
AL,Autauga,4.044,1001,Autauga County,100,exact,autauga
AL,Baldwin,4.039,1003,Baldwin County,100,exact,baldwin
AL,Barbour,4.236,1005,Barbour County,100,exact,barbour
AL,Bibb,4.033,1007,Bibb County,100,exact,bibb
AL,Blount,4.104,1009,Blount County,100,exact,blount
AL,Bullock,4.113,1011,Bullock County,100,exact,bullock
AL,Butler,4.144,1013,Butler County,100,exact,butler
AL,Calhoun,3.962,1015,Calhoun County,100,exact,calhoun
AL,Chambers,3.994,1017,Chambers County,100,exact,chambers
AL,Cherokee,3.923,1019,Cherokee County,100,exact,cherokee
AL,Chilton,4.141,1021,Chilton County,100,exact,chilton
AL,Choctaw,4.168,1023,Choctaw County,100,exact,choctaw
AL,Clarke,4.086,1025,Clarke County,100,exact,clarke
AL,Clay,4.032,1027,Clay County,100,exact,clay
AL,Cleburne,4.066,1029,Cleburne County,100,exact,cleburne
AL,Coffee,4.096,1031,Coffee County,100,exact,coffee
AL,Colbert,4.072,1033,Colbert County,100,exact,colbert
AL,Conecuh,4.224,1035,Conecuh County,100,exact,conecuh
AL,Coosa,4.079,1037,Coosa County,100,exact,coosa
AL,Covington,4.208,1039,Covington County,100,exact,covington
AL,Crenshaw,4.106,1041,Crenshaw County,100,exact,crenshaw
AL,Cullman,4.013,1043,Cullman County,100,exact,cullman
AL,Dale,4.173,1045,Dale County,100,exact,dale
AL,Dallas,4.171,1047,Dallas County,100,exact,dallas
AL,De Kalb,4.098,1049,DeKalb County,92,fuzzy,de kalb
AL,Elmore,4.065,1051,Elmore County,100,exact,elmore
AL,Escambia,4.165,1053,Escambia County,100,exact,escambia
AL,Etowah,3.965,1055,Etowah County,100,exact,etowah
AL,Fayette,4.119,1057,Fayette County,100,exact,fayette
AL,Franklin,4.097,1059,Franklin County,100,exact,franklin
AL,Geneva,4.172,1061,Geneva County,100,exact,geneva
AL,Greene,4.123,1063,Greene County,100,exact,greene
AL,Hale,4.179,1065,Hale County,100,exact,hale
AL,Henry,4.08,1067,Henry County,100,exact,henry
AL,Houston,4.102,1069,Houston County,100,exact,houston
AL,Jackson,4.131,1071,Jackson County,100,exact,jackson
AL,Jefferson,4.064,1073,Jefferson County,100,exact,jefferson
AL,Lamar,4.037,1075,Lamar County,100,exact,lamar
AL,Lauderdale,4.086,1077,Lauderdale County,100,exact,lauderdale
AL,Lawrence,4.048,1079,Lawrence County,100,exact,lawrence
AL,Lee,4.049,1081,Lee County,100,exact,lee
AL,Limestone,4.097,1083,Limestone County,100,exact,limestone
AL,Lowndes,4.123,1085,Lowndes County,100,exact,lowndes
AL,Macon,4.198,1087,Macon County,100,exact,macon
AL,Madison,4.067,1089,Madison County,100,exact,madison
AL,Marengo,4.052,1091,Marengo County,100,exact,marengo
AL,Marion,4.084,1093,Marion County,100,exact,marion
AL,Marshall,4.059,1095,Marshall County,100,exact,marshall
AL,Mobile,4.018,1097,Mobile County,100,exact,mobile
AL,Monroe,4.096,1099,Monroe County,100,exact,monroe
AL,Montgomery,4.069,1101,Montgomery County,100,exact,montgomery
AL,Morgan,4.005,1103,Morgan County,100,exact,morgan
AL,Perry,4.266,1105,Perry County,100,exact,perry
AL,Pickens,4.055,1107,Pickens County,100,exact,pickens
AL,Pike,4.174,1109,Pike County,100,exact,pike
AL,Randolph,4.096,1111,Randolph County,100,exact,randolph
AL,Russell,4.128,1113,Russell County,100,exact,russell
AL,Shelby,4.017,1117,Shelby County,100,exact,shelby
AL,Saint Clair,3.998,1115,St. Clair County,84,fuzzy,saint clair
AL,Sumter,4.146,1119,Sumter County,100,exact,sumter
AL,Talladega,3.982,1121,Talladega County,100,exact,talladega
AL,Tallapoosa,4.024,1123,Tallapoosa County,100,exact,tallapoosa
AL,Tuscaloosa,4.023,1125,Tuscaloosa County,100,exact,tuscaloosa
AL,Walker,4.015,1127,Walker County,100,exact,walker
AL,Washington,4.179,1129,Washington County,100,exact,washington
AL,Wilcox,4.399,1131,Wilcox County,100,exact,wilcox
AL,Winston,4.117,1133,Winston County,100,exact,winston
AR,Arkansas,3.981,5001,Arkansas County,100,exact,arkansas
AR,Ashley,4.036,5003,Ashley County,100,exact,ashley
AR,Baxter,4.033,5005,Baxter County,100,exact,baxter
AR,Benton,4.041,5007,Benton County,100,exact,benton
AR,Boone,4.098,5009,Boone County,100,exact,boone
AR,Bradley,3.974,5011,Bradley County,100,exact,bradley
AR,Calhoun,4.199,5013,Calhoun County,100,exact,calhoun
AR,Carroll,4.016,5015,Carroll County,100,exact,carroll
AR,Chicot,4.005,5017,Chicot County,100,exact,chicot
AR,Clark,4.166,5019,Clark County,100,exact,clark
AR,Clay,4.056,5021,Clay County,100,exact,clay
AR,Cleburne,4.017,5023,Cleburne County,100,exact,cleburne
AR,Cleveland,4.199,5025,Cleveland County,100,exact,cleveland
AR,Columbia,4.181,5027,Columbia County,100,exact,columbia
AR,Conway,4.025,5029,Conway County,100,exact,conway
AR,Craighead,3.998,5031,Craighead County,100,exact,craighead
AR,Crawford,3.978,5033,Crawford County,100,exact,crawford
AR,Crittenden,4.059,5035,Crittenden County,100,exact,crittenden
AR,Cross,4.022,5037,Cross County,100,exact,cross
AR,Dallas,4.122,5039,Dallas County,100,exact,dallas
AR,Desha,4.17,5041,Desha County,100,exact,desha
AR,Drew,4.071,5043,Drew County,100,exact,drew
AR,Faulkner,3.945,5045,Faulkner County,100,exact,faulkner
AR,Franklin,4.046,5047,Franklin County,100,exact,franklin
AR,Fulton,4.087,5049,Fulton County,100,exact,fulton
AR,Garland,4.006,5051,Garland County,100,exact,garland
AR,Grant,4.009,5053,Grant County,100,exact,grant
AR,Greene,3.986,5055,Greene County,100,exact,greene
AR,Hempstead,4.137,5057,Hempstead County,100,exact,hempstead
AR,Hot Spring,4.072,5059,Hot Spring County,100,exact,hot spring
AR,Howard,4.13,5061,Howard County,100,exact,howard
AR,Independence,3.99,5063,Independence County,100,exact,independence
AR,Izard,4.149,5065,Izard County,100,exact,izard
AR,Jackson,4.008,5067,Jackson County,100,exact,jackson
AR,Jefferson,3.998,5069,Jefferson County,100,exact,jefferson
AR,Johnson,4.025,5071,Johnson County,100,exact,johnson
AR,Lafayette,4.359,5073,Lafayette County,100,exact,lafayette
AR,Lawrence,4.002,5075,Lawrence County,100,exact,lawrence
AR,Lee,4.074,5077,Lee County,100,exact,lee
AR,Lincoln,4.199,5079,Lincoln County,100,exact,lincoln
AR,Little River,4.139,5081,Little River County,100,exact,little river
AR,Logan,4.047,5083,Logan County,100,exact,logan
AR,Lonoke,4.024,5085,Lonoke County,100,exact,lonoke
AR,Madison,4.042,5087,Madison County,100,exact,madison
AR,Marion,4.064,5089,Marion County,100,exact,marion
AR,Miller,4.155,5091,Miller County,100,exact,miller
AR,Mississippi,4.034,5093,Mississippi County,100,exact,mississippi
AR,Monroe,3.972,5095,Monroe County,100,exact,monroe
AR,Montgomery,4.081,5097,Montgomery County,100,exact,montgomery
AR,Nevada,4.04,5099,Nevada County,100,exact,nevada
AR,Newton,4.111,5101,Newton County,100,exact,newton
AR,Ouachita,4.138,5103,Ouachita County,100,exact,ouachita
AR,Perry,4.062,5105,Perry County,100,exact,perry
AR,Phillips,4.099,5107,Phillips County,100,exact,phillips
AR,Pike,4.148,5109,Pike County,100,exact,pike
AR,Poinsett,4.057,5111,Poinsett County,100,exact,poinsett
AR,Polk,3.86,5113,Polk County,100,exact,polk
AR,Pope,4.025,5115,Pope County,100,exact,pope
AR,Prairie,4.002,5117,Prairie County,100,exact,prairie
AR,Pulaski,4.028,5119,Pulaski County,100,exact,pulaski
AR,Randolph,4.008,5121,Randolph County,100,exact,randolph
AR,Saline,4.009,5125,Saline County,100,exact,saline
AR,Scott,4.041,5127,Scott County,100,exact,scott
AR,Searcy,4.014,5129,Searcy County,100,exact,searcy
AR,Sebastian,4.006,5131,Sebastian County,100,exact,sebastian
AR,Sevier,4.119,5133,Sevier County,100,exact,sevier
AR,Sharp,3.977,5135,Sharp County,100,exact,sharp
AR,Saint Francis,4.042,5123,St. Francis County,87,fuzzy,saint francis
AR,Stone,4.079,5137,Stone County,100,exact,stone
AR,Union,4.081,5139,Union County,100,exact,union
AR,Van Buren,3.955,5141,Van Buren County,100,exact,van buren
AR,Washington,4.043,5143,Washington County,100,exact,washington
AR,White,3.959,5145,White County,100,exact,white
AR,Woodruff,4.074,5147,Woodruff County,100,exact,woodruff
AR,Yell,4.03,5149,Yell County,100,exact,yell
AZ,Apache,4.528,4001,Apache County,100,exact,apache
AZ,Cochise,4.7,4003,Cochise County,100,exact,cochise
AZ,Coconino,4.852,4005,Coconino County,100,exact,coconino
AZ,Gila,4.706,4007,Gila County,100,exact,gila
AZ,Graham,4.643,4009,Graham County,100,exact,graham
AZ,Greenlee,4.529,4011,Greenlee County,100,exact,greenlee
AZ,La Paz,4.822,4012,La Paz County,100,exact,la paz
AZ,Maricopa,4.899,4013,Maricopa County,100,exact,maricopa
AZ,Mohave,4.839,4015,Mohave County,100,exact,mohave
AZ,Navajo,4.653,4017,Navajo County,100,exact,navajo
AZ,Pima,4.722,4019,Pima County,100,exact,pima
AZ,Pinal,4.714,4021,Pinal County,100,exact,pinal
AZ,Santa Cruz,4.796,4023,Santa Cruz County,100,exact,santa cruz
AZ,Yavapai,4.792,4025,Yavapai County,100,exact,yavapai
AZ,Yuma,4.835,4027,Yuma County,100,exact,yuma
CA,Alameda,6.201,6001,Alameda County,100,exact,alameda
CA,Amador,6.176,6005,Amador County,100,exact,amador
CA,Butte,5.909,6007,Butte County,100,exact,butte
CA,Calaveras,6.022,6009,Calaveras County,100,exact,calaveras
CA,Colusa,6.093,6011,Colusa County,100,exact,colusa
CA,Contra Costa,6.222,6013,Contra Costa County,100,exact,contra costa
CA,Del Norte,6.151,6015,Del Norte County,100,exact,del norte
CA,El Dorado,6.158,6017,El Dorado County,100,exact,el dorado
CA,Fresno,6.08,6019,Fresno County,100,exact,fresno
CA,Glenn,6.048,6021,Glenn County,100,exact,glenn
CA,Humboldt,6.629,6023,Humboldt County,100,exact,humboldt
CA,Imperial,5.826,6025,Imperial County,100,exact,imperial
CA,Inyo,6.403,6027,Inyo County,100,exact,inyo
CA,Kern,6.051,6029,Kern County,100,exact,kern
CA,Kings,5.992,6031,Kings County,100,exact,kings
CA,Lake,6.177,6033,Lake County,100,exact,lake
CA,Lassen,5.992,6035,Lassen County,100,exact,lassen
CA,Los Angeles,6.23,6037,Los Angeles County,100,exact,los angeles
CA,Madera,6.141,6039,Madera County,100,exact,madera
CA,Marin,6.297,6041,Marin County,100,exact,marin
CA,Mariposa,6.26,6043,Mariposa County,100,exact,mariposa
CA,Mendocino,6.115,6045,Mendocino County,100,exact,mendocino
CA,Merced,6.05,6047,Merced County,100,exact,merced
CA,Modoc,6.013,6049,Modoc County,100,exact,modoc
CA,Mono,7.042,6051,Mono County,100,exact,mono
CA,Monterey,6.295,6053,Monterey County,100,exact,monterey
CA,Napa,6.383,6055,Napa County,100,exact,napa
CA,Nevada,6.354,6057,Nevada County,100,exact,nevada
CA,Orange,6.193,6059,Orange County,100,exact,orange
CA,Placer,6.162,6061,Placer County,100,exact,placer
CA,Plumas,6.175,6063,Plumas County,100,exact,plumas
CA,Riverside,6.074,6065,Riverside County,100,exact,riverside
CA,Sacramento,6.075,6067,Sacramento County,100,exact,sacramento
CA,San Benito,6.321,6069,San Benito County,100,exact,san benito
CA,San Bernardino,6.122,6071,San Bernardino County,100,exact,san bernardino
CA,San Diego,6.184,6073,San Diego County,100,exact,san diego
CA,San Francisco,6.357,6075,San Francisco County,100,exact,san francisco
CA,San Joaquin,5.995,6077,San Joaquin County,100,exact,san joaquin
CA,San Luis Obispo,6.288,6079,San Luis Obispo County,100,exact,san luis obispo
CA,San Mateo,6.299,6081,San Mateo County,100,exact,san mateo
CA,Santa Barbara,6.102,6083,Santa Barbara County,100,exact,santa barbara
CA,Santa Clara,6.131,6085,Santa Clara County,100,exact,santa clara
CA,Santa Cruz,6.259,6087,Santa Cruz County,100,exact,santa cruz
CA,Shasta,5.93,6089,Shasta County,100,exact,shasta
CA,Sierra,6.274,6091,Sierra County,100,exact,sierra
CA,Siskiyou,6.094,6093,Siskiyou County,100,exact,siskiyou
CA,Solano,6.098,6095,Solano County,100,exact,solano
CA,Sonoma,6.282,6097,Sonoma County,100,exact,sonoma
CA,Stanislaus,5.991,6099,Stanislaus County,100,exact,stanislaus
CA,Sutter,5.827,6101,Sutter County,100,exact,sutter
CA,Tehama,5.818,6103,Tehama County,100,exact,tehama
CA,Trinity,6.145,6105,Trinity County,100,exact,trinity
CA,Tulare,6.037,6107,Tulare County,100,exact,tulare
CA,Tuolumne,5.938,6109,Tuolumne County,100,exact,tuolumne
CA,Ventura,6.132,6111,Ventura County,100,exact,ventura
CA,Yolo,6.021,6113,Yolo County,100,exact,yolo
CA,Yuba,5.87,6115,Yuba County,100,exact,yuba
CO,Adams,4.564,8001,Adams County,100,exact,adams
CO,Alamosa,4.371,8003,Alamosa County,100,exact,alamosa
CO,Arapahoe,4.603,8005,Arapahoe County,100,exact,arapahoe
CO,Archuleta,4.476,8007,Archuleta County,100,exact,archuleta
CO,Baca,4.226,8009,Baca County,100,exact,baca
CO,Bent,4.332,8011,Bent County,100,exact,bent
CO,Boulder,4.542,8013,Boulder County,100,exact,boulder
CO,Broomfield,4.452,8014,Broomfield County,100,exact,broomfield
CO,Chaffee,4.588,8015,Chaffee County,100,exact,chaffee
CO,Cheyenne,4.172,8017,Cheyenne County,100,exact,cheyenne
CO,Clear Creek,4.571,8019,Clear Creek County,100,exact,clear creek
CO,Conejos,4.506,8021,Conejos County,100,exact,conejos
CO,Costilla,4.574,8023,Costilla County,100,exact,costilla
CO,Crowley,4.429,8025,Crowley County,100,exact,crowley
CO,Custer,4.432,8027,Custer County,100,exact,custer
CO,Delta,4.599,8029,Delta County,100,exact,delta
CO,Denver,4.596,8031,Denver County,100,exact,denver
CO,Dolores,4.564,8033,Dolores County,100,exact,dolores
CO,Douglas,4.661,8035,Douglas County,100,exact,douglas
CO,Eagle,4.817,8037,Eagle County,100,exact,eagle
CO,El Paso,4.58,8041,El Paso County,100,exact,el paso
CO,Elbert,4.507,8039,Elbert County,100,exact,elbert
CO,Fremont,4.362,8043,Fremont County,100,exact,fremont
CO,Garfield,4.751,8045,Garfield County,100,exact,garfield
CO,Gilpin,4.699,8047,Gilpin County,100,exact,gilpin
CO,Grand,4.651,8049,Grand County,100,exact,grand
CO,Gunnison,4.613,8051,Gunnison County,100,exact,gunnison
CO,Hinsdale,4.399,8053,Hinsdale County,100,exact,hinsdale
CO,Huerfano,4.457,8055,Huerfano County,100,exact,huerfano
CO,Jackson,4.899,8057,Jackson County,100,exact,jackson
CO,Jefferson,4.491,8059,Jefferson County,100,exact,jefferson
CO,Kiowa,4.009,8061,Kiowa County,100,exact,kiowa
CO,Kit Carson,4.141,8063,Kit Carson County,100,exact,kit carson
CO,La Plata,4.492,8067,La Plata County,100,exact,la plata
CO,Lake,4.624,8065,Lake County,100,exact,lake
CO,Larimer,4.567,8069,Larimer County,100,exact,larimer
CO,Las Animas,4.511,8071,Las Animas County,100,exact,las animas
CO,Lincoln,4.214,8073,Lincoln County,100,exact,lincoln
CO,Logan,4.357,8075,Logan County,100,exact,logan
CO,Mesa,4.582,8077,Mesa County,100,exact,mesa
CO,Mineral,4.849,8079,Mineral County,100,exact,mineral
CO,Moffat,4.649,8081,Moffat County,100,exact,moffat
CO,Montezuma,4.499,8083,Montezuma County,100,exact,montezuma
CO,Montrose,4.591,8085,Montrose County,100,exact,montrose
CO,Morgan,4.585,8087,Morgan County,100,exact,morgan
CO,Otero,4.312,8089,Otero County,100,exact,otero
CO,Ouray,4.866,8091,Ouray County,100,exact,ouray
CO,Park,4.641,8093,Park County,100,exact,park
CO,Phillips,4.619,8095,Phillips County,100,exact,phillips
CO,Pitkin,5.799,8097,Pitkin County,100,exact,pitkin
CO,Prowers,4.075,8099,Prowers County,100,exact,prowers
CO,Pueblo,4.407,8101,Pueblo County,100,exact,pueblo
CO,Rio Blanco,4.661,8103,Rio Blanco County,100,exact,rio blanco
CO,Rio Grande,4.383,8105,Rio Grande County,100,exact,rio grande
CO,Routt,4.718,8107,Routt County,100,exact,routt
CO,Saguache,4.599,8109,Saguache County,100,exact,saguache
CO,San Juan,4.599,8111,San Juan County,100,exact,san juan
CO,San Miguel,5.166,8113,San Miguel County,100,exact,san miguel
CO,Sedgwick,4.399,8115,Sedgwick County,100,exact,sedgwick
CO,Summit,4.578,8117,Summit County,100,exact,summit
CO,Teller,4.522,8119,Teller County,100,exact,teller
CO,Washington,4.299,8121,Washington County,100,exact,washington
CO,Weld,4.531,8123,Weld County,100,exact,weld
CO,Yuma,4.302,8125,Yuma County,100,exact,yuma
CT,Fairfield,4.674,9001,Fairfield County,100,exact,fairfield
CT,Hartford,4.601,9003,Hartford County,100,exact,hartford
CT,Litchfield,4.618,9005,Litchfield County,100,exact,litchfield
CT,Middlesex,4.6,9007,Middlesex County,100,exact,middlesex
CT,New Haven,4.594,9009,New Haven County,100,exact,new haven
CT,New London,4.599,9011,New London County,100,exact,new london
CT,Tolland,4.63,9013,Tolland County,100,exact,tolland
CT,Windham,4.642,9015,Windham County,100,exact,windham
DE,Kent,4.361,10001,Kent County,100,exact,kent
DE,New castle,4.302,10003,New Castle County,100,exact,new castle
DE,Sussex,4.365,10005,Sussex County,100,exact,sussex
FL,Alachua,4.434,12001,Alachua County,100,exact,alachua
FL,Baker,4.345,12003,Baker County,100,exact,baker
FL,Bay,4.102,12005,Bay County,100,exact,bay
FL,Bradford,4.315,12007,Bradford County,100,exact,bradford
FL,Brevard,4.265,12009,Brevard County,100,exact,brevard
FL,Broward,4.359,12011,Broward County,100,exact,broward
FL,Calhoun,4.388,12013,Calhoun County,100,exact,calhoun
FL,Charlotte,4.249,12015,Charlotte County,100,exact,charlotte
FL,Citrus,4.347,12017,Citrus County,100,exact,citrus
FL,Clay,4.303,12019,Clay County,100,exact,clay
FL,Collier,4.396,12021,Collier County,100,exact,collier
FL,Columbia,4.202,12023,Columbia County,100,exact,columbia
FL,De Soto,4.288,12027,DeSoto County,92,fuzzy,de soto
FL,Dixie,4.446,12029,Dixie County,100,exact,dixie
FL,Duval,4.302,12031,Duval County,100,exact,duval
FL,Escambia,4.053,12033,Escambia County,100,exact,escambia
FL,Flagler,4.408,12035,Flagler County,100,exact,flagler
FL,Franklin,4.391,12037,Franklin County,100,exact,franklin
FL,Gadsden,4.35,12039,Gadsden County,100,exact,gadsden
FL,Gilchrist,4.373,12041,Gilchrist County,100,exact,gilchrist
FL,Glades,4.509,12043,Glades County,100,exact,glades
FL,Gulf,4.176,12045,Gulf County,100,exact,gulf
FL,Hamilton,4.243,12047,Hamilton County,100,exact,hamilton
FL,Hardee,4.334,12049,Hardee County,100,exact,hardee
FL,Hendry,4.455,12051,Hendry County,100,exact,hendry
FL,Hernando,4.3,12053,Hernando County,100,exact,hernando
FL,Highlands,4.3,12055,Highlands County,100,exact,highlands
FL,Hillsborough,4.336,12057,Hillsborough County,100,exact,hillsborough
FL,Holmes,4.189,12059,Holmes County,100,exact,holmes
FL,Indian River,4.385,12061,Indian River County,100,exact,indian river
FL,Jackson,4.224,12063,Jackson County,100,exact,jackson
FL,Jefferson,4.377,12065,Jefferson County,100,exact,jefferson
FL,Lafayette,4.529,12067,Lafayette County,100,exact,lafayette
FL,Lake,4.261,12069,Lake County,100,exact,lake
FL,Lee,4.276,12071,Lee County,100,exact,lee
FL,Leon,4.317,12073,Leon County,100,exact,leon
FL,Levy,4.487,12075,Levy County,100,exact,levy
FL,Liberty,4.413,12077,Liberty County,100,exact,liberty
FL,Madison,4.43,12079,Madison County,100,exact,madison
FL,Manatee,4.254,12081,Manatee County,100,exact,manatee
FL,Marion,4.273,12083,Marion County,100,exact,marion
FL,Martin,4.216,12085,Martin County,100,exact,martin
FL,Miami Dade,4.371,12086,Miami-Dade County,100,fuzzy,miami dade
FL,Monroe,4.594,12087,Monroe County,100,exact,monroe
FL,Nassau,4.35,12089,Nassau County,100,exact,nassau
FL,Okaloosa,4.095,12091,Okaloosa County,100,exact,okaloosa
FL,Okeechobee,4.381,12093,Okeechobee County,100,exact,okeechobee
FL,Orange,4.298,12095,Orange County,100,exact,orange
FL,Osceola,4.311,12097,Osceola County,100,exact,osceola
FL,Palm Beach,4.481,12099,Palm Beach County,100,exact,palm beach
FL,Pasco,4.309,12101,Pasco County,100,exact,pasco
FL,Pinellas,4.321,12103,Pinellas County,100,exact,pinellas
FL,Polk,4.35,12105,Polk County,100,exact,polk
FL,Putnam,4.292,12107,Putnam County,100,exact,putnam
FL,Santa Rosa,4.092,12113,Santa Rosa County,100,exact,santa rosa
FL,Sarasota,4.286,12115,Sarasota County,100,exact,sarasota
FL,Seminole,4.289,12117,Seminole County,100,exact,seminole
FL,Saint Johns,4.263,12109,St. Johns County,84,fuzzy,saint johns
FL,Saint Lucie,4.376,12111,St. Lucie County,84,fuzzy,saint lucie
FL,Sumter,4.179,12119,Sumter County,100,exact,sumter
FL,Suwannee,4.47,12121,Suwannee County,100,exact,suwannee
FL,Taylor,4.421,12123,Taylor County,100,exact,taylor
FL,Union,4.405,12125,Union County,100,exact,union
FL,Volusia,4.353,12127,Volusia County,100,exact,volusia
FL,Wakulla,4.404,12129,Wakulla County,100,exact,wakulla
FL,Walton,4.149,12131,Walton County,100,exact,walton
FL,Washington,4.212,12133,Washington County,100,exact,washington
GA,Appling,3.943,13001,Appling County,100,exact,appling
GA,Atkinson,4.061,13003,Atkinson County,100,exact,atkinson
GA,Bacon,3.916,13005,Bacon County,100,exact,bacon
GA,Bibb,4.025,13021,Bibb County,100,exact,bibb
GA,Bulloch,3.981,13031,Bulloch County,100,exact,bulloch
GA,Baldwin,3.816,13009,Baldwin County,100,exact,baldwin
GA,Brantley,3.961,13025,Brantley County,100,exact,brantley
GA,Ben Hill,3.914,13017,Ben Hill County,100,exact,ben hill
GA,Berrien,4.037,13019,Berrien County,100,exact,berrien
GA,Baker,4.099,13007,Baker County,100,exact,baker
GA,Bleckley,4.002,13023,Bleckley County,100,exact,bleckley
GA,Banks,4.053,13011,Banks County,100,exact,banks
GA,Brooks,4.024,13027,Brooks County,100,exact,brooks
GA,Bryan,4.027,13029,Bryan County,100,exact,bryan
GA,Butts,3.971,13035,Butts County,100,exact,butts
GA,Bartow,4.007,13015,Bartow County,100,exact,bartow
GA,Burke,3.961,13033,Burke County,100,exact,burke
GA,Barrow,4.018,13013,Barrow County,100,exact,barrow
GA,Chatham,4.033,13051,Chatham County,100,exact,chatham
GA,Cobb,4.03,13067,Cobb County,100,exact,cobb
GA,Chattahoochee,4.132,13053,Chattahoochee County,100,exact,chattahoochee
GA,Crawford,4.114,13079,Crawford County,100,exact,crawford
GA,Cherokee,4.029,13057,Cherokee County,100,exact,cherokee
GA,Coffee,3.964,13069,Coffee County,100,exact,coffee
GA,Chattooga,3.822,13055,Chattooga County,100,exact,chattooga
GA,Charlton,4.058,13049,Charlton County,100,exact,charlton
GA,Clinch,4.124,13065,Clinch County,100,exact,clinch
GA,Clarke,4.049,13059,Clarke County,100,exact,clarke
GA,Calhoun,3.932,13037,Calhoun County,100,exact,calhoun
GA,Camden,3.939,13039,Camden County,100,exact,camden
GA,Candler,4.056,13043,Candler County,100,exact,candler
GA,Cook,3.949,13075,Cook County,100,exact,cook
GA,Crisp,3.853,13081,Crisp County,100,exact,crisp
GA,Colquitt,4.057,13071,Colquitt County,100,exact,colquitt
GA,Carroll,4.004,13045,Carroll County,100,exact,carroll
GA,Catoosa,3.851,13047,Catoosa County,100,exact,catoosa
GA,Clayton,4.034,13063,Clayton County,100,exact,clayton
GA,Columbia,3.745,13073,Columbia County,100,exact,columbia
GA,Coweta,4.092,13077,Coweta County,100,exact,coweta
GA,Clay,3.999,13061,Clay County,100,exact,clay
GA,Dade,3.749,13083,Dade County,100,exact,dade
GA,Decatur,3.894,13087,Decatur County,100,exact,decatur
GA,Douglas,4.038,13097,Douglas County,100,exact,douglas
GA,DeKalb,4.071,13089,DeKalb County,100,exact,dekalb
GA,Dooly,3.955,13093,Dooly County,100,exact,dooly
GA,Dodge,3.98,13091,Dodge County,100,exact,dodge
GA,Dougherty,3.778,13095,Dougherty County,100,exact,dougherty
GA,Dawson,4.028,13085,Dawson County,100,exact,dawson
GA,Early,4.069,13099,Early County,100,exact,early
GA,Echols,4.099,13101,Echols County,100,exact,echols
GA,Effingham,3.98,13103,Effingham County,100,exact,effingham
GA,Elbert,3.946,13105,Elbert County,100,exact,elbert
GA,Emanuel,4.065,13107,Emanuel County,100,exact,emanuel
GA,Evans,3.999,13109,Evans County,100,exact,evans
GA,Fannin,4.12,13111,Fannin County,100,exact,fannin
GA,Floyd,3.932,13115,Floyd County,100,exact,floyd
GA,Forsyth,4.055,13117,Forsyth County,100,exact,forsyth
GA,Franklin,4.08,13119,Franklin County,100,exact,franklin
GA,Fulton,4.188,13121,Fulton County,100,exact,fulton
GA,Fayette,4.101,13113,Fayette County,100,exact,fayette
GA,Greene,4.188,13133,Greene County,100,exact,greene
GA,Gilmer,4.034,13123,Gilmer County,100,exact,gilmer
GA,Glascock,3.999,13125,Glascock County,100,exact,glascock
GA,Gordon,3.995,13129,Gordon County,100,exact,gordon
GA,Grady,4.027,13131,Grady County,100,exact,grady
GA,Gwinnett,4.017,13135,Gwinnett County,100,exact,gwinnett
GA,Glynn,3.786,13127,Glynn County,100,exact,glynn
GA,Habersham,3.993,13137,Habersham County,100,exact,habersham
GA,Heard,4.119,13149,Heard County,100,exact,heard
GA,Harris,4.039,13145,Harris County,100,exact,harris
GA,Hall,4.029,13139,Hall County,100,exact,hall
GA,Hancock,4.162,13141,Hancock County,100,exact,hancock
GA,Houston,3.921,13153,Houston County,100,exact,houston
GA,Haralson,3.971,13143,Haralson County,100,exact,haralson
GA,Hart,3.922,13147,Hart County,100,exact,hart
GA,Henry,4.031,13151,Henry County,100,exact,henry
GA,Irwin,3.949,13155,Irwin County,100,exact,irwin
GA,Jackson,4.019,13157,Jackson County,100,exact,jackson
GA,Jeff Davis,3.835,13161,Jeff Davis County,100,exact,jeff davis
GA,Jefferson,3.988,13163,Jefferson County,100,exact,jefferson
GA,Jenkins,4.021,13165,Jenkins County,100,exact,jenkins
GA,Jones,3.999,13169,Jones County,100,exact,jones
GA,Johnson,3.999,13167,Johnson County,100,exact,johnson
GA,Jasper,4.036,13159,Jasper County,100,exact,jasper
GA,Lamar,4.021,13171,Lamar County,100,exact,lamar
GA,Lincoln,3.949,13181,Lincoln County,100,exact,lincoln
GA,Lee,3.798,13177,Lee County,100,exact,lee
GA,Liberty,3.892,13179,Liberty County,100,exact,liberty
GA,Lanier,3.999,13173,Lanier County,100,exact,lanier
GA,Long,3.835,13183,Long County,100,exact,long
GA,Lumpkin,4.063,13187,Lumpkin County,100,exact,lumpkin
GA,Laurens,3.93,13175,Laurens County,100,exact,laurens
GA,Lowndes,3.921,13185,Lowndes County,100,exact,lowndes
GA,Macon,4.066,13193,Macon County,100,exact,macon
GA,Mcduffie,3.876,13189,McDuffie County,100,exact,mcduffie
GA,Madison,3.954,13195,Madison County,100,exact,madison
GA,Meriwether,3.976,13199,Meriwether County,100,exact,meriwether
GA,Montgomery,3.973,13209,Montgomery County,100,exact,montgomery
GA,Mcintosh,3.928,13191,McIntosh County,100,exact,mcintosh
GA,Miller,3.957,13201,Miller County,100,exact,miller
GA,Morgan,4.052,13211,Morgan County,100,exact,morgan
GA,Monroe,4.084,13207,Monroe County,100,exact,monroe
GA,Marion,4.066,13197,Marion County,100,exact,marion
GA,Muscogee,3.811,13215,Muscogee County,100,exact,muscogee
GA,Mitchell,3.968,13205,Mitchell County,100,exact,mitchell
GA,Murray,3.933,13213,Murray County,100,exact,murray
GA,Newton,4.068,13217,Newton County,100,exact,newton
GA,Oconee,4.079,13219,Oconee County,100,exact,oconee
GA,Oglethorpe,4.157,13221,Oglethorpe County,100,exact,oglethorpe
GA,Peach,3.998,13225,Peach County,100,exact,peach
GA,Pickens,4.048,13227,Pickens County,100,exact,pickens
GA,Paulding,4.03,13223,Paulding County,100,exact,paulding
GA,Pierce,3.787,13229,Pierce County,100,exact,pierce
GA,Pike,4.044,13231,Pike County,100,exact,pike
GA,Pulaski,4.096,13235,Pulaski County,100,exact,pulaski
GA,Polk,3.973,13233,Polk County,100,exact,polk
GA,Putnam,4.015,13237,Putnam County,100,exact,putnam
GA,Quitman,3.983,13239,Quitman County,100,exact,quitman
GA,Randolph,3.932,13243,Randolph County,100,exact,randolph
GA,Rabun,4.083,13241,Rabun County,100,exact,rabun
GA,Richmond,3.882,13245,Richmond County,100,exact,richmond
GA,Rockdale,4.057,13247,Rockdale County,100,exact,rockdale
GA,Schley,3.914,13249,Schley County,100,exact,schley
GA,Stephens,4.032,13257,Stephens County,100,exact,stephens
GA,Seminole,3.922,13253,Seminole County,100,exact,seminole
GA,Spalding,4.034,13255,Spalding County,100,exact,spalding
GA,Screven,4.032,13251,Screven County,100,exact,screven
GA,Stewart,4.099,13259,Stewart County,100,exact,stewart
GA,Sumter,3.902,13261,Sumter County,100,exact,sumter
GA,Taliaferro,4.074,13265,Taliaferro County,100,exact,taliaferro
GA,Talbot,4.114,13263,Talbot County,100,exact,talbot
GA,Treutlen,4.023,13283,Treutlen County,100,exact,treutlen
GA,Telfair,3.987,13271,Telfair County,100,exact,telfair
GA,Thomas,4.061,13275,Thomas County,100,exact,thomas
GA,Tift,3.915,13277,Tift County,100,exact,tift
GA,Terrell,3.858,13273,Terrell County,100,exact,terrell
GA,Toombs,3.962,13279,Toombs County,100,exact,toombs
GA,Towns,3.949,13281,Towns County,100,exact,towns
GA,Troup,3.946,13285,Troup County,100,exact,troup
GA,Tattnall,4.085,13267,Tattnall County,100,exact,tattnall
GA,Turner,3.973,13287,Turner County,100,exact,turner
GA,Twiggs,4.139,13289,Twiggs County,100,exact,twiggs
GA,Taylor,4.016,13269,Taylor County,100,exact,taylor
GA,Union,4.048,13291,Union County,100,exact,union
GA,Upson,3.967,13293,Upson County,100,exact,upson
GA,Ware,3.635,13299,Ware County,100,exact,ware
GA,Wilcox,3.992,13315,Wilcox County,100,exact,wilcox
GA,Wheeler,3.991,13309,Wheeler County,100,exact,wheeler
GA,Washington,3.865,13303,Washington County,100,exact,washington
GA,Whitfield,3.952,13313,Whitfield County,100,exact,whitfield
GA,Wilkinson,3.966,13319,Wilkinson County,100,exact,wilkinson
GA,Walker,3.947,13295,Walker County,100,exact,walker
GA,Wilkes,4.081,13317,Wilkes County,100,exact,wilkes
GA,Walton,4.049,13297,Walton County,100,exact,walton
GA,Worth,3.9,13321,Worth County,100,exact,worth
GA,Warren,4.149,13301,Warren County,100,exact,warren
GA,Webster,4.079,13307,Webster County,100,exact,webster
GA,White,4.056,13311,White County,100,exact,white
GA,Wayne,3.83,13305,Wayne County,100,exact,wayne
HI,Hawaii,5.696,15001,Hawaii County,100,exact,hawaii
HI,Honolulu,5.627,15003,Honolulu County,100,exact,honolulu
HI,Kauai,5.938,15007,Kauai County,100,exact,kauai
HI,Maui,5.703,15009,Maui County,100,exact,maui
IA,Adair,4.269,19001,Adair County,100,exact,adair
IA,Adams,4.082,19003,Adams County,100,exact,adams
IA,Allamakee,4.293,19005,Allamakee County,100,exact,allamakee
IA,Appanoose,4.283,19007,Appanoose County,100,exact,appanoose
IA,Audubon,4.286,19009,Audubon County,100,exact,audubon
IA,Benton,4.208,19011,Benton County,100,exact,benton
IA,Black Hawk,4.14,19013,Black Hawk County,100,exact,black hawk
IA,Boone,4.204,19015,Boone County,100,exact,boone
IA,Bremer,4.287,19017,Bremer County,100,exact,bremer
IA,Buchanan,4.266,19019,Buchanan County,100,exact,buchanan
IA,Buena Vista,4.114,19021,Buena Vista County,100,exact,buena vista
IA,Butler,4.279,19023,Butler County,100,exact,butler
IA,Calhoun,4.136,19025,Calhoun County,100,exact,calhoun
IA,Carroll,4.208,19027,Carroll County,100,exact,carroll
IA,Cass,4.209,19029,Cass County,100,exact,cass
IA,Cedar,4.229,19031,Cedar County,100,exact,cedar
IA,Cerro Gordo,4.094,19033,Cerro Gordo County,100,exact,cerro gordo
IA,Cherokee,4.261,19035,Cherokee County,100,exact,cherokee
IA,Chickasaw,4.391,19037,Chickasaw County,100,exact,chickasaw
IA,Clarke,4.374,19039,Clarke County,100,exact,clarke
IA,Clay,4.036,19041,Clay County,100,exact,clay
IA,Clayton,4.295,19043,Clayton County,100,exact,clayton
IA,Clinton,4.138,19045,Clinton County,100,exact,clinton
IA,Crawford,4.314,19047,Crawford County,100,exact,crawford
IA,Dallas,4.185,19049,Dallas County,100,exact,dallas
IA,Davis,4.406,19051,Davis County,100,exact,davis
IA,Decatur,4.289,19053,Decatur County,100,exact,decatur
IA,Delaware,4.268,19055,Delaware County,100,exact,delaware
IA,Des Moines,4.122,19057,Des Moines County,100,exact,des moines
IA,Dickinson,4.244,19059,Dickinson County,100,exact,dickinson
IA,Dubuque,4.201,19061,Dubuque County,100,exact,dubuque
IA,Emmet,4.299,19063,Emmet County,100,exact,emmet
IA,Fayette,4.292,19065,Fayette County,100,exact,fayette
IA,Floyd,4.124,19067,Floyd County,100,exact,floyd
IA,Franklin,4.229,19069,Franklin County,100,exact,franklin
IA,Fremont,4.049,19071,Fremont County,100,exact,fremont
IA,Greene,4.085,19073,Greene County,100,exact,greene
IA,Grundy,4.208,19075,Grundy County,100,exact,grundy
IA,Guthrie,4.145,19077,Guthrie County,100,exact,guthrie
IA,Hamilton,4.227,19079,Hamilton County,100,exact,hamilton
IA,Hancock,4.186,19081,Hancock County,100,exact,hancock
IA,Hardin,4.25,19083,Hardin County,100,exact,hardin
IA,Harrison,4.292,19085,Harrison County,100,exact,harrison
IA,Henry,3.987,19087,Henry County,100,exact,henry
IA,Howard,4.229,19089,Howard County,100,exact,howard
IA,Humboldt,4.206,19091,Humboldt County,100,exact,humboldt
IA,Ida,4.252,19093,Ida County,100,exact,ida
IA,Iowa,4.214,19095,Iowa County,100,exact,iowa
IA,Jackson,4.305,19097,Jackson County,100,exact,jackson
IA,Jasper,4.165,19099,Jasper County,100,exact,jasper
IA,Jefferson,4.321,19101,Jefferson County,100,exact,jefferson
IA,Johnson,4.204,19103,Johnson County,100,exact,johnson
IA,Jones,4.134,19105,Jones County,100,exact,jones
IA,Keokuk,4.114,19107,Keokuk County,100,exact,keokuk
IA,Kossuth,4.203,19109,Kossuth County,100,exact,kossuth
IA,Lee,4.073,19111,Lee County,100,exact,lee
IA,Linn,4.164,19113,Linn County,100,exact,linn
IA,Louisa,4.149,19115,Louisa County,100,exact,louisa
IA,Lucas,4.249,19117,Lucas County,100,exact,lucas
IA,Lyon,4.257,19119,Lyon County,100,exact,lyon
IA,Madison,4.256,19121,Madison County,100,exact,madison
IA,Mahaska,4.066,19123,Mahaska County,100,exact,mahaska
IA,Marion,4.175,19125,Marion County,100,exact,marion
IA,Marshall,4.254,19127,Marshall County,100,exact,marshall
IA,Mills,4.197,19129,Mills County,100,exact,mills
IA,Mitchell,4.299,19131,Mitchell County,100,exact,mitchell
IA,Monona,4.035,19133,Monona County,100,exact,monona
IA,Monroe,4.157,19135,Monroe County,100,exact,monroe
IA,Montgomery,4.049,19137,Montgomery County,100,exact,montgomery
IA,Muscatine,4.127,19139,Muscatine County,100,exact,muscatine
IA,Osceola,4.199,19143,Osceola County,100,exact,osceola
IA,Page,4.096,19145,Page County,100,exact,page
IA,Palo Alto,4.219,19147,Palo Alto County,100,exact,palo alto
IA,Plymouth,4.341,19149,Plymouth County,100,exact,plymouth
IA,Pocahontas,4.269,19151,Pocahontas County,100,exact,pocahontas
IA,Polk,4.218,19153,Polk County,100,exact,polk
IA,Pottawattamie,4.173,19155,Pottawattamie County,100,exact,pottawattamie
IA,Poweshiek,4.245,19157,Poweshiek County,100,exact,poweshiek
IA,Ringgold,4.149,19159,Ringgold County,100,exact,ringgold
IA,Sac,4.105,19161,Sac County,100,exact,sac
IA,Scott,4.125,19163,Scott County,100,exact,scott
IA,Shelby,4.299,19165,Shelby County,100,exact,shelby
IA,Sioux,4.107,19167,Sioux County,100,exact,sioux
IA,Story,4.276,19169,Story County,100,exact,story
IA,Tama,4.252,19171,Tama County,100,exact,tama
IA,Taylor,4.162,19173,Taylor County,100,exact,taylor
IA,Union,4.12,19175,Union County,100,exact,union
IA,Van Buren,4.186,19177,Van Buren County,100,exact,van buren
IA,Wapello,4.192,19179,Wapello County,100,exact,wapello
IA,Warren,4.216,19181,Warren County,100,exact,warren
IA,Washington,4.08,19183,Washington County,100,exact,washington
IA,Wayne,4.291,19185,Wayne County,100,exact,wayne
IA,Webster,4.097,19187,Webster County,100,exact,webster
IA,Winnebago,4.206,19189,Winnebago County,100,exact,winnebago
IA,Winneshiek,4.411,19191,Winneshiek County,100,exact,winneshiek
IA,Woodbury,4.095,19193,Woodbury County,100,exact,woodbury
IA,Worth,4.171,19195,Worth County,100,exact,worth
IA,Wright,4.214,19197,Wright County,100,exact,wright
ID,Ada,4.59,16001,Ada County,100,exact,ada
ID,Adams,4.644,16003,Adams County,100,exact,adams
ID,Bannock,4.594,16005,Bannock County,100,exact,bannock
ID,Bear Lake,4.686,16007,Bear Lake County,100,exact,bear lake
ID,Benewah,4.755,16009,Benewah County,100,exact,benewah
ID,Bingham,4.583,16011,Bingham County,100,exact,bingham
ID,Blaine,4.862,16013,Blaine County,100,exact,blaine
ID,Boise,5.039,16015,Boise County,100,exact,boise
ID,Bonner,4.624,16017,Bonner County,100,exact,bonner
ID,Bonneville,4.557,16019,Bonneville County,100,exact,bonneville
ID,Boundary,4.716,16021,Boundary County,100,exact,boundary
ID,Butte,4.789,16023,Butte County,100,exact,butte
ID,Camas,5.049,16025,Camas County,100,exact,camas
ID,Canyon,4.589,16027,Canyon County,100,exact,canyon
ID,Caribou,4.669,16029,Caribou County,100,exact,caribou
ID,Cassia,4.631,16031,Cassia County,100,exact,cassia
ID,Clark,4.999,16033,Clark County,100,exact,clark
ID,Clearwater,4.699,16035,Clearwater County,100,exact,clearwater
ID,Custer,4.776,16037,Custer County,100,exact,custer
ID,Elmore,4.614,16039,Elmore County,100,exact,elmore
ID,Franklin,4.556,16041,Franklin County,100,exact,franklin
ID,Fremont,4.84,16043,Fremont County,100,exact,fremont
ID,Gem,4.576,16045,Gem County,100,exact,gem
ID,Gooding,4.562,16047,Gooding County,100,exact,gooding
ID,Idaho,4.693,16049,Idaho County,100,exact,idaho
ID,Jefferson,4.597,16051,Jefferson County,100,exact,jefferson
ID,Jerome,4.586,16053,Jerome County,100,exact,jerome
ID,Kootenai,4.606,16055,Kootenai County,100,exact,kootenai
ID,Latah,4.771,16057,Latah County,100,exact,latah
ID,Lemhi,4.671,16059,Lemhi County,100,exact,lemhi
ID,Lewis,4.707,16061,Lewis County,100,exact,lewis
ID,Lincoln,4.476,16063,Lincoln County,100,exact,lincoln
ID,Madison,4.597,16065,Madison County,100,exact,madison
ID,Minidoka,4.582,16067,Minidoka County,100,exact,minidoka
ID,Nez perce,4.535,16069,Nez Perce County,100,exact,nez perce
ID,Oneida,4.599,16071,Oneida County,100,exact,oneida
ID,Owyhee,4.707,16073,Owyhee County,100,exact,owyhee
ID,Payette,4.66,16075,Payette County,100,exact,payette
ID,Power,4.619,16077,Power County,100,exact,power
ID,Shoshone,4.868,16079,Shoshone County,100,exact,shoshone
ID,Teton,4.799,16081,Teton County,100,exact,teton
ID,Twin falls,4.605,16083,Twin Falls County,100,exact,twin falls
ID,Valley,4.758,16085,Valley County,100,exact,valley
ID,Washington,4.581,16087,Washington County,100,exact,washington
IL,Adams,4.749,17001,Adams County,100,exact,adams
IL,Alexander,4.899,17003,Alexander County,100,exact,alexander
IL,Bond,4.925,17005,Bond County,100,exact,bond
IL,Boone,4.947,17007,Boone County,100,exact,boone
IL,Brown,4.599,17009,Brown County,100,exact,brown
IL,Bureau,4.934,17011,Bureau County,100,exact,bureau
IL,Calhoun,4.899,17013,Calhoun County,100,exact,calhoun
IL,Carroll,4.852,17015,Carroll County,100,exact,carroll
IL,Cass,4.883,17017,Cass County,100,exact,cass
IL,Champaign,4.904,17019,Champaign County,100,exact,champaign
IL,Christian,4.889,17021,Christian County,100,exact,christian
IL,Clark,4.874,17023,Clark County,100,exact,clark
IL,Clay,4.967,17025,Clay County,100,exact,clay
IL,Clinton,4.861,17027,Clinton County,100,exact,clinton
IL,Coles,4.854,17029,Coles County,100,exact,coles
IL,Cook,5.246,17031,Cook County,100,exact,cook
IL,Crawford,4.866,17033,Crawford County,100,exact,crawford
IL,Cumberland,4.993,17035,Cumberland County,100,exact,cumberland
IL,Dewitt,4.797,17039,De Witt County,92,fuzzy,dewitt
IL,De Kalb,4.98,17037,DeKalb County,92,fuzzy,de kalb
IL,Douglas,4.886,17041,Douglas County,100,exact,douglas
IL,Du Page,5.12,17043,DuPage County,92,fuzzy,du page
IL,Edgar,4.953,17045,Edgar County,100,exact,edgar
IL,Edwards,4.899,17047,Edwards County,100,exact,edwards
IL,Effingham,4.736,17049,Effingham County,100,exact,effingham
IL,Fayette,4.937,17051,Fayette County,100,exact,fayette
IL,Ford,4.948,17053,Ford County,100,exact,ford
IL,Franklin,4.91,17055,Franklin County,100,exact,franklin
IL,Fulton,4.917,17057,Fulton County,100,exact,fulton
IL,Gallatin,4.849,17059,Gallatin County,100,exact,gallatin
IL,Greene,4.858,17061,Greene County,100,exact,greene
IL,Grundy,4.91,17063,Grundy County,100,exact,grundy
IL,Hamilton,4.924,17065,Hamilton County,100,exact,hamilton
IL,Hancock,5.001,17067,Hancock County,100,exact,hancock
IL,Hardin,4.899,17069,Hardin County,100,exact,hardin
IL,Henderson,4.854,17071,Henderson County,100,exact,henderson
IL,Henry,4.928,17073,Henry County,100,exact,henry
IL,Iroquois,4.857,17075,Iroquois County,100,exact,iroquois
IL,Jackson,5.011,17077,Jackson County,100,exact,jackson
IL,Jasper,4.546,17079,Jasper County,100,exact,jasper
IL,Jefferson,4.837,17081,Jefferson County,100,exact,jefferson
IL,Jersey,4.974,17083,Jersey County,100,exact,jersey
IL,Jo Daviess,4.827,17085,Jo Daviess County,100,exact,jo daviess
IL,Johnson,4.849,17087,Johnson County,100,exact,johnson
IL,Kane,5.051,17089,Kane County,100,exact,kane
IL,Kankakee,4.929,17091,Kankakee County,100,exact,kankakee
IL,Kendall,4.958,17093,Kendall County,100,exact,kendall
IL,Knox,4.859,17095,Knox County,100,exact,knox
IL,La Salle,4.872,17099,LaSalle County,93,fuzzy,la salle
IL,Lake,5.052,17097,Lake County,100,exact,lake
IL,Lawrence,4.967,17101,Lawrence County,100,exact,lawrence
IL,Lee,4.916,17103,Lee County,100,exact,lee
IL,Livingston,4.939,17105,Livingston County,100,exact,livingston
IL,Logan,4.986,17107,Logan County,100,exact,logan
IL,Macon,4.861,17115,Macon County,100,exact,macon
IL,Macoupin,4.861,17117,Macoupin County,100,exact,macoupin
IL,Madison,4.9,17119,Madison County,100,exact,madison
IL,Marion,4.869,17121,Marion County,100,exact,marion
IL,Marshall,4.919,17123,Marshall County,100,exact,marshall
IL,Mason,4.941,17125,Mason County,100,exact,mason
IL,Massac,4.851,17127,Massac County,100,exact,massac
IL,McDonough,4.651,17109,McDonough County,100,exact,mcdonough
IL,McHenry,5.04,17111,McHenry County,100,exact,mchenry
IL,McLean,4.851,17113,McLean County,100,exact,mclean
IL,Menard,4.772,17129,Menard County,100,exact,menard
IL,Mercer,5.019,17131,Mercer County,100,exact,mercer
IL,Monroe,4.798,17133,Monroe County,100,exact,monroe
IL,Montgomery,4.918,17135,Montgomery County,100,exact,montgomery
IL,Morgan,4.828,17137,Morgan County,100,exact,morgan
IL,Moultrie,4.896,17139,Moultrie County,100,exact,moultrie
IL,Ogle,4.886,17141,Ogle County,100,exact,ogle
IL,Peoria,4.967,17143,Peoria County,100,exact,peoria
IL,Perry,4.97,17145,Perry County,100,exact,perry
IL,Piatt,4.888,17147,Piatt County,100,exact,piatt
IL,Pike,4.824,17149,Pike County,100,exact,pike
IL,Pope,4.899,17151,Pope County,100,exact,pope
IL,Pulaski,4.699,17153,Pulaski County,100,exact,pulaski
IL,Putnam,4.959,17155,Putnam County,100,exact,putnam
IL,Randolph,4.949,17157,Randolph County,100,exact,randolph
IL,Richland,4.991,17159,Richland County,100,exact,richland
IL,Rock Island,4.744,17161,Rock Island County,100,exact,rock island
IL,Saline,4.863,17165,Saline County,100,exact,saline
IL,Sangamon,4.894,17167,Sangamon County,100,exact,sangamon
IL,Schuyler,4.689,17169,Schuyler County,100,exact,schuyler
IL,Scott,4.674,17171,Scott County,100,exact,scott
IL,Shelby,4.907,17173,Shelby County,100,exact,shelby
IL,Saint Clair,4.92,17163,St. Clair County,84,fuzzy,saint clair
IL,Stark,4.912,17175,Stark County,100,exact,stark
IL,Stephenson,4.985,17177,Stephenson County,100,exact,stephenson
IL,Tazewell,4.932,17179,Tazewell County,100,exact,tazewell
IL,Union,4.899,17181,Union County,100,exact,union
IL,Vermilion,4.883,17183,Vermilion County,100,exact,vermilion
IL,Wabash,4.737,17185,Wabash County,100,exact,wabash
IL,Warren,4.95,17187,Warren County,100,exact,warren
IL,Washington,4.946,17189,Washington County,100,exact,washington
IL,Wayne,4.912,17191,Wayne County,100,exact,wayne
IL,White,4.905,17193,White County,100,exact,white
IL,Whiteside,4.935,17195,Whiteside County,100,exact,whiteside
IL,Will,5.107,17197,Will County,100,exact,will
IL,Williamson,4.908,17199,Williamson County,100,exact,williamson
IL,Winnebago,4.913,17201,Winnebago County,100,exact,winnebago
IL,Woodford,4.91,17203,Woodford County,100,exact,woodford
IN,Adams,4.476,18001,Adams County,100,exact,adams
IN,Allen,4.25,18003,Allen County,100,exact,allen
IN,Bartholomew,4.28,18005,Bartholomew County,100,exact,bartholomew
IN,Benton,4.567,18007,Benton County,100,exact,benton
IN,Blackford,4.373,18009,Blackford County,100,exact,blackford
IN,Boone,4.304,18011,Boone County,100,exact,boone
IN,Brown,4.457,18013,Brown County,100,exact,brown
IN,Carroll,4.394,18015,Carroll County,100,exact,carroll
IN,Cass,4.518,18017,Cass County,100,exact,cass
IN,Clark,3.967,18019,Clark County,100,exact,clark
IN,Clay,4.276,18021,Clay County,100,exact,clay
IN,Clinton,4.393,18023,Clinton County,100,exact,clinton
IN,Crawford,4.283,18025,Crawford County,100,exact,crawford
IN,Daviess,4.311,18027,Daviess County,100,exact,daviess
IN,De Kalb,4.271,18033,DeKalb County,92,fuzzy,de kalb
IN,Dearborn,4.456,18029,Dearborn County,100,exact,dearborn
IN,Decatur,4.133,18031,Decatur County,100,exact,decatur
IN,Delaware,4.224,18035,Delaware County,100,exact,delaware
IN,Dubois,4.279,18037,Dubois County,100,exact,dubois
IN,Elkhart,4.299,18039,Elkhart County,100,exact,elkhart
IN,Fayette,4.167,18041,Fayette County,100,exact,fayette
IN,Floyd,4.032,18043,Floyd County,100,exact,floyd
IN,Fountain,4.487,18045,Fountain County,100,exact,fountain
IN,Franklin,4.61,18047,Franklin County,100,exact,franklin
IN,Fulton,4.402,18049,Fulton County,100,exact,fulton
IN,Gibson,4.463,18051,Gibson County,100,exact,gibson
IN,Grant,4.264,18053,Grant County,100,exact,grant
IN,Greene,4.427,18055,Greene County,100,exact,greene
IN,Hamilton,4.249,18057,Hamilton County,100,exact,hamilton
IN,Hancock,4.121,18059,Hancock County,100,exact,hancock
IN,Harrison,4.181,18061,Harrison County,100,exact,harrison
IN,Hendricks,4.196,18063,Hendricks County,100,exact,hendricks
IN,Henry,4.333,18065,Henry County,100,exact,henry
IN,Howard,4.205,18067,Howard County,100,exact,howard
IN,Huntington,4.432,18069,Huntington County,100,exact,huntington
IN,Jackson,4.184,18071,Jackson County,100,exact,jackson
IN,Jasper,4.361,18073,Jasper County,100,exact,jasper
IN,Jay,4.279,18075,Jay County,100,exact,jay
IN,Jefferson,4.349,18077,Jefferson County,100,exact,jefferson
IN,Jennings,4.369,18079,Jennings County,100,exact,jennings
IN,Johnson,4.284,18081,Johnson County,100,exact,johnson
IN,Knox,4.463,18083,Knox County,100,exact,knox
IN,Kosciusko,4.324,18085,Kosciusko County,100,exact,kosciusko
IN,La Porte,4.255,18091,LaPorte County,93,fuzzy,la porte
IN,Lagrange,4.341,18087,LaGrange County,100,exact,lagrange
IN,Lake,4.199,18089,Lake County,100,exact,lake
IN,Lawrence,4.265,18093,Lawrence County,100,exact,lawrence
IN,Madison,4.273,18095,Madison County,100,exact,madison
IN,Marion,4.324,18097,Marion County,100,exact,marion
IN,Marshall,4.323,18099,Marshall County,100,exact,marshall
IN,Martin,4.299,18101,Martin County,100,exact,martin
IN,Miami,4.406,18103,Miami County,100,exact,miami
IN,Monroe,4.543,18105,Monroe County,100,exact,monroe
IN,Montgomery,4.352,18107,Montgomery County,100,exact,montgomery
IN,Morgan,4.244,18109,Morgan County,100,exact,morgan
IN,Newton,4.316,18111,Newton County,100,exact,newton
IN,Noble,4.257,18113,Noble County,100,exact,noble
IN,Ohio,4.432,18115,Ohio County,100,exact,ohio
IN,Orange,4.349,18117,Orange County,100,exact,orange
IN,Owen,4.575,18119,Owen County,100,exact,owen
IN,Parke,4.369,18121,Parke County,100,exact,parke
IN,Perry,4.449,18123,Perry County,100,exact,perry
IN,Pike,4.324,18125,Pike County,100,exact,pike
IN,Porter,4.218,18127,Porter County,100,exact,porter
IN,Posey,4.398,18129,Posey County,100,exact,posey
IN,Pulaski,4.518,18131,Pulaski County,100,exact,pulaski
IN,Putnam,4.541,18133,Putnam County,100,exact,putnam
IN,Randolph,4.351,18135,Randolph County,100,exact,randolph
IN,Ripley,4.519,18137,Ripley County,100,exact,ripley
IN,Rush,4.632,18139,Rush County,100,exact,rush
IN,Scott,3.627,18143,Scott County,100,exact,scott
IN,Shelby,4.248,18145,Shelby County,100,exact,shelby
IN,Spencer,4.34,18147,Spencer County,100,exact,spencer
IN,St Joseph,4.27,18141,St. Joseph County,100,fuzzy,st joseph
IN,Starke,4.4,18149,Starke County,100,exact,starke
IN,Steuben,4.178,18151,Steuben County,100,exact,steuben
IN,Sullivan,4.313,18153,Sullivan County,100,exact,sullivan
IN,Switzerland,4.421,18155,Switzerland County,100,exact,switzerland
IN,Tippecanoe,4.174,18157,Tippecanoe County,100,exact,tippecanoe
IN,Tipton,4.306,18159,Tipton County,100,exact,tipton
IN,Union,4.449,18161,Union County,100,exact,union
IN,Vanderburgh,4.238,18163,Vanderburgh County,100,exact,vanderburgh
IN,Vermillion,4.402,18165,Vermillion County,100,exact,vermillion
IN,Vigo,4.123,18167,Vigo County,100,exact,vigo
IN,Wabash,4.545,18169,Wabash County,100,exact,wabash
IN,Warren,4.504,18171,Warren County,100,exact,warren
IN,Warrick,4.388,18173,Warrick County,100,exact,warrick
IN,Washington,4.148,18175,Washington County,100,exact,washington
IN,Wayne,4.187,18177,Wayne County,100,exact,wayne
IN,Wells,4.307,18179,Wells County,100,exact,wells
IN,White,4.57,18181,White County,100,exact,white
IN,Whitley,4.297,18183,Whitley County,100,exact,whitley
KS,Allen,4.199,20001,Allen County,100,exact,allen
KS,Anderson,4.199,20003,Anderson County,100,exact,anderson
KS,Atchison,4.085,20005,Atchison County,100,exact,atchison
KS,Barber,4.127,20007,Barber County,100,exact,barber
KS,Barton,3.99,20009,Barton County,100,exact,barton
KS,Bourbon,4.093,20011,Bourbon County,100,exact,bourbon
KS,Brown,4.063,20013,Brown County,100,exact,brown
KS,Butler,4.028,20015,Butler County,100,exact,butler
KS,Chase,4.026,20017,Chase County,100,exact,chase
KS,Chautauqua,4.166,20019,Chautauqua County,100,exact,chautauqua
KS,Cherokee,3.992,20021,Cherokee County,100,exact,cherokee
KS,Cheyenne,4.242,20023,Cheyenne County,100,exact,cheyenne
KS,Clark,4.129,20025,Clark County,100,exact,clark
KS,Clay,4.179,20027,Clay County,100,exact,clay
KS,Cloud,4.141,20029,Cloud County,100,exact,cloud
KS,Coffey,4.042,20031,Coffey County,100,exact,coffey
KS,Comanche,4.089,20033,Comanche County,100,exact,comanche
KS,Cowley,4.033,20035,Cowley County,100,exact,cowley
KS,Crawford,4.04,20037,Crawford County,100,exact,crawford
KS,Decatur,4.049,20039,Decatur County,100,exact,decatur
KS,Dickinson,3.918,20041,Dickinson County,100,exact,dickinson
KS,Doniphan,3.999,20043,Doniphan County,100,exact,doniphan
KS,Douglas,4.196,20045,Douglas County,100,exact,douglas
KS,Edwards,3.974,20047,Edwards County,100,exact,edwards
KS,Elk,4.199,20049,Elk County,100,exact,elk
KS,Ellis,4.025,20051,Ellis County,100,exact,ellis
KS,Ellsworth,4.063,20053,Ellsworth County,100,exact,ellsworth
KS,Finney,3.898,20055,Finney County,100,exact,finney
KS,Ford,3.919,20057,Ford County,100,exact,ford
KS,Franklin,4.061,20059,Franklin County,100,exact,franklin
KS,Geary,4.022,20061,Geary County,100,exact,geary
KS,Gove,4.172,20063,Gove County,100,exact,gove
KS,Graham,4.174,20065,Graham County,100,exact,graham
KS,Grant,4.116,20067,Grant County,100,exact,grant
KS,Gray,4.042,20069,Gray County,100,exact,gray
KS,Greeley,4.099,20071,Greeley County,100,exact,greeley
KS,Greenwood,4.141,20073,Greenwood County,100,exact,greenwood
KS,Hamilton,4.166,20075,Hamilton County,100,exact,hamilton
KS,Harper,4.099,20077,Harper County,100,exact,harper
KS,Harvey,3.92,20079,Harvey County,100,exact,harvey
KS,Haskell,4.091,20081,Haskell County,100,exact,haskell
KS,Hodgeman,3.999,20083,Hodgeman County,100,exact,hodgeman
KS,Jackson,4.091,20085,Jackson County,100,exact,jackson
KS,Jefferson,4.167,20087,Jefferson County,100,exact,jefferson
KS,Jewell,4.189,20089,Jewell County,100,exact,jewell
KS,Johnson,4.231,20091,Johnson County,100,exact,johnson
KS,Kearny,4.089,20093,Kearny County,100,exact,kearny
KS,Kingman,4.229,20095,Kingman County,100,exact,kingman
KS,Kiowa,4.107,20097,Kiowa County,100,exact,kiowa
KS,Labette,4.199,20099,Labette County,100,exact,labette
KS,Lane,3.919,20101,Lane County,100,exact,lane
KS,Leavenworth,4.19,20103,Leavenworth County,100,exact,leavenworth
KS,Lincoln,4.374,20105,Lincoln County,100,exact,lincoln
KS,Linn,4.105,20107,Linn County,100,exact,linn
KS,Logan,4.053,20109,Logan County,100,exact,logan
KS,Lyon,4.019,20111,Lyon County,100,exact,lyon
KS,Marion,4.014,20115,Marion County,100,exact,marion
KS,Marshall,4.108,20117,Marshall County,100,exact,marshall
KS,Mcpherson,3.86,20113,McPherson County,100,exact,mcpherson
KS,Meade,4.102,20119,Meade County,100,exact,meade
KS,Miami,4.158,20121,Miami County,100,exact,miami
KS,Mitchell,4.101,20123,Mitchell County,100,exact,mitchell
KS,Montgomery,4.166,20125,Montgomery County,100,exact,montgomery
KS,Morris,3.959,20127,Morris County,100,exact,morris
KS,Morton,4.164,20129,Morton County,100,exact,morton
KS,Nemaha,4.068,20131,Nemaha County,100,exact,nemaha
KS,Neosho,4.156,20133,Neosho County,100,exact,neosho
KS,Ness,4.009,20135,Ness County,100,exact,ness
KS,Norton,3.977,20137,Norton County,100,exact,norton
KS,Osage,4.104,20139,Osage County,100,exact,osage
KS,Osborne,4.049,20141,Osborne County,100,exact,osborne
KS,Ottawa,4.199,20143,Ottawa County,100,exact,ottawa
KS,Pawnee,3.769,20145,Pawnee County,100,exact,pawnee
KS,Phillips,3.939,20147,Phillips County,100,exact,phillips
KS,Pottawatomie,4.186,20149,Pottawatomie County,100,exact,pottawatomie
KS,Pratt,3.999,20151,Pratt County,100,exact,pratt
KS,Rawlins,4.199,20153,Rawlins County,100,exact,rawlins
KS,Reno,3.959,20155,Reno County,100,exact,reno
KS,Republic,4.199,20157,Republic County,100,exact,republic
KS,Rice,4.144,20159,Rice County,100,exact,rice
KS,Riley,4.156,20161,Riley County,100,exact,riley
KS,Rooks,3.942,20163,Rooks County,100,exact,rooks
KS,Rush,4.059,20165,Rush County,100,exact,rush
KS,Russell,4.042,20167,Russell County,100,exact,russell
KS,Saline,4.015,20169,Saline County,100,exact,saline
KS,Scott,3.902,20171,Scott County,100,exact,scott
KS,Sedgwick,3.981,20173,Sedgwick County,100,exact,sedgwick
KS,Seward,4.066,20175,Seward County,100,exact,seward
KS,Shawnee,4.026,20177,Shawnee County,100,exact,shawnee
KS,Sheridan,4.019,20179,Sheridan County,100,exact,sheridan
KS,Sherman,3.996,20181,Sherman County,100,exact,sherman
KS,Smith,4.081,20183,Smith County,100,exact,smith
KS,Stafford,3.999,20185,Stafford County,100,exact,stafford
KS,Stanton,4.124,20187,Stanton County,100,exact,stanton
KS,Stevens,4.079,20189,Stevens County,100,exact,stevens
KS,Sumner,4.072,20191,Sumner County,100,exact,sumner
KS,Thomas,3.889,20193,Thomas County,100,exact,thomas
KS,Trego,3.901,20195,Trego County,100,exact,trego
KS,Wabaunsee,4.046,20197,Wabaunsee County,100,exact,wabaunsee
KS,Wallace,4.184,20199,Wallace County,100,exact,wallace
KS,Washington,4.097,20201,Washington County,100,exact,washington
KS,Wichita,3.902,20203,Wichita County,100,exact,wichita
KS,Wilson,4.118,20205,Wilson County,100,exact,wilson
KS,Woodson,4.186,20207,Woodson County,100,exact,woodson
KS,Wyandotte,4.234,20209,Wyandotte County,100,exact,wyandotte
KY,Adair,4.124,21001,Adair County,100,exact,adair
KY,Allen,4.049,21003,Allen County,100,exact,allen
KY,Anderson,4.229,21005,Anderson County,100,exact,anderson
KY,Ballard,4.249,21007,Ballard County,100,exact,ballard
KY,Barren,4.11,21009,Barren County,100,exact,barren
KY,Bath,4.388,21011,Bath County,100,exact,bath
KY,Bell,3.924,21013,Bell County,100,exact,bell
KY,Boone,4.519,21015,Boone County,100,exact,boone
KY,Bourbon,4.037,21017,Bourbon County,100,exact,bourbon
KY,Boyd,4.337,21019,Boyd County,100,exact,boyd
KY,Boyle,4.116,21021,Boyle County,100,exact,boyle
KY,Bracken,4.433,21023,Bracken County,100,exact,bracken
KY,Breathitt,4.381,21025,Breathitt County,100,exact,breathitt
KY,Breckinridge,4.192,21027,Breckinridge County,100,exact,breckinridge
KY,Bullitt,4.114,21029,Bullitt County,100,exact,bullitt
KY,Butler,4.11,21031,Butler County,100,exact,butler
KY,Caldwell,4.236,21033,Caldwell County,100,exact,caldwell
KY,Calloway,4.026,21035,Calloway County,100,exact,calloway
KY,Campbell,4.732,21037,Campbell County,100,exact,campbell
KY,Carlisle,4.266,21039,Carlisle County,100,exact,carlisle
KY,Carroll,4.465,21041,Carroll County,100,exact,carroll
KY,Carter,4.154,21043,Carter County,100,exact,carter
KY,Casey,4.299,21045,Casey County,100,exact,casey
KY,Christian,4.147,21047,Christian County,100,exact,christian
KY,Clark,4.212,21049,Clark County,100,exact,clark
KY,Clay,4.183,21051,Clay County,100,exact,clay
KY,Clinton,4.259,21053,Clinton County,100,exact,clinton
KY,Crittenden,4.099,21055,Crittenden County,100,exact,crittenden
KY,Cumberland,4.281,21057,Cumberland County,100,exact,cumberland
KY,Daviess,4.148,21059,Daviess County,100,exact,daviess
KY,Edmonson,4.339,21061,Edmonson County,100,exact,edmonson
KY,Elliott,4.399,21063,Elliott County,100,exact,elliott
KY,Estill,4.299,21065,Estill County,100,exact,estill
KY,Fayette,4.307,21067,Fayette County,100,exact,fayette
KY,Fleming,4.354,21069,Fleming County,100,exact,fleming
KY,Floyd,4.12,21071,Floyd County,100,exact,floyd
KY,Franklin,4.158,21073,Franklin County,100,exact,franklin
KY,Fulton,4.182,21075,Fulton County,100,exact,fulton
KY,Gallatin,4.509,21077,Gallatin County,100,exact,gallatin
KY,Garrard,4.139,21079,Garrard County,100,exact,garrard
KY,Grant,4.225,21081,Grant County,100,exact,grant
KY,Graves,4.134,21083,Graves County,100,exact,graves
KY,Grayson,4.217,21085,Grayson County,100,exact,grayson
KY,Green,4.139,21087,Green County,100,exact,green
KY,Greenup,4.34,21089,Greenup County,100,exact,greenup
KY,Hancock,4.348,21091,Hancock County,100,exact,hancock
KY,Hardin,4.105,21093,Hardin County,100,exact,hardin
KY,Harlan,4.176,21095,Harlan County,100,exact,harlan
KY,Harrison,4.164,21097,Harrison County,100,exact,harrison
KY,Hart,4.151,21099,Hart County,100,exact,hart
KY,Henderson,4.124,21101,Henderson County,100,exact,henderson
KY,Henry,4.24,21103,Henry County,100,exact,henry
KY,Hickman,4.299,21105,Hickman County,100,exact,hickman
KY,Hopkins,4.111,21107,Hopkins County,100,exact,hopkins
KY,Jackson,4.16,21109,Jackson County,100,exact,jackson
KY,Jefferson,4.265,21111,Jefferson County,100,exact,jefferson
KY,Jessamine,4.115,21113,Jessamine County,100,exact,jessamine
KY,Johnson,4.178,21115,Johnson County,100,exact,johnson
KY,Kenton,4.669,21117,Kenton County,100,exact,kenton
KY,Knott,4.174,21119,Knott County,100,exact,knott
KY,Knox,4.108,21121,Knox County,100,exact,knox
KY,Larue,4.194,21123,Larue County,100,exact,larue
KY,Laurel,4.053,21125,Laurel County,100,exact,laurel
KY,Lawrence,4.074,21127,Lawrence County,100,exact,lawrence
KY,Lee,4.356,21129,Lee County,100,exact,lee
KY,Leslie,4.167,21131,Leslie County,100,exact,leslie
KY,Letcher,4.199,21133,Letcher County,100,exact,letcher
KY,Lewis,4.285,21135,Lewis County,100,exact,lewis
KY,Lincoln,4.1,21137,Lincoln County,100,exact,lincoln
KY,Livingston,4.249,21139,Livingston County,100,exact,livingston
KY,Logan,4.166,21141,Logan County,100,exact,logan
KY,Lyon,4.227,21143,Lyon County,100,exact,lyon
KY,Madison,4.196,21151,Madison County,100,exact,madison
KY,Magoffin,4.299,21153,Magoffin County,100,exact,magoffin
KY,Marion,4.088,21155,Marion County,100,exact,marion
KY,Marshall,4.048,21157,Marshall County,100,exact,marshall
KY,Martin,4.283,21159,Martin County,100,exact,martin
KY,Mason,4.274,21161,Mason County,100,exact,mason
KY,McCracken,4.116,21145,McCracken County,100,exact,mccracken
KY,McCreary,4.299,21147,McCreary County,100,exact,mccreary
KY,McLean,4.363,21149,McLean County,100,exact,mclean
KY,Meade,4.189,21163,Meade County,100,exact,meade
KY,Menifee,4.314,21165,Menifee County,100,exact,menifee
KY,Mercer,4.162,21167,Mercer County,100,exact,mercer
KY,Metcalfe,4.11,21169,Metcalfe County,100,exact,metcalfe
KY,Monroe,4.111,21171,Monroe County,100,exact,monroe
KY,Montgomery,4.131,21173,Montgomery County,100,exact,montgomery
KY,Morgan,4.178,21175,Morgan County,100,exact,morgan
KY,Muhlenberg,4.361,21177,Muhlenberg County,100,exact,muhlenberg
KY,Nelson,4.165,21179,Nelson County,100,exact,nelson
KY,Nicholas,4.149,21181,Nicholas County,100,exact,nicholas
KY,Ohio,4.261,21183,Ohio County,100,exact,ohio
KY,Oldham,4.172,21185,Oldham County,100,exact,oldham
KY,Owen,4.529,21187,Owen County,100,exact,owen
KY,Owsley,4.199,21189,Owsley County,100,exact,owsley
KY,Pendleton,4.692,21191,Pendleton County,100,exact,pendleton
KY,Perry,4.121,21193,Perry County,100,exact,perry
KY,Pike,4.128,21195,Pike County,100,exact,pike
KY,Powell,4.329,21197,Powell County,100,exact,powell
KY,Pulaski,4.18,21199,Pulaski County,100,exact,pulaski
KY,Robertson,4.169,21201,Robertson County,100,exact,robertson
KY,Rockcastle,4.391,21203,Rockcastle County,100,exact,rockcastle
KY,Rowan,4.137,21205,Rowan County,100,exact,rowan
KY,Russell,4.118,21207,Russell County,100,exact,russell
KY,Scott,4.156,21209,Scott County,100,exact,scott
KY,Shelby,4.066,21211,Shelby County,100,exact,shelby
KY,Simpson,4.046,21213,Simpson County,100,exact,simpson
KY,Spencer,4.316,21215,Spencer County,100,exact,spencer
KY,Taylor,4.119,21217,Taylor County,100,exact,taylor
KY,Todd,4.082,21219,Todd County,100,exact,todd
KY,Trigg,4.349,21221,Trigg County,100,exact,trigg
KY,Trimble,4.407,21223,Trimble County,100,exact,trimble
KY,Union,4.363,21225,Union County,100,exact,union
KY,Warren,4.031,21227,Warren County,100,exact,warren
KY,Washington,4.374,21229,Washington County,100,exact,washington
KY,Wayne,4.174,21231,Wayne County,100,exact,wayne
KY,Webster,4.317,21233,Webster County,100,exact,webster
KY,Whitley,4.053,21235,Whitley County,100,exact,whitley
KY,Wolfe,4.479,21237,Wolfe County,100,exact,wolfe
KY,Woodford,4.183,21239,Woodford County,100,exact,woodford
LA,Acadia,4.008,22001,Acadia Parish,100,exact,acadia
LA,Allen,4.152,22003,Allen Parish,100,exact,allen
LA,Ascension,3.987,22005,Ascension Parish,100,exact,ascension
LA,Assumption,4.109,22007,Assumption Parish,100,exact,assumption
LA,Avoyelles,4.099,22009,Avoyelles Parish,100,exact,avoyelles
LA,Beauregard,4.005,22011,Beauregard Parish,100,exact,beauregard
LA,Bienville,4.223,22013,Bienville Parish,100,exact,bienville
LA,Bossier,3.914,22015,Bossier Parish,100,exact,bossier
LA,Caddo,3.989,22017,Caddo Parish,100,exact,caddo
LA,Calcasieu,4.022,22019,Calcasieu Parish,100,exact,calcasieu
LA,Caldwell,3.981,22021,Caldwell Parish,100,exact,caldwell
LA,Cameron,4.224,22023,Cameron Parish,100,exact,cameron
LA,Catahoula,4.07,22025,Catahoula Parish,100,exact,catahoula
LA,Claiborne,4.007,22027,Claiborne Parish,100,exact,claiborne
LA,Concordia,3.836,22029,Concordia Parish,100,exact,concordia
LA,De Soto,4.084,22031,De Soto Parish,100,exact,de soto
LA,East Baton Rouge,3.976,22033,East Baton Rouge Parish,100,exact,east baton rouge
LA,East Carroll,4.199,22035,East Carroll Parish,100,exact,east carroll
LA,East Feliciana,4.13,22037,East Feliciana Parish,100,exact,east feliciana
LA,Evangeline,3.997,22039,Evangeline Parish,100,exact,evangeline
LA,Franklin,4.021,22041,Franklin Parish,100,exact,franklin
LA,Grant,4.139,22043,Grant Parish,100,exact,grant
LA,Iberia,3.933,22045,Iberia Parish,100,exact,iberia
LA,Iberville,4.05,22047,Iberville Parish,100,exact,iberville
LA,Jackson,4.013,22049,Jackson Parish,100,exact,jackson
LA,Jefferson,3.998,22051,Jefferson Parish,100,exact,jefferson
LA,Jefferson Davis,4.142,22053,Jefferson Davis Parish,100,exact,jefferson davis
LA,La Salle,4.098,22059,LaSalle Parish,93,fuzzy,la salle
LA,Lafayette,3.978,22055,Lafayette Parish,100,exact,lafayette
LA,Lafourche,3.956,22057,Lafourche Parish,100,exact,lafourche
LA,Lincoln,3.926,22061,Lincoln Parish,100,exact,lincoln
LA,Livingston,3.953,22063,Livingston Parish,100,exact,livingston
LA,Madison,3.983,22065,Madison Parish,100,exact,madison
LA,Morehouse,4.006,22067,Morehouse Parish,100,exact,morehouse
LA,Natchitoches,4.006,22069,Natchitoches Parish,100,exact,natchitoches
LA,Orleans,3.965,22071,Orleans Parish,100,exact,orleans
LA,Ouachita,3.895,22073,Ouachita Parish,100,exact,ouachita
LA,Plaquemines,4.071,22075,Plaquemines Parish,100,exact,plaquemines
LA,Pointe Coupee,4.071,22077,Pointe Coupee Parish,100,exact,pointe coupee
LA,Rapides,4.042,22079,Rapides Parish,100,exact,rapides
LA,Red River,4.071,22081,Red River Parish,100,exact,red river
LA,Richland,4.04,22083,Richland Parish,100,exact,richland
LA,Sabine,4.141,22085,Sabine Parish,100,exact,sabine
LA,Saint Bernard,3.999,22087,St. Bernard Parish,87,fuzzy,saint bernard
LA,Saint Charles,4.014,22089,St. Charles Parish,87,fuzzy,saint charles
LA,Saint Helena,4.186,22091,St. Helena Parish,86,fuzzy,saint helena
LA,Saint James,4.146,22093,St. James Parish,84,fuzzy,saint james
LA,St John the Baptist,3.989,22095,St. John the Baptist Parish,100,fuzzy,st john the baptist
LA,Saint Landry,3.919,22097,St. Landry Parish,86,fuzzy,saint landry
LA,Saint Martin,3.965,22099,St. Martin Parish,86,fuzzy,saint martin
LA,Saint Mary,4.047,22101,St. Mary Parish,82,fuzzy,saint mary
LA,Saint Tammany,3.954,22103,St. Tammany Parish,87,fuzzy,saint tammany
LA,Tangipahoa,4.004,22105,Tangipahoa Parish,100,exact,tangipahoa
LA,Tensas,3.932,22107,Tensas Parish,100,exact,tensas
LA,Terrebonne,4.044,22109,Terrebonne Parish,100,exact,terrebonne
LA,Union,3.925,22111,Union Parish,100,exact,union
LA,Vermilion,4.067,22113,Vermilion Parish,100,exact,vermilion
LA,Vernon,4.109,22115,Vernon Parish,100,exact,vernon
LA,Washington,4.057,22117,Washington Parish,100,exact,washington
LA,Webster,4.069,22119,Webster Parish,100,exact,webster
LA,West Baton Rouge,3.937,22121,West Baton Rouge Parish,100,exact,west baton rouge
LA,West Carroll,3.891,22123,West Carroll Parish,100,exact,west carroll
LA,West Feliciana,4.199,22125,West Feliciana Parish,100,exact,west feliciana
LA,Winn,4.002,22127,Winn Parish,100,exact,winn
MA,Barnstable,4.465,25001,Barnstable County,100,exact,barnstable
MA,Berkshire,4.448,25003,Berkshire County,100,exact,berkshire
MA,Bristol,4.382,25005,Bristol County,100,exact,bristol
MA,Dukes,5.574,25007,Dukes County,100,exact,dukes
MA,Essex,4.504,25009,Essex County,100,exact,essex
MA,Franklin,4.435,25011,Franklin County,100,exact,franklin
MA,Hampden,4.343,25013,Hampden County,100,exact,hampden
MA,Hampshire,4.411,25015,Hampshire County,100,exact,hampshire
MA,Middlesex,4.498,25017,Middlesex County,100,exact,middlesex
MA,Nantucket,5.814,25019,Nantucket County,100,exact,nantucket
MA,Norfolk,4.491,25021,Norfolk County,100,exact,norfolk
MA,Plymouth,4.417,25023,Plymouth County,100,exact,plymouth
MA,Suffolk,4.602,25025,Suffolk County,100,exact,suffolk
MA,Worcester,4.482,25027,Worcester County,100,exact,worcester
MD,Allegany,4.468,24001,Allegany County,100,exact,allegany
MD,Anne Arundel,4.444,24003,Anne Arundel County,100,exact,anne arundel
MD,Baltimore City,4.437,24510,Baltimore city,100,manual,baltimore city
MD,Baltimore,4.433,24005,Baltimore County,100,exact,baltimore
MD,Calvert,4.335,24009,Calvert County,100,exact,calvert
MD,Cecil,4.388,24015,Cecil County,100,exact,cecil
MD,Charles,4.378,24017,Charles County,100,exact,charles
MD,Carroll,4.236,24013,Carroll County,100,exact,carroll
MD,Caroline,4.487,24011,Caroline County,100,exact,caroline
MD,Dorchester,4.424,24019,Dorchester County,100,exact,dorchester
MD,Frederick,4.374,24021,Frederick County,100,exact,frederick
MD,Garrett,4.562,24023,Garrett County,100,exact,garrett
MD,Harford,4.388,24025,Harford County,100,exact,harford
MD,Howard,4.516,24027,Howard County,100,exact,howard
MD,Kent,4.472,24029,Kent County,100,exact,kent
MD,Montgomery,4.572,24031,Montgomery County,100,exact,montgomery
MD,Prince Georges,4.467,24033,Prince George's County,90,fuzzy,prince georges
MD,Queen Annes,4.408,24035,Queen Anne's County,87,fuzzy,queen annes
MD,Saint Marys,4.31,24037,St. Mary's County,80,fuzzy,saint marys
MD,Somerset,4.438,24039,Somerset County,100,exact,somerset
MD,Talbot,4.44,24041,Talbot County,100,exact,talbot
MD,Washington,4.255,24043,Washington County,100,exact,washington
MD,Wicomico,4.421,24045,Wicomico County,100,exact,wicomico
MD,Worcester,4.429,24047,Worcester County,100,exact,worcester
ME,Androscoggin,4.548,23001,Androscoggin County,100,exact,androscoggin
ME,Aroostook,4.544,23003,Aroostook County,100,exact,aroostook
ME,Cumberland,4.497,23005,Cumberland County,100,exact,cumberland
ME,Franklin,4.521,23007,Franklin County,100,exact,franklin
ME,Hancock,4.498,23009,Hancock County,100,exact,hancock
ME,Kennebec,4.526,23011,Kennebec County,100,exact,kennebec
ME,Knox,4.446,23013,Knox County,100,exact,knox
ME,Lincoln,4.475,23015,Lincoln County,100,exact,lincoln
ME,Oxford,4.526,23017,Oxford County,100,exact,oxford
ME,Penobscot,4.527,23019,Penobscot County,100,exact,penobscot
ME,Piscataquis,4.47,23021,Piscataquis County,100,exact,piscataquis
ME,Sagadahoc,4.552,23023,Sagadahoc County,100,exact,sagadahoc
ME,Somerset,4.44,23025,Somerset County,100,exact,somerset
ME,Waldo,4.522,23027,Waldo County,100,exact,waldo
ME,Washington,4.563,23029,Washington County,100,exact,washington
ME,York,4.521,23031,York County,100,exact,york
MI,Alcona,4.886,26001,Alcona County,100,exact,alcona
MI,Alger,4.518,26003,Alger County,100,exact,alger
MI,Allegan,4.888,26005,Allegan County,100,exact,allegan
MI,Alpena,4.778,26007,Alpena County,100,exact,alpena
MI,Antrim,4.929,26009,Antrim County,100,exact,antrim
MI,Arenac,4.898,26011,Arenac County,100,exact,arenac
MI,Baraga,4.555,26013,Baraga County,100,exact,baraga
MI,Barry,4.891,26015,Barry County,100,exact,barry
MI,Bay,4.904,26017,Bay County,100,exact,bay
MI,Benzie,4.971,26019,Benzie County,100,exact,benzie
MI,Berrien,4.85,26021,Berrien County,100,exact,berrien
MI,Branch,4.903,26023,Branch County,100,exact,branch
MI,Calhoun,4.844,26025,Calhoun County,100,exact,calhoun
MI,Cass,4.84,26027,Cass County,100,exact,cass
MI,Charlevoix,4.902,26029,Charlevoix County,100,exact,charlevoix
MI,Cheboygan,4.872,26031,Cheboygan County,100,exact,cheboygan
MI,Chippewa,4.864,26033,Chippewa County,100,exact,chippewa
MI,Clare,4.811,26035,Clare County,100,exact,clare
MI,Clinton,4.905,26037,Clinton County,100,exact,clinton
MI,Crawford,4.977,26039,Crawford County,100,exact,crawford
MI,Delta,4.481,26041,Delta County,100,exact,delta
MI,Dickinson,4.707,26043,Dickinson County,100,exact,dickinson
MI,Eaton,4.885,26045,Eaton County,100,exact,eaton
MI,Emmet,4.925,26047,Emmet County,100,exact,emmet
MI,Genesee,4.785,26049,Genesee County,100,exact,genesee
MI,Gladwin,4.709,26051,Gladwin County,100,exact,gladwin
MI,Gogebic,4.782,26053,Gogebic County,100,exact,gogebic
MI,Grand Traverse,4.845,26055,Grand Traverse County,100,exact,grand traverse
MI,Gratiot,4.887,26057,Gratiot County,100,exact,gratiot
MI,Hillsdale,4.63,26059,Hillsdale County,100,exact,hillsdale
MI,Houghton,4.526,26061,Houghton County,100,exact,houghton
MI,Huron,4.733,26063,Huron County,100,exact,huron
MI,Ingham,4.901,26065,Ingham County,100,exact,ingham
MI,Ionia,4.929,26067,Ionia County,100,exact,ionia
MI,Iosco,4.836,26069,Iosco County,100,exact,iosco
MI,Iron,4.544,26071,Iron County,100,exact,iron
MI,Isabella,4.814,26073,Isabella County,100,exact,isabella
MI,Jackson,4.889,26075,Jackson County,100,exact,jackson
MI,Kalamazoo,4.909,26077,Kalamazoo County,100,exact,kalamazoo
MI,Kalkaska,4.849,26079,Kalkaska County,100,exact,kalkaska
MI,Kent,4.93,26081,Kent County,100,exact,kent
MI,Keweenaw,4.699,26083,Keweenaw County,100,exact,keweenaw
MI,Lake,4.873,26085,Lake County,100,exact,lake
MI,Lapeer,4.744,26087,Lapeer County,100,exact,lapeer
MI,Leelanau,4.928,26089,Leelanau County,100,exact,leelanau
MI,Lenawee,4.827,26091,Lenawee County,100,exact,lenawee
MI,Livingston,4.924,26093,Livingston County,100,exact,livingston
MI,Luce,4.628,26095,Luce County,100,exact,luce
MI,Mackinac,4.804,26097,Mackinac County,100,exact,mackinac
MI,Macomb,4.825,26099,Macomb County,100,exact,macomb
MI,Manistee,4.941,26101,Manistee County,100,exact,manistee
MI,Marquette,4.548,26103,Marquette County,100,exact,marquette
MI,Mason,4.87,26105,Mason County,100,exact,mason
MI,Mecosta,4.828,26107,Mecosta County,100,exact,mecosta
MI,Menominee,4.681,26109,Menominee County,100,exact,menominee
MI,Midland,4.847,26111,Midland County,100,exact,midland
MI,Missaukee,4.77,26113,Missaukee County,100,exact,missaukee
MI,Monroe,4.802,26115,Monroe County,100,exact,monroe
MI,Montcalm,4.816,26117,Montcalm County,100,exact,montcalm
MI,Montmorency,4.677,26119,Montmorency County,100,exact,montmorency
MI,Muskegon,4.895,26121,Muskegon County,100,exact,muskegon
MI,Newaygo,4.893,26123,Newaygo County,100,exact,newaygo
MI,Oakland,4.878,26125,Oakland County,100,exact,oakland
MI,Oceana,4.917,26127,Oceana County,100,exact,oceana
MI,Ogemaw,4.821,26129,Ogemaw County,100,exact,ogemaw
MI,Ontonagon,4.707,26131,Ontonagon County,100,exact,ontonagon
MI,Osceola,4.882,26133,Osceola County,100,exact,osceola
MI,Oscoda,4.899,26135,Oscoda County,100,exact,oscoda
MI,Otsego,4.936,26137,Otsego County,100,exact,otsego
MI,Ottawa,4.916,26139,Ottawa County,100,exact,ottawa
MI,Presque Isle,4.986,26141,Presque Isle County,100,exact,presque isle
MI,Roscommon,4.874,26143,Roscommon County,100,exact,roscommon
MI,Saginaw,4.841,26145,Saginaw County,100,exact,saginaw
MI,Sanilac,4.675,26151,Sanilac County,100,exact,sanilac
MI,Schoolcraft,4.842,26153,Schoolcraft County,100,exact,schoolcraft
MI,Shiawassee,4.788,26155,Shiawassee County,100,exact,shiawassee
MI,Saint Clair,4.633,26147,St. Clair County,84,fuzzy,saint clair
MI,Saint Joseph,4.828,26149,St. Joseph County,86,fuzzy,saint joseph
MI,Tuscola,4.843,26157,Tuscola County,100,exact,tuscola
MI,Van Buren,4.845,26159,Van Buren County,100,exact,van buren
MI,Washtenaw,4.862,26161,Washtenaw County,100,exact,washtenaw
MI,Wayne,4.783,26163,Wayne County,100,exact,wayne
MI,Wexford,4.91,26165,Wexford County,100,exact,wexford
MN,Aitkin,4.113,27001,Aitkin County,100,exact,aitkin
MN,Anoka,4.068,27003,Anoka County,100,exact,anoka
MN,Becker,4.167,27005,Becker County,100,exact,becker
MN,Beltrami,4.266,27007,Beltrami County,100,exact,beltrami
MN,Benton,4.034,27009,Benton County,100,exact,benton
MN,Big Stone,4.199,27011,Big Stone County,100,exact,big stone
MN,Blue Earth,4.189,27013,Blue Earth County,100,exact,blue earth
MN,Brown,4.114,27015,Brown County,100,exact,brown
MN,Carlton,4.235,27017,Carlton County,100,exact,carlton
MN,Carver,4.166,27019,Carver County,100,exact,carver
MN,Cass,4.106,27021,Cass County,100,exact,cass
MN,Chippewa,4.239,27023,Chippewa County,100,exact,chippewa
MN,Chisago,4.156,27025,Chisago County,100,exact,chisago
MN,Clay,4.037,27027,Clay County,100,exact,clay
MN,Clearwater,4.173,27029,Clearwater County,100,exact,clearwater
MN,Cook,4.298,27031,Cook County,100,exact,cook
MN,Cottonwood,4.212,27033,Cottonwood County,100,exact,cottonwood
MN,Crow Wing,3.98,27035,Crow Wing County,100,exact,crow wing
MN,Dakota,4.196,27037,Dakota County,100,exact,dakota
MN,Dodge,4.249,27039,Dodge County,100,exact,dodge
MN,Douglas,4.204,27041,Douglas County,100,exact,douglas
MN,Faribault,4.215,27043,Faribault County,100,exact,faribault
MN,Fillmore,4.167,27045,Fillmore County,100,exact,fillmore
MN,Freeborn,4.148,27047,Freeborn County,100,exact,freeborn
MN,Goodhue,4.233,27049,Goodhue County,100,exact,goodhue
MN,Grant,4.17,27051,Grant County,100,exact,grant
MN,Hennepin,4.198,27053,Hennepin County,100,exact,hennepin
MN,Houston,4.207,27055,Houston County,100,exact,houston
MN,Hubbard,4.183,27057,Hubbard County,100,exact,hubbard
MN,Isanti,4.065,27059,Isanti County,100,exact,isanti
MN,Itasca,4.179,27061,Itasca County,100,exact,itasca
MN,Jackson,4.162,27063,Jackson County,100,exact,jackson
MN,Kanabec,4.112,27065,Kanabec County,100,exact,kanabec
MN,Kandiyohi,4.152,27067,Kandiyohi County,100,exact,kandiyohi
MN,Kittson,4.038,27069,Kittson County,100,exact,kittson
MN,Koochiching,4.091,27071,Koochiching County,100,exact,koochiching
MN,Lac Qui Parle,4.271,27073,Lac qui Parle County,100,exact,lac qui parle
MN,Lake,4.287,27075,Lake County,100,exact,lake
MN,Lake of the Woods,4.149,27077,Lake of the Woods County,100,exact,lake of the woods
MN,Le Sueur,4.249,27079,Le Sueur County,100,exact,le sueur
MN,Lincoln,4.151,27081,Lincoln County,100,exact,lincoln
MN,Lyon,4.269,27083,Lyon County,100,exact,lyon
MN,Mahnomen,4.129,27087,Mahnomen County,100,exact,mahnomen
MN,Marshall,4.056,27089,Marshall County,100,exact,marshall
MN,Martin,4.217,27091,Martin County,100,exact,martin
MN,McLeod,4.046,27085,McLeod County,100,exact,mcleod
MN,Meeker,4.058,27093,Meeker County,100,exact,meeker
MN,Mille Lacs,4.141,27095,Mille Lacs County,100,exact,mille lacs
MN,Morrison,4.13,27097,Morrison County,100,exact,morrison
MN,Mower,4.154,27099,Mower County,100,exact,mower
MN,Murray,4.123,27101,Murray County,100,exact,murray
MN,Nicollet,4.186,27103,Nicollet County,100,exact,nicollet
MN,Nobles,4.198,27105,Nobles County,100,exact,nobles
MN,Norman,4.166,27107,Norman County,100,exact,norman
MN,Olmsted,4.269,27109,Olmsted County,100,exact,olmsted
MN,Otter Tail,4.178,27111,Otter Tail County,100,exact,otter tail
MN,Pennington,4.097,27113,Pennington County,100,exact,pennington
MN,Pine,4.129,27115,Pine County,100,exact,pine
MN,Pipestone,4.271,27117,Pipestone County,100,exact,pipestone
MN,Polk,4.154,27119,Polk County,100,exact,polk
MN,Pope,4.185,27121,Pope County,100,exact,pope
MN,Ramsey,4.184,27123,Ramsey County,100,exact,ramsey
MN,Red Lake,4.141,27125,Red Lake County,100,exact,red lake
MN,Redwood,4.25,27127,Redwood County,100,exact,redwood
MN,Renville,4.182,27129,Renville County,100,exact,renville
MN,Rice,4.156,27131,Rice County,100,exact,rice
MN,Rock,4.236,27133,Rock County,100,exact,rock
MN,Roseau,4.118,27135,Roseau County,100,exact,roseau
MN,Scott,4.183,27139,Scott County,100,exact,scott
MN,Sherburne,4.158,27141,Sherburne County,100,exact,sherburne
MN,Sibley,4.204,27143,Sibley County,100,exact,sibley
MN,Saint Louis,4.125,27137,St. Louis County,84,fuzzy,saint louis
MN,Stearns,4.057,27145,Stearns County,100,exact,stearns
MN,Steele,4.095,27147,Steele County,100,exact,steele
MN,Stevens,4.285,27149,Stevens County,100,exact,stevens
MN,Swift,4.183,27151,Swift County,100,exact,swift
MN,Todd,4.129,27153,Todd County,100,exact,todd
MN,Traverse,4.199,27155,Traverse County,100,exact,traverse
MN,Wabasha,4.116,27157,Wabasha County,100,exact,wabasha
MN,Wadena,4.143,27159,Wadena County,100,exact,wadena
MN,Waseca,4.154,27161,Waseca County,100,exact,waseca
MN,Washington,4.121,27163,Washington County,100,exact,washington
MN,Watonwan,4.223,27165,Watonwan County,100,exact,watonwan
MN,Wilkin,4.049,27167,Wilkin County,100,exact,wilkin
MN,Winona,4.089,27169,Winona County,100,exact,winona
MN,Wright,4.179,27171,Wright County,100,exact,wright
MN,Yellow Medicine,4.243,27173,Yellow Medicine County,100,exact,yellow medicine
MO,Adair,4.226,29001,Adair County,100,exact,adair
MO,Andrew,4.074,29003,Andrew County,100,exact,andrew
MO,Atchison,4.103,29005,Atchison County,100,exact,atchison
MO,Audrain,4.146,29007,Audrain County,100,exact,audrain
MO,Barry,4.002,29009,Barry County,100,exact,barry
MO,Barton,4.072,29011,Barton County,100,exact,barton
MO,Bates,4.18,29013,Bates County,100,exact,bates
MO,Benton,4.054,29015,Benton County,100,exact,benton
MO,Bollinger,4.399,29017,Bollinger County,100,exact,bollinger
MO,Boone,4.18,29019,Boone County,100,exact,boone
MO,Buchanan,4.07,29021,Buchanan County,100,exact,buchanan
MO,Butler,4.177,29023,Butler County,100,exact,butler
MO,Caldwell,4.072,29025,Caldwell County,100,exact,caldwell
MO,Callaway,4.103,29027,Callaway County,100,exact,callaway
MO,Camden,4.113,29029,Camden County,100,exact,camden
MO,Cape Girardeau,4.104,29031,Cape Girardeau County,100,exact,cape girardeau
MO,Carroll,4.085,29033,Carroll County,100,exact,carroll
MO,Carter,4.349,29035,Carter County,100,exact,carter
MO,Cass,4.138,29037,Cass County,100,exact,cass
MO,Cedar,4.099,29039,Cedar County,100,exact,cedar
MO,Chariton,4.299,29041,Chariton County,100,exact,chariton
MO,Christian,4.075,29043,Christian County,100,exact,christian
MO,Clark,4.164,29045,Clark County,100,exact,clark
MO,Clay,4.239,29047,Clay County,100,exact,clay
MO,Clinton,4.135,29049,Clinton County,100,exact,clinton
MO,Cole,4.221,29051,Cole County,100,exact,cole
MO,Cooper,4.083,29053,Cooper County,100,exact,cooper
MO,Crawford,4.099,29055,Crawford County,100,exact,crawford
MO,Dade,4.099,29057,Dade County,100,exact,dade
MO,Dallas,4.071,29059,Dallas County,100,exact,dallas
MO,Daviess,4.045,29061,Daviess County,100,exact,daviess
MO,DeKalb,4.131,29063,DeKalb County,100,exact,dekalb
MO,Dent,4.115,29065,Dent County,100,exact,dent
MO,Douglas,4.069,29067,Douglas County,100,exact,douglas
MO,Dunklin,4.205,29069,Dunklin County,100,exact,dunklin
MO,Franklin,4.185,29071,Franklin County,100,exact,franklin
MO,Gasconade,4.098,29073,Gasconade County,100,exact,gasconade
MO,Gentry,4.065,29075,Gentry County,100,exact,gentry
MO,Greene,4.048,29077,Greene County,100,exact,greene
MO,Grundy,4.099,29079,Grundy County,100,exact,grundy
MO,Harrison,4.022,29081,Harrison County,100,exact,harrison
MO,Henry,4.109,29083,Henry County,100,exact,henry
MO,Hickory,4.049,29085,Hickory County,100,exact,hickory
MO,Holt,4.132,29087,Holt County,100,exact,holt
MO,Howard,4.142,29089,Howard County,100,exact,howard
MO,Howell,4.128,29091,Howell County,100,exact,howell
MO,Iron,4.072,29093,Iron County,100,exact,iron
MO,Jackson,4.234,29095,Jackson County,100,exact,jackson
MO,Jasper,4.001,29097,Jasper County,100,exact,jasper
MO,Jefferson,4.317,29099,Jefferson County,100,exact,jefferson
MO,Johnson,4,29101,Johnson County,100,exact,johnson
MO,Knox,4.199,29103,Knox County,100,exact,knox
MO,Laclede,4.022,29105,Laclede County,100,exact,laclede
MO,Lafayette,4.085,29107,Lafayette County,100,exact,lafayette
MO,Lawrence,4.072,29109,Lawrence County,100,exact,lawrence
MO,Lewis,4.207,29111,Lewis County,100,exact,lewis
MO,Lincoln,4.199,29113,Lincoln County,100,exact,lincoln
MO,Linn,3.986,29115,Linn County,100,exact,linn
MO,Livingston,4.054,29117,Livingston County,100,exact,livingston
MO,Macon,4.103,29121,Macon County,100,exact,macon
MO,Madison,4.03,29123,Madison County,100,exact,madison
MO,Maries,4.066,29125,Maries County,100,exact,maries
MO,Marion,4.154,29127,Marion County,100,exact,marion
MO,McDonald,3.987,29119,McDonald County,100,exact,mcdonald
MO,Mercer,3.904,29129,Mercer County,100,exact,mercer
MO,Miller,4.265,29131,Miller County,100,exact,miller
MO,Mississippi,4.101,29133,Mississippi County,100,exact,mississippi
MO,Moniteau,4.119,29135,Moniteau County,100,exact,moniteau
MO,Monroe,4.285,29137,Monroe County,100,exact,monroe
MO,Montgomery,4.288,29139,Montgomery County,100,exact,montgomery
MO,Morgan,4.177,29141,Morgan County,100,exact,morgan
MO,New Madrid,4.149,29143,New Madrid County,100,exact,new madrid
MO,Newton,3.987,29145,Newton County,100,exact,newton
MO,Nodaway,3.914,29147,Nodaway County,100,exact,nodaway
MO,Oregon,4.194,29149,Oregon County,100,exact,oregon
MO,Osage,4.158,29151,Osage County,100,exact,osage
MO,Ozark,4.174,29153,Ozark County,100,exact,ozark
MO,Pemiscot,4.202,29155,Pemiscot County,100,exact,pemiscot
MO,Perry,4.104,29157,Perry County,100,exact,perry
MO,Pettis,4.07,29159,Pettis County,100,exact,pettis
MO,Phelps,4.165,29161,Phelps County,100,exact,phelps
MO,Pike,4.199,29163,Pike County,100,exact,pike
MO,Platte,4.224,29165,Platte County,100,exact,platte
MO,Polk,4.062,29167,Polk County,100,exact,polk
MO,Pulaski,4.034,29169,Pulaski County,100,exact,pulaski
MO,Putnam,4.086,29171,Putnam County,100,exact,putnam
MO,Ralls,4.242,29173,Ralls County,100,exact,ralls
MO,Randolph,4.153,29175,Randolph County,100,exact,randolph
MO,Ray,4.172,29177,Ray County,100,exact,ray
MO,Reynolds,4.327,29179,Reynolds County,100,exact,reynolds
MO,Ripley,4.077,29181,Ripley County,100,exact,ripley
MO,Saline,4.099,29195,Saline County,100,exact,saline
MO,Schuyler,4.195,29197,Schuyler County,100,exact,schuyler
MO,Scotland,4.282,29199,Scotland County,100,exact,scotland
MO,Scott,4.157,29201,Scott County,100,exact,scott
MO,Shannon,4.249,29203,Shannon County,100,exact,shannon
MO,Shelby,4.299,29205,Shelby County,100,exact,shelby
MO,Saint Charles,4.237,29183,St. Charles County,87,fuzzy,saint charles
MO,Saint Clair,4.089,29185,St. Clair County,84,fuzzy,saint clair
MO,Saint Francois,4.133,29187,St. Francois County,88,fuzzy,saint francois
MO,Saint Louis,4.307,29189,St. Louis County,84,fuzzy,saint louis
MO,Saint Louis City,4.333,29510,St. Louis city,100,manual,saint louis city
MO,Sainte Genevieve,4.224,29186,Ste. Genevieve County,90,fuzzy,sainte genevieve
MO,Stoddard,4.261,29207,Stoddard County,100,exact,stoddard
MO,Stone,4.018,29209,Stone County,100,exact,stone
MO,Sullivan,4.089,29211,Sullivan County,100,exact,sullivan
MO,Taney,4.089,29213,Taney County,100,exact,taney
MO,Texas,4.13,29215,Texas County,100,exact,texas
MO,Vernon,4.045,29217,Vernon County,100,exact,vernon
MO,Warren,4.184,29219,Warren County,100,exact,warren
MO,Washington,4.021,29221,Washington County,100,exact,washington
MO,Wayne,4.239,29223,Wayne County,100,exact,wayne
MO,Webster,4.041,29225,Webster County,100,exact,webster
MO,Worth,3.889,29227,Worth County,100,exact,worth
MO,Wright,4.077,29229,Wright County,100,exact,wright
MS,Adams,4.035,28001,Adams County,100,exact,adams
MS,Alcorn,3.988,28003,Alcorn County,100,exact,alcorn
MS,Amite,3.971,28005,Amite County,100,exact,amite
MS,Attala,4.01,28007,Attala County,100,exact,attala
MS,Benton,4.062,28009,Benton County,100,exact,benton
MS,Bolivar,3.966,28011,Bolivar County,100,exact,bolivar
MS,Calhoun,4.032,28013,Calhoun County,100,exact,calhoun
MS,Carroll,4.131,28015,Carroll County,100,exact,carroll
MS,Chickasaw,3.999,28017,Chickasaw County,100,exact,chickasaw
MS,Choctaw,4.055,28019,Choctaw County,100,exact,choctaw
MS,Claiborne,4.274,28021,Claiborne County,100,exact,claiborne
MS,Clarke,3.905,28023,Clarke County,100,exact,clarke
MS,Clay,3.906,28025,Clay County,100,exact,clay
MS,Coahoma,4.059,28027,Coahoma County,100,exact,coahoma
MS,Copiah,3.994,28029,Copiah County,100,exact,copiah
MS,Covington,3.947,28031,Covington County,100,exact,covington
MS,De Soto,4.057,28033,DeSoto County,92,fuzzy,de soto
MS,Forrest,3.906,28035,Forrest County,100,exact,forrest
MS,Franklin,3.973,28037,Franklin County,100,exact,franklin
MS,George,3.926,28039,George County,100,exact,george
MS,Greene,3.957,28041,Greene County,100,exact,greene
MS,Grenada,4,28043,Grenada County,100,exact,grenada
MS,Hancock,3.967,28045,Hancock County,100,exact,hancock
MS,Harrison,3.894,28047,Harrison County,100,exact,harrison
MS,Hinds,3.995,28049,Hinds County,100,exact,hinds
MS,Holmes,4.003,28051,Holmes County,100,exact,holmes
MS,Humphreys,3.999,28053,Humphreys County,100,exact,humphreys
MS,Itawamba,3.956,28057,Itawamba County,100,exact,itawamba
MS,Jackson,3.952,28059,Jackson County,100,exact,jackson
MS,Jasper,3.919,28061,Jasper County,100,exact,jasper
MS,Jefferson,4.252,28063,Jefferson County,100,exact,jefferson
MS,Jefferson Davis,3.979,28065,Jefferson Davis County,100,exact,jefferson davis
MS,Jones,3.883,28067,Jones County,100,exact,jones
MS,Kemper,4.019,28069,Kemper County,100,exact,kemper
MS,Lafayette,4.151,28071,Lafayette County,100,exact,lafayette
MS,Lamar,3.902,28073,Lamar County,100,exact,lamar
MS,Lauderdale,3.956,28075,Lauderdale County,100,exact,lauderdale
MS,Lawrence,3.999,28077,Lawrence County,100,exact,lawrence
MS,Leake,3.932,28079,Leake County,100,exact,leake
MS,Lee,3.996,28081,Lee County,100,exact,lee
MS,Leflore,3.97,28083,Leflore County,100,exact,leflore
MS,Lincoln,3.981,28085,Lincoln County,100,exact,lincoln
MS,Lowndes,3.906,28087,Lowndes County,100,exact,lowndes
MS,Madison,4.05,28089,Madison County,100,exact,madison
MS,Marion,4.012,28091,Marion County,100,exact,marion
MS,Marshall,4.099,28093,Marshall County,100,exact,marshall
MS,Monroe,3.978,28095,Monroe County,100,exact,monroe
MS,Montgomery,3.918,28097,Montgomery County,100,exact,montgomery
MS,Neshoba,3.957,28099,Neshoba County,100,exact,neshoba
MS,Newton,3.94,28101,Newton County,100,exact,newton
MS,Noxubee,4.139,28103,Noxubee County,100,exact,noxubee
MS,Oktibbeha,3.907,28105,Oktibbeha County,100,exact,oktibbeha
MS,Panola,3.997,28107,Panola County,100,exact,panola
MS,Pearl River,3.902,28109,Pearl River County,100,exact,pearl river
MS,Perry,3.923,28111,Perry County,100,exact,perry
MS,Pike,3.968,28113,Pike County,100,exact,pike
MS,Pontotoc,4.07,28115,Pontotoc County,100,exact,pontotoc
MS,Prentiss,4.027,28117,Prentiss County,100,exact,prentiss
MS,Quitman,4.249,28119,Quitman County,100,exact,quitman
MS,Rankin,3.95,28121,Rankin County,100,exact,rankin
MS,Scott,4.084,28123,Scott County,100,exact,scott
MS,Sharkey,3.999,28125,Sharkey County,100,exact,sharkey
MS,Simpson,3.931,28127,Simpson County,100,exact,simpson
MS,Smith,3.935,28129,Smith County,100,exact,smith
MS,Stone,3.9,28131,Stone County,100,exact,stone
MS,Sunflower,3.894,28133,Sunflower County,100,exact,sunflower
MS,Tallahatchie,4.059,28135,Tallahatchie County,100,exact,tallahatchie
MS,Tate,4.111,28137,Tate County,100,exact,tate
MS,Tippah,4.045,28139,Tippah County,100,exact,tippah
MS,Tishomingo,4.068,28141,Tishomingo County,100,exact,tishomingo
MS,Tunica,4.281,28143,Tunica County,100,exact,tunica
MS,Union,4.091,28145,Union County,100,exact,union
MS,Walthall,4.019,28147,Walthall County,100,exact,walthall
MS,Warren,3.951,28149,Warren County,100,exact,warren
MS,Washington,4.008,28151,Washington County,100,exact,washington
MS,Wayne,3.938,28153,Wayne County,100,exact,wayne
MS,Webster,3.959,28155,Webster County,100,exact,webster
MS,Wilkinson,3.999,28157,Wilkinson County,100,exact,wilkinson
MS,Winston,3.996,28159,Winston County,100,exact,winston
MS,Yalobusha,4.064,28161,Yalobusha County,100,exact,yalobusha
MS,Yazoo,3.965,28163,Yazoo County,100,exact,yazoo
MT,Beaverhead,4.634,30001,Beaverhead County,100,exact,beaverhead
MT,Big Horn,4.493,30003,Big Horn County,100,exact,big horn
MT,Blaine,4.409,30005,Blaine County,100,exact,blaine
MT,Broadwater,4.464,30007,Broadwater County,100,exact,broadwater
MT,Carbon,4.446,30009,Carbon County,100,exact,carbon
MT,Carter,4.499,30011,Carter County,100,exact,carter
MT,Cascade,4.441,30013,Cascade County,100,exact,cascade
MT,Chouteau,4.458,30015,Chouteau County,100,exact,chouteau
MT,Custer,4.378,30017,Custer County,100,exact,custer
MT,Daniels,4.296,30019,Daniels County,100,exact,daniels
MT,Dawson,4.33,30021,Dawson County,100,exact,dawson
MT,Deer Lodge,4.557,30023,Deer Lodge County,100,exact,deer lodge
MT,Fallon,4.319,30025,Fallon County,100,exact,fallon
MT,Fergus,4.525,30027,Fergus County,100,exact,fergus
MT,Flathead,4.542,30029,Flathead County,100,exact,flathead
MT,Gallatin,4.567,30031,Gallatin County,100,exact,gallatin
MT,Garfield,4.314,30033,Garfield County,100,exact,garfield
MT,Glacier,4.662,30035,Glacier County,100,exact,glacier
MT,Golden Valley,4.729,30037,Golden Valley County,100,exact,golden valley
MT,Granite,4.599,30039,Granite County,100,exact,granite
MT,Hill,4.546,30041,Hill County,100,exact,hill
MT,Jefferson,4.515,30043,Jefferson County,100,exact,jefferson
MT,Judith Basin,4.559,30045,Judith Basin County,100,exact,judith basin
MT,Lake,4.544,30047,Lake County,100,exact,lake
MT,Lewis and Clark,4.53,30049,Lewis and Clark County,100,exact,lewis and clark
MT,Liberty,4.529,30051,Liberty County,100,exact,liberty
MT,Lincoln,4.55,30053,Lincoln County,100,exact,lincoln
MT,Madison,4.471,30057,Madison County,100,exact,madison
MT,McCone,4.296,30055,McCone County,100,exact,mccone
MT,Meagher,4.479,30059,Meagher County,100,exact,meagher
MT,Mineral,4.623,30061,Mineral County,100,exact,mineral
MT,Missoula,4.55,30063,Missoula County,100,exact,missoula
MT,Musselshell,4.599,30065,Musselshell County,100,exact,musselshell
MT,Park,4.596,30067,Park County,100,exact,park
MT,Petroleum,4.969,30069,Petroleum County,100,exact,petroleum
MT,Phillips,4.299,30071,Phillips County,100,exact,phillips
MT,Pondera,4.503,30073,Pondera County,100,exact,pondera
MT,Powder River,4.684,30075,Powder River County,100,exact,powder river
MT,Powell,4.514,30077,Powell County,100,exact,powell
MT,Prairie,4.364,30079,Prairie County,100,exact,prairie
MT,Ravalli,4.548,30081,Ravalli County,100,exact,ravalli
MT,Richland,4.111,30083,Richland County,100,exact,richland
MT,Roosevelt,4.39,30085,Roosevelt County,100,exact,roosevelt
MT,Rosebud,4.471,30087,Rosebud County,100,exact,rosebud
MT,Sanders,4.558,30089,Sanders County,100,exact,sanders
MT,Sheridan,4.209,30091,Sheridan County,100,exact,sheridan
MT,Silver Bow,4.548,30093,Silver Bow County,100,exact,silver bow
MT,Stillwater,4.525,30095,Stillwater County,100,exact,stillwater
MT,Sweet Grass,4.492,30097,Sweet Grass County,100,exact,sweet grass
MT,Teton,4.459,30099,Teton County,100,exact,teton
MT,Toole,4.53,30101,Toole County,100,exact,toole
MT,Treasure,4.359,30103,Treasure County,100,exact,treasure
MT,Valley,4.339,30105,Valley County,100,exact,valley
MT,Wheatland,4.729,30107,Wheatland County,100,exact,wheatland
MT,Wibaux,4.299,30109,Wibaux County,100,exact,wibaux
MT,Yellowstone,4.51,30111,Yellowstone County,100,exact,yellowstone
NC,Alamance,4.17,37001,Alamance County,100,exact,alamance
NC,Alexander,4.113,37003,Alexander County,100,exact,alexander
NC,Alleghany,4.095,37005,Alleghany County,100,exact,alleghany
NC,Anson,4.194,37007,Anson County,100,exact,anson
NC,Ashe,3.922,37009,Ashe County,100,exact,ashe
NC,Avery,4.211,37011,Avery County,100,exact,avery
NC,Beaufort,4.152,37013,Beaufort County,100,exact,beaufort
NC,Bertie,4.232,37015,Bertie County,100,exact,bertie
NC,Bladen,4.102,37017,Bladen County,100,exact,bladen
NC,Brunswick,4.136,37019,Brunswick County,100,exact,brunswick
NC,Buncombe,4.193,37021,Buncombe County,100,exact,buncombe
NC,Burke,4.107,37023,Burke County,100,exact,burke
NC,Cabarrus,4.199,37025,Cabarrus County,100,exact,cabarrus
NC,Caldwell,4.105,37027,Caldwell County,100,exact,caldwell
NC,Camden,4.239,37029,Camden County,100,exact,camden
NC,Carteret,4.157,37031,Carteret County,100,exact,carteret
NC,Caswell,4.225,37033,Caswell County,100,exact,caswell
NC,Catawba,4.07,37035,Catawba County,100,exact,catawba
NC,Chatham,4.236,37037,Chatham County,100,exact,chatham
NC,Cherokee,4.148,37039,Cherokee County,100,exact,cherokee
NC,Chowan,4.233,37041,Chowan County,100,exact,chowan
NC,Clay,4.059,37043,Clay County,100,exact,clay
NC,Cleveland,4.169,37045,Cleveland County,100,exact,cleveland
NC,Columbus,4.148,37047,Columbus County,100,exact,columbus
NC,Craven,4.133,37049,Craven County,100,exact,craven
NC,Cumberland,4.101,37051,Cumberland County,100,exact,cumberland
NC,Currituck,4.238,37053,Currituck County,100,exact,currituck
NC,Dare,4.265,37055,Dare County,100,exact,dare
NC,Davidson,4.095,37057,Davidson County,100,exact,davidson
NC,Davie,4.167,37059,Davie County,100,exact,davie
NC,Duplin,4.156,37061,Duplin County,100,exact,duplin
NC,Durham,4.24,37063,Durham County,100,exact,durham
NC,Edgecombe,4.037,37065,Edgecombe County,100,exact,edgecombe
NC,Forsyth,4.169,37067,Forsyth County,100,exact,forsyth
NC,Franklin,4.182,37069,Franklin County,100,exact,franklin
NC,Gaston,4.223,37071,Gaston County,100,exact,gaston
NC,Gates,4.341,37073,Gates County,100,exact,gates
NC,Graham,4.213,37075,Graham County,100,exact,graham
NC,Granville,4.235,37077,Granville County,100,exact,granville
NC,Greene,4.174,37079,Greene County,100,exact,greene
NC,Guilford,4.181,37081,Guilford County,100,exact,guilford
NC,Halifax,4.185,37083,Halifax County,100,exact,halifax
NC,Harnett,4.1,37085,Harnett County,100,exact,harnett
NC,Haywood,4.174,37087,Haywood County,100,exact,haywood
NC,Henderson,4.181,37089,Henderson County,100,exact,henderson
NC,Hertford,4.235,37091,Hertford County,100,exact,hertford
NC,Hoke,4.169,37093,Hoke County,100,exact,hoke
NC,Hyde,4.479,37095,Hyde County,100,exact,hyde
NC,Iredell,4.176,37097,Iredell County,100,exact,iredell
NC,Jackson,4.282,37099,Jackson County,100,exact,jackson
NC,Johnston,4.147,37101,Johnston County,100,exact,johnston
NC,Jones,4.149,37103,Jones County,100,exact,jones
NC,Lee,4.228,37105,Lee County,100,exact,lee
NC,Lenoir,4.137,37107,Lenoir County,100,exact,lenoir
NC,Lincoln,4.118,37109,Lincoln County,100,exact,lincoln
NC,Macon,4.253,37113,Macon County,100,exact,macon
NC,Madison,4.239,37115,Madison County,100,exact,madison
NC,Martin,4.059,37117,Martin County,100,exact,martin
NC,McDowell,4.138,37111,McDowell County,100,exact,mcdowell
NC,Mecklenburg,4.189,37119,Mecklenburg County,100,exact,mecklenburg
NC,Mitchell,4.161,37121,Mitchell County,100,exact,mitchell
NC,Montgomery,4.172,37123,Montgomery County,100,exact,montgomery
NC,Moore,4.165,37125,Moore County,100,exact,moore
NC,Nash,4.07,37127,Nash County,100,exact,nash
NC,New Hanover,4.137,37129,New Hanover County,100,exact,new hanover
NC,Northampton,4.212,37131,Northampton County,100,exact,northampton
NC,Onslow,4.147,37133,Onslow County,100,exact,onslow
NC,Orange,4.264,37135,Orange County,100,exact,orange
NC,Pamlico,4.162,37137,Pamlico County,100,exact,pamlico
NC,Pasquotank,4.121,37139,Pasquotank County,100,exact,pasquotank
NC,Pender,4.125,37141,Pender County,100,exact,pender
NC,Perquimans,4.247,37143,Perquimans County,100,exact,perquimans
NC,Person,4.201,37145,Person County,100,exact,person
NC,Pitt,4.064,37147,Pitt County,100,exact,pitt
NC,Polk,4.284,37149,Polk County,100,exact,polk
NC,Randolph,4.151,37151,Randolph County,100,exact,randolph
NC,Richmond,4.139,37153,Richmond County,100,exact,richmond
NC,Robeson,4.161,37155,Robeson County,100,exact,robeson
NC,Rockingham,4.145,37157,Rockingham County,100,exact,rockingham
NC,Rowan,4.153,37159,Rowan County,100,exact,rowan
NC,Rutherford,4.211,37161,Rutherford County,100,exact,rutherford
NC,Sampson,4.085,37163,Sampson County,100,exact,sampson
NC,Scotland,4.133,37165,Scotland County,100,exact,scotland
NC,Stanly,4.147,37167,Stanly County,100,exact,stanly
NC,Stokes,4.23,37169,Stokes County,100,exact,stokes
NC,Surry,4.184,37171,Surry County,100,exact,surry
NC,Swain,4.201,37173,Swain County,100,exact,swain
NC,Transylvania,4.304,37175,Transylvania County,100,exact,transylvania
NC,Tyrrell,4.174,37177,Tyrrell County,100,exact,tyrrell
NC,Union,4.15,37179,Union County,100,exact,union
NC,Vance,4.196,37181,Vance County,100,exact,vance
NC,Wake,4.206,37183,Wake County,100,exact,wake
NC,Warren,4.17,37185,Warren County,100,exact,warren
NC,Washington,4.132,37187,Washington County,100,exact,washington
NC,Watauga,4.186,37189,Watauga County,100,exact,watauga
NC,Wayne,4.065,37191,Wayne County,100,exact,wayne
NC,Wilkes,4.104,37193,Wilkes County,100,exact,wilkes
NC,Wilson,4.111,37195,Wilson County,100,exact,wilson
NC,Yadkin,4.159,37197,Yadkin County,100,exact,yadkin
NC,Yancey,4.208,37199,Yancey County,100,exact,yancey
ND,Adams,4.199,38001,Adams County,100,exact,adams
ND,Barnes,4.05,38003,Barnes County,100,exact,barnes
ND,Benson,4.057,38005,Benson County,100,exact,benson
ND,Billings,4.299,38007,Billings County,100,exact,billings
ND,Bottineau,4.235,38009,Bottineau County,100,exact,bottineau
ND,Bowman,4.299,38011,Bowman County,100,exact,bowman
ND,Burke,4.149,38013,Burke County,100,exact,burke
ND,Burleigh,4.235,38015,Burleigh County,100,exact,burleigh
ND,Cass,4.011,38017,Cass County,100,exact,cass
ND,Cavalier,4.099,38019,Cavalier County,100,exact,cavalier
ND,Dickey,4.095,38021,Dickey County,100,exact,dickey
ND,Divide,4.299,38023,Divide County,100,exact,divide
ND,Dunn,4.457,38025,Dunn County,100,exact,dunn
ND,Eddy,3.999,38027,Eddy County,100,exact,eddy
ND,Emmons,4.299,38029,Emmons County,100,exact,emmons
ND,Foster,4.179,38031,Foster County,100,exact,foster
ND,Golden Valley,4.299,38033,Golden Valley County,100,exact,golden valley
ND,Grand Forks,4.006,38035,Grand Forks County,100,exact,grand forks
ND,Grant,4.629,38037,Grant County,100,exact,grant
ND,Griggs,4.229,38039,Griggs County,100,exact,griggs
ND,Hettinger,4.224,38041,Hettinger County,100,exact,hettinger
ND,Kidder,4.069,38043,Kidder County,100,exact,kidder
ND,LaMoure,4.199,38045,LaMoure County,100,exact,lamoure
ND,Logan,4.099,38047,Logan County,100,exact,logan
ND,McHenry,4.239,38049,McHenry County,100,exact,mchenry
ND,McIntosh,4.324,38051,McIntosh County,100,exact,mcintosh
ND,McKenzie,4.263,38053,McKenzie County,100,exact,mckenzie
ND,McLean,4.116,38055,McLean County,100,exact,mclean
ND,Mercer,4.248,38057,Mercer County,100,exact,mercer
ND,Morton,4.16,38059,Morton County,100,exact,morton
ND,Mountrail,4.23,38061,Mountrail County,100,exact,mountrail
ND,Nelson,4.031,38063,Nelson County,100,exact,nelson
ND,Oliver,4.099,38065,Oliver County,100,exact,oliver
ND,Pembina,4.102,38067,Pembina County,100,exact,pembina
ND,Pierce,4.199,38069,Pierce County,100,exact,pierce
ND,Ramsey,3.971,38071,Ramsey County,100,exact,ramsey
ND,Ransom,4.008,38073,Ransom County,100,exact,ransom
ND,Renville,4.224,38075,Renville County,100,exact,renville
ND,Richland,4.146,38077,Richland County,100,exact,richland
ND,Rolette,4.107,38079,Rolette County,100,exact,rolette
ND,Sargent,4.064,38081,Sargent County,100,exact,sargent
ND,Sheridan,4.134,38083,Sheridan County,100,exact,sheridan
ND,Sioux,4.299,38085,Sioux County,100,exact,sioux
ND,Stark,4.309,38089,Stark County,100,exact,stark
ND,Steele,4.249,38091,Steele County,100,exact,steele
ND,Stutsman,4.243,38093,Stutsman County,100,exact,stutsman
ND,Towner,3.959,38095,Towner County,100,exact,towner
ND,Traill,4.052,38097,Traill County,100,exact,traill
ND,Walsh,4.142,38099,Walsh County,100,exact,walsh
ND,Ward,4.199,38101,Ward County,100,exact,ward
ND,Wells,4.199,38103,Wells County,100,exact,wells
ND,Williams,4.266,38105,Williams County,100,exact,williams
NE,Adams,4.033,31001,Adams County,100,exact,adams
NE,Antelope,4.157,31003,Antelope County,100,exact,antelope
NE,Boone,4.249,31011,Boone County,100,exact,boone
NE,Box Butte,4.229,31013,Box Butte County,100,exact,box butte
NE,Boyd,4.099,31015,Boyd County,100,exact,boyd
NE,Brown,4.399,31017,Brown County,100,exact,brown
NE,Buffalo,4.09,31019,Buffalo County,100,exact,buffalo
NE,Burt,4.074,31021,Burt County,100,exact,burt
NE,Butler,4.062,31023,Butler County,100,exact,butler
NE,Cass,4.115,31025,Cass County,100,exact,cass
NE,Cedar,4.099,31027,Cedar County,100,exact,cedar
NE,Chase,4.549,31029,Chase County,100,exact,chase
NE,Cherry,4.048,31031,Cherry County,100,exact,cherry
NE,Cheyenne,4.313,31033,Cheyenne County,100,exact,cheyenne
NE,Clay,4.115,31035,Clay County,100,exact,clay
NE,Colfax,3.999,31037,Colfax County,100,exact,colfax
NE,Cuming,4.063,31039,Cuming County,100,exact,cuming
NE,Custer,4.268,31041,Custer County,100,exact,custer
NE,Dakota,4.098,31043,Dakota County,100,exact,dakota
NE,Dawes,4.311,31045,Dawes County,100,exact,dawes
NE,Dawson,4.167,31047,Dawson County,100,exact,dawson
NE,Deuel,4.261,31049,Deuel County,100,exact,deuel
NE,Dixon,4.266,31051,Dixon County,100,exact,dixon
NE,Dodge,4.07,31053,Dodge County,100,exact,dodge
NE,Douglas,4.097,31055,Douglas County,100,exact,douglas
NE,Dundy,4.199,31057,Dundy County,100,exact,dundy
NE,Fillmore,4.056,31059,Fillmore County,100,exact,fillmore
NE,Franklin,4.199,31061,Franklin County,100,exact,franklin
NE,Frontier,4.199,31063,Frontier County,100,exact,frontier
NE,Furnas,4.281,31065,Furnas County,100,exact,furnas
NE,Gage,4.091,31067,Gage County,100,exact,gage
NE,Garfield,4.649,31071,Garfield County,100,exact,garfield
NE,Grant,3.999,31075,Grant County,100,exact,grant
NE,Greeley,4.209,31077,Greeley County,100,exact,greeley
NE,Hall,4.129,31079,Hall County,100,exact,hall
NE,Hamilton,4.212,31081,Hamilton County,100,exact,hamilton
NE,Harlan,4.034,31083,Harlan County,100,exact,harlan
NE,Hitchcock,4.329,31087,Hitchcock County,100,exact,hitchcock
NE,Holt,4.141,31089,Holt County,100,exact,holt
NE,Hooker,3.999,31091,Hooker County,100,exact,hooker
NE,Howard,3.974,31093,Howard County,100,exact,howard
NE,Jefferson,4.099,31095,Jefferson County,100,exact,jefferson
NE,Johnson,4.132,31097,Johnson County,100,exact,johnson
NE,Kearney,4.159,31099,Kearney County,100,exact,kearney
NE,Keith,4.049,31101,Keith County,100,exact,keith
NE,Kimball,4.205,31105,Kimball County,100,exact,kimball
NE,Knox,4.137,31107,Knox County,100,exact,knox
NE,Lancaster,4.099,31109,Lancaster County,100,exact,lancaster
NE,Lincoln,4.199,31111,Lincoln County,100,exact,lincoln
NE,Logan,4.499,31113,Logan County,100,exact,logan
NE,Loup,4.649,31115,Loup County,100,exact,loup
NE,Madison,4.054,31119,Madison County,100,exact,madison
NE,Merrick,4.328,31121,Merrick County,100,exact,merrick
NE,Morrill,4.369,31123,Morrill County,100,exact,morrill
NE,Nance,3.999,31125,Nance County,100,exact,nance
NE,Nemaha,4.012,31127,Nemaha County,100,exact,nemaha
NE,Nuckolls,4.049,31129,Nuckolls County,100,exact,nuckolls
NE,Otoe,4.026,31131,Otoe County,100,exact,otoe
NE,Pawnee,3.899,31133,Pawnee County,100,exact,pawnee
NE,Perkins,4.421,31135,Perkins County,100,exact,perkins
NE,Phelps,4.083,31137,Phelps County,100,exact,phelps
NE,Pierce,3.955,31139,Pierce County,100,exact,pierce
NE,Platte,4.047,31141,Platte County,100,exact,platte
NE,Polk,4.024,31143,Polk County,100,exact,polk
NE,Red Willow,4.095,31145,Red Willow County,100,exact,red willow
NE,Richardson,4.039,31147,Richardson County,100,exact,richardson
NE,Rock,4.199,31149,Rock County,100,exact,rock
NE,Saline,3.999,31151,Saline County,100,exact,saline
NE,Sarpy,4.095,31153,Sarpy County,100,exact,sarpy
NE,Saunders,4.11,31155,Saunders County,100,exact,saunders
NE,Scotts Bluff,4.05,31157,Scotts Bluff County,100,exact,scotts bluff
NE,Seward,4.087,31159,Seward County,100,exact,seward
NE,Sheridan,4.199,31161,Sheridan County,100,exact,sheridan
NE,Sherman,4.649,31163,Sherman County,100,exact,sherman
NE,Stanton,4.034,31167,Stanton County,100,exact,stanton
NE,Thayer,4.166,31169,Thayer County,100,exact,thayer
NE,Thomas,4.399,31171,Thomas County,100,exact,thomas
NE,Thurston,4.046,31173,Thurston County,100,exact,thurston
NE,Valley,4.362,31175,Valley County,100,exact,valley
NE,Washington,4.076,31177,Washington County,100,exact,washington
NE,Wayne,4.087,31179,Wayne County,100,exact,wayne
NE,Webster,4.032,31181,Webster County,100,exact,webster
NE,York,4.096,31185,York County,100,exact,york
NH,Belknap,4.477,33001,Belknap County,100,exact,belknap
NH,Carroll,4.497,33003,Carroll County,100,exact,carroll
NH,Cheshire,4.489,33005,Cheshire County,100,exact,cheshire
NH,Coos,4.532,33007,Coos County,100,exact,coos
NH,Grafton,4.508,33009,Grafton County,100,exact,grafton
NH,Hillsborough,4.466,33011,Hillsborough County,100,exact,hillsborough
NH,Merrimack,4.471,33013,Merrimack County,100,exact,merrimack
NH,Rockingham,4.455,33015,Rockingham County,100,exact,rockingham
NH,Strafford,4.547,33017,Strafford County,100,exact,strafford
NH,Sullivan,4.552,33019,Sullivan County,100,exact,sullivan
NJ,Atlantic,4.526,34001,Atlantic County,100,exact,atlantic
NJ,Bergen,4.503,34003,Bergen County,100,exact,bergen
NJ,Burlington,4.495,34005,Burlington County,100,exact,burlington
NJ,Camden,4.492,34007,Camden County,100,exact,camden
NJ,Cape May,4.641,34009,Cape May County,100,exact,cape may
NJ,Cumberland,4.517,34011,Cumberland County,100,exact,cumberland
NJ,Essex,4.591,34013,Essex County,100,exact,essex
NJ,Gloucester,4.512,34015,Gloucester County,100,exact,gloucester
NJ,Hudson,4.53,34017,Hudson County,100,exact,hudson
NJ,Hunterdon,4.494,34019,Hunterdon County,100,exact,hunterdon
NJ,Mercer,4.486,34021,Mercer County,100,exact,mercer
NJ,Middlesex,4.496,34023,Middlesex County,100,exact,middlesex
NJ,Monmouth,4.539,34025,Monmouth County,100,exact,monmouth
NJ,Morris,4.534,34027,Morris County,100,exact,morris
NJ,Ocean,4.539,34029,Ocean County,100,exact,ocean
NJ,Passaic,4.517,34031,Passaic County,100,exact,passaic
NJ,Salem,4.434,34033,Salem County,100,exact,salem
NJ,Somerset,4.558,34035,Somerset County,100,exact,somerset
NJ,Sussex,4.497,34037,Sussex County,100,exact,sussex
NJ,Union,4.504,34039,Union County,100,exact,union
NJ,Warren,4.46,34041,Warren County,100,exact,warren
NM,Bernalillo,4.348,35001,Bernalillo County,100,exact,bernalillo
NM,Catron,4.727,35003,Catron County,100,exact,catron
NM,Chaves,4.286,35005,Chaves County,100,exact,chaves
NM,Cibola,4.328,35006,Cibola County,100,exact,cibola
NM,Colfax,4.277,35007,Colfax County,100,exact,colfax
NM,Curry,4.325,35009,Curry County,100,exact,curry
NM,De Baca,4.349,35011,De Baca County,100,exact,de baca
NM,Dona Ana,4.261,35013,DoÃƒÂ±a Ana County,93,fuzzy,dona ana
NM,Eddy,4.338,35015,Eddy County,100,exact,eddy
NM,Grant,4.549,35017,Grant County,100,exact,grant
NM,Guadalupe,4.24,35019,Guadalupe County,100,exact,guadalupe
NM,Harding,4.849,35021,Harding County,100,exact,harding
NM,Hidalgo,4.342,35023,Hidalgo County,100,exact,hidalgo
NM,Lea,4.275,35025,Lea County,100,exact,lea
NM,Lincoln,4.423,35027,Lincoln County,100,exact,lincoln
NM,Los Alamos,4.324,35028,Los Alamos County,100,exact,los alamos
NM,Luna,4.355,35029,Luna County,100,exact,luna
NM,McKinley,4.342,35031,McKinley County,100,exact,mckinley
NM,Mora,4.399,35033,Mora County,100,exact,mora
NM,Otero,4.237,35035,Otero County,100,exact,otero
NM,Quay,4.344,35037,Quay County,100,exact,quay
NM,Rio Arriba,4.24,35039,Rio Arriba County,100,exact,rio arriba
NM,Roosevelt,4.374,35041,Roosevelt County,100,exact,roosevelt
NM,San Juan,4.484,35045,San Juan County,100,exact,san juan
NM,San Miguel,4.367,35047,San Miguel County,100,exact,san miguel
NM,Sandoval,4.329,35043,Sandoval County,100,exact,sandoval
NM,Santa Fe,4.287,35049,Santa Fe County,100,exact,santa fe
NM,Sierra,4.495,35051,Sierra County,100,exact,sierra
NM,Socorro,4.452,35053,Socorro County,100,exact,socorro
NM,Taos,4.372,35055,Taos County,100,exact,taos
NM,Torrance,4.382,35057,Torrance County,100,exact,torrance
NM,Union,4.149,35059,Union County,100,exact,union
NM,Valencia,4.356,35061,Valencia County,100,exact,valencia
NV,Carson City,4.942,32510,Carson City,71,fuzzy,carson city
NV,Churchill,5.059,32001,Churchill County,100,exact,churchill
NV,Clark,5.277,32003,Clark County,100,exact,clark
NV,Douglas,5.051,32005,Douglas County,100,exact,douglas
NV,Elko,4.614,32007,Elko County,100,exact,elko
NV,Esmeralda,5.719,32009,Esmeralda County,100,exact,esmeralda
NV,Eureka,4.799,32011,Eureka County,100,exact,eureka
NV,Humboldt,4.799,32013,Humboldt County,100,exact,humboldt
NV,Lander,4.737,32015,Lander County,100,exact,lander
NV,Lincoln,4.879,32017,Lincoln County,100,exact,lincoln
NV,Lyon,4.853,32019,Lyon County,100,exact,lyon
NV,Mineral,5.477,32021,Mineral County,100,exact,mineral
NV,Nye,4.99,32023,Nye County,100,exact,nye
NV,Pershing,4.923,32027,Pershing County,100,exact,pershing
NV,Storey,4.849,32029,Storey County,100,exact,storey
NV,Washoe,5.523,32031,Washoe County,100,exact,washoe
NV,White Pine,4.557,32033,White Pine County,100,exact,white pine
NY,Albany,4.571,36001,Albany County,100,exact,albany
NY,Allegany,4.512,36003,Allegany County,100,exact,allegany
NY,Bronx,4.676,36005,Bronx County,100,exact,bronx
NY,Broome,4.587,36007,Broome County,100,exact,broome
NY,Cattaraugus,4.492,36009,Cattaraugus County,100,exact,cattaraugus
NY,Cayuga,4.553,36011,Cayuga County,100,exact,cayuga
NY,Chautauqua,4.602,36013,Chautauqua County,100,exact,chautauqua
NY,Chemung,4.516,36015,Chemung County,100,exact,chemung
NY,Chenango,4.576,36017,Chenango County,100,exact,chenango
NY,Clinton,4.624,36019,Clinton County,100,exact,clinton
NY,Columbia,4.578,36021,Columbia County,100,exact,columbia
NY,Cortland,4.587,36023,Cortland County,100,exact,cortland
NY,Delaware,4.593,36025,Delaware County,100,exact,delaware
NY,Dutchess,4.587,36027,Dutchess County,100,exact,dutchess
NY,Erie,4.586,36029,Erie County,100,exact,erie
NY,Essex,4.782,36031,Essex County,100,exact,essex
NY,Franklin,4.727,36033,Franklin County,100,exact,franklin
NY,Fulton,4.589,36035,Fulton County,100,exact,fulton
NY,Genesee,4.55,36037,Genesee County,100,exact,genesee
NY,Greene,4.526,36039,Greene County,100,exact,greene
NY,Hamilton,4.719,36041,Hamilton County,100,exact,hamilton
NY,Herkimer,4.502,36043,Herkimer County,100,exact,herkimer
NY,Jefferson,4.591,36045,Jefferson County,100,exact,jefferson
NY,Kings,4.632,36047,Kings County,100,exact,kings
NY,Lewis,4.633,36049,Lewis County,100,exact,lewis
NY,Livingston,4.59,36051,Livingston County,100,exact,livingston
NY,Madison,4.571,36053,Madison County,100,exact,madison
NY,Monroe,4.58,36055,Monroe County,100,exact,monroe
NY,Montgomery,4.575,36057,Montgomery County,100,exact,montgomery
NY,Nassau,4.524,36059,Nassau County,100,exact,nassau
NY,New York,5,36061,New York County,100,exact,new york
NY,Niagara,4.538,36063,Niagara County,100,exact,niagara
NY,Oneida,4.577,36065,Oneida County,100,exact,oneida
NY,Onondaga,4.568,36067,Onondaga County,100,exact,onondaga
NY,Ontario,4.589,36069,Ontario County,100,exact,ontario
NY,Orange,4.565,36071,Orange County,100,exact,orange
NY,Orleans,4.599,36073,Orleans County,100,exact,orleans
NY,Oswego,4.552,36075,Oswego County,100,exact,oswego
NY,Otsego,4.584,36077,Otsego County,100,exact,otsego
NY,Putnam,4.646,36079,Putnam County,100,exact,putnam
NY,Queens,4.642,36081,Queens County,100,exact,queens
NY,Rensselaer,4.571,36083,Rensselaer County,100,exact,rensselaer
NY,Richmond,4.671,36085,Richmond County,100,exact,richmond
NY,Rockland,4.725,36087,Rockland County,100,exact,rockland
NY,Saratoga,4.562,36091,Saratoga County,100,exact,saratoga
NY,Schenectady,4.54,36093,Schenectady County,100,exact,schenectady
NY,Schoharie,4.547,36095,Schoharie County,100,exact,schoharie
NY,Schuyler,4.536,36097,Schuyler County,100,exact,schuyler
NY,Seneca,4.476,36099,Seneca County,100,exact,seneca
NY,Saint Lawrence,4.796,36089,St. Lawrence County,88,fuzzy,saint lawrence
NY,Steuben,4.571,36101,Steuben County,100,exact,steuben
NY,Suffolk,4.538,36103,Suffolk County,100,exact,suffolk
NY,Sullivan,4.564,36105,Sullivan County,100,exact,sullivan
NY,Tioga,4.566,36107,Tioga County,100,exact,tioga
NY,Tompkins,4.592,36109,Tompkins County,100,exact,tompkins
NY,Ulster,4.529,36111,Ulster County,100,exact,ulster
NY,Warren,4.604,36113,Warren County,100,exact,warren
NY,Washington,4.567,36115,Washington County,100,exact,washington
NY,Wayne,4.589,36117,Wayne County,100,exact,wayne
NY,Westchester,4.739,36119,Westchester County,100,exact,westchester
NY,Wyoming,4.604,36121,Wyoming County,100,exact,wyoming
NY,Yates,4.566,36123,Yates County,100,exact,yates
OH,Adams,4.875,39001,Adams County,100,exact,adams
OH,Allen,4.533,39003,Allen County,100,exact,allen
OH,Ashland,4.696,39005,Ashland County,100,exact,ashland
OH,Ashtabula,4.715,39007,Ashtabula County,100,exact,ashtabula
OH,Athens,4.796,39009,Athens County,100,exact,athens
OH,Auglaize,4.505,39011,Auglaize County,100,exact,auglaize
OH,Belmont,4.683,39013,Belmont County,100,exact,belmont
OH,Brown,4.767,39015,Brown County,100,exact,brown
OH,Butler,4.459,39017,Butler County,100,exact,butler
OH,Carroll,4.824,39019,Carroll County,100,exact,carroll
OH,Champaign,4.695,39021,Champaign County,100,exact,champaign
OH,Clark,4.555,39023,Clark County,100,exact,clark
OH,Clermont,4.548,39025,Clermont County,100,exact,clermont
OH,Clinton,4.64,39027,Clinton County,100,exact,clinton
OH,Columbiana,4.55,39029,Columbiana County,100,exact,columbiana
OH,Coshocton,4.68,39031,Coshocton County,100,exact,coshocton
OH,Crawford,4.743,39033,Crawford County,100,exact,crawford
OH,Cuyahoga,4.742,39035,Cuyahoga County,100,exact,cuyahoga
OH,Darke,4.684,39037,Darke County,100,exact,darke
OH,Defiance,4.606,39039,Defiance County,100,exact,defiance
OH,Delaware,4.581,39041,Delaware County,100,exact,delaware
OH,Erie,4.777,39043,Erie County,100,exact,erie
OH,Fairfield,4.704,39045,Fairfield County,100,exact,fairfield
OH,Fayette,4.647,39047,Fayette County,100,exact,fayette
OH,Franklin,4.702,39049,Franklin County,100,exact,franklin
OH,Fulton,4.502,39051,Fulton County,100,exact,fulton
OH,Gallia,4.674,39053,Gallia County,100,exact,gallia
OH,Geauga,4.832,39055,Geauga County,100,exact,geauga
OH,Greene,4.585,39057,Greene County,100,exact,greene
OH,Guernsey,4.559,39059,Guernsey County,100,exact,guernsey
OH,Hamilton,4.59,39061,Hamilton County,100,exact,hamilton
OH,Hancock,4.432,39063,Hancock County,100,exact,hancock
OH,Hardin,4.591,39065,Hardin County,100,exact,hardin
OH,Harrison,4.932,39067,Harrison County,100,exact,harrison
OH,Henry,4.546,39069,Henry County,100,exact,henry
OH,Highland,4.64,39071,Highland County,100,exact,highland
OH,Hocking,4.608,39073,Hocking County,100,exact,hocking
OH,Holmes,4.72,39075,Holmes County,100,exact,holmes
OH,Huron,4.817,39077,Huron County,100,exact,huron
OH,Jackson,4.667,39079,Jackson County,100,exact,jackson
OH,Jefferson,4.634,39081,Jefferson County,100,exact,jefferson
OH,Knox,4.912,39083,Knox County,100,exact,knox
OH,Lake,4.677,39085,Lake County,100,exact,lake
OH,Lawrence,4.417,39087,Lawrence County,100,exact,lawrence
OH,Licking,4.648,39089,Licking County,100,exact,licking
OH,Logan,4.64,39091,Logan County,100,exact,logan
OH,Lorain,4.713,39093,Lorain County,100,exact,lorain
OH,Lucas,4.552,39095,Lucas County,100,exact,lucas
OH,Madison,4.643,39097,Madison County,100,exact,madison
OH,Mahoning,4.649,39099,Mahoning County,100,exact,mahoning
OH,Marion,4.755,39101,Marion County,100,exact,marion
OH,Medina,4.763,39103,Medina County,100,exact,medina
OH,Meigs,4.545,39105,Meigs County,100,exact,meigs
OH,Mercer,4.589,39107,Mercer County,100,exact,mercer
OH,Miami,4.618,39109,Miami County,100,exact,miami
OH,Monroe,4.719,39111,Monroe County,100,exact,monroe
OH,Montgomery,4.626,39113,Montgomery County,100,exact,montgomery
OH,Morgan,4.691,39115,Morgan County,100,exact,morgan
OH,Morrow,4.831,39117,Morrow County,100,exact,morrow
OH,Muskingum,4.656,39119,Muskingum County,100,exact,muskingum
OH,Noble,4.867,39121,Noble County,100,exact,noble
OH,Ottawa,4.831,39123,Ottawa County,100,exact,ottawa
OH,Paulding,4.784,39125,Paulding County,100,exact,paulding
OH,Perry,4.767,39127,Perry County,100,exact,perry
OH,Pickaway,4.762,39129,Pickaway County,100,exact,pickaway
OH,Pike,4.807,39131,Pike County,100,exact,pike
OH,Portage,4.672,39133,Portage County,100,exact,portage
OH,Preble,4.639,39135,Preble County,100,exact,preble
OH,Putnam,4.566,39137,Putnam County,100,exact,putnam
OH,Richland,4.636,39139,Richland County,100,exact,richland
OH,Ross,4.698,39141,Ross County,100,exact,ross
OH,Sandusky,4.73,39143,Sandusky County,100,exact,sandusky
OH,Scioto,4.677,39145,Scioto County,100,exact,scioto
OH,Seneca,4.64,39147,Seneca County,100,exact,seneca
OH,Shelby,4.491,39149,Shelby County,100,exact,shelby
OH,Stark,4.619,39151,Stark County,100,exact,stark
OH,Summit,4.651,39153,Summit County,100,exact,summit
OH,Trumbull,4.57,39155,Trumbull County,100,exact,trumbull
OH,Tuscarawas,4.709,39157,Tuscarawas County,100,exact,tuscarawas
OH,Union,4.571,39159,Union County,100,exact,union
OH,Van Wert,4.485,39161,Van Wert County,100,exact,van wert
OH,Vinton,4.709,39163,Vinton County,100,exact,vinton
OH,Warren,4.491,39165,Warren County,100,exact,warren
OH,Washington,4.675,39167,Washington County,100,exact,washington
OH,Wayne,4.687,39169,Wayne County,100,exact,wayne
OH,Williams,4.652,39171,Williams County,100,exact,williams
OH,Wood,4.613,39173,Wood County,100,exact,wood
OH,Wyandot,4.605,39175,Wyandot County,100,exact,wyandot
OK,Adair,3.959,40001,Adair County,100,exact,adair
OK,Alfalfa,4.119,40003,Alfalfa County,100,exact,alfalfa
OK,Atoka,3.933,40005,Atoka County,100,exact,atoka
OK,Beaver,4.209,40007,Beaver County,100,exact,beaver
OK,Beckham,4.233,40009,Beckham County,100,exact,beckham
OK,Blaine,4.067,40011,Blaine County,100,exact,blaine
OK,Bryan,3.822,40013,Bryan County,100,exact,bryan
OK,Caddo,4.072,40015,Caddo County,100,exact,caddo
OK,Canadian,3.863,40017,Canadian County,100,exact,canadian
OK,Carter,3.872,40019,Carter County,100,exact,carter
OK,Cherokee,3.925,40021,Cherokee County,100,exact,cherokee
OK,Choctaw,4.064,40023,Choctaw County,100,exact,choctaw
OK,Cimarron,3.909,40025,Cimarron County,100,exact,cimarron
OK,Cleveland,3.929,40027,Cleveland County,100,exact,cleveland
OK,Coal,4.469,40029,Coal County,100,exact,coal
OK,Comanche,3.867,40031,Comanche County,100,exact,comanche
OK,Cotton,4.034,40033,Cotton County,100,exact,cotton
OK,Craig,3.961,40035,Craig County,100,exact,craig
OK,Creek,4.059,40037,Creek County,100,exact,creek
OK,Custer,4.099,40039,Custer County,100,exact,custer
OK,Delaware,3.987,40041,Delaware County,100,exact,delaware
OK,Dewey,4.249,40043,Dewey County,100,exact,dewey
OK,Ellis,4.199,40045,Ellis County,100,exact,ellis
OK,Garfield,3.997,40047,Garfield County,100,exact,garfield
OK,Garvin,3.923,40049,Garvin County,100,exact,garvin
OK,Grady,4.013,40051,Grady County,100,exact,grady
OK,Grant,3.899,40053,Grant County,100,exact,grant
OK,Greer,3.932,40055,Greer County,100,exact,greer
OK,Harmon,4.284,40057,Harmon County,100,exact,harmon
OK,Harper,4.073,40059,Harper County,100,exact,harper
OK,Haskell,4.002,40061,Haskell County,100,exact,haskell
OK,Hughes,4.034,40063,Hughes County,100,exact,hughes
OK,Jackson,3.984,40065,Jackson County,100,exact,jackson
OK,Jefferson,4.017,40067,Jefferson County,100,exact,jefferson
OK,Johnston,4.012,40069,Johnston County,100,exact,johnston
OK,Kay,3.952,40071,Kay County,100,exact,kay
OK,Kingfisher,3.963,40073,Kingfisher County,100,exact,kingfisher
OK,Kiowa,4.008,40075,Kiowa County,100,exact,kiowa
OK,Latimer,3.982,40077,Latimer County,100,exact,latimer
OK,Le Flore,3.953,40079,Le Flore County,100,exact,le flore
OK,Lincoln,4.091,40081,Lincoln County,100,exact,lincoln
OK,Logan,4.204,40083,Logan County,100,exact,logan
OK,Love,4.009,40085,Love County,100,exact,love
OK,Major,3.82,40093,Major County,100,exact,major
OK,Marshall,4.006,40095,Marshall County,100,exact,marshall
OK,Mayes,4.035,40097,Mayes County,100,exact,mayes
OK,McClain,4.076,40087,McClain County,100,exact,mcclain
OK,McCurtain,3.887,40089,McCurtain County,100,exact,mccurtain
OK,McIntosh,3.89,40091,McIntosh County,100,exact,mcintosh
OK,Murray,4.054,40099,Murray County,100,exact,murray
OK,Muskogee,3.906,40101,Muskogee County,100,exact,muskogee
OK,Noble,3.996,40103,Noble County,100,exact,noble
OK,Nowata,4.044,40105,Nowata County,100,exact,nowata
OK,Okfuskee,3.999,40107,Okfuskee County,100,exact,okfuskee
OK,Oklahoma,3.913,40109,Oklahoma County,100,exact,oklahoma
OK,Okmulgee,3.863,40111,Okmulgee County,100,exact,okmulgee
OK,Osage,3.983,40113,Osage County,100,exact,osage
OK,Ottawa,3.925,40115,Ottawa County,100,exact,ottawa
OK,Pawnee,4.077,40117,Pawnee County,100,exact,pawnee
OK,Payne,3.978,40119,Payne County,100,exact,payne
OK,Pittsburg,3.892,40121,Pittsburg County,100,exact,pittsburg
OK,Pontotoc,3.958,40123,Pontotoc County,100,exact,pontotoc
OK,Pottawatomie,4.03,40125,Pottawatomie County,100,exact,pottawatomie
OK,Pushmataha,4.087,40127,Pushmataha County,100,exact,pushmataha
OK,Roger Mills,4.219,40129,Roger Mills County,100,exact,roger mills
OK,Rogers,4.065,40131,Rogers County,100,exact,rogers
OK,Seminole,3.909,40133,Seminole County,100,exact,seminole
OK,Sequoyah,3.923,40135,Sequoyah County,100,exact,sequoyah
OK,Stephens,4.057,40137,Stephens County,100,exact,stephens
OK,Texas,3.88,40139,Texas County,100,exact,texas
OK,Tillman,3.893,40141,Tillman County,100,exact,tillman
OK,Tulsa,4.12,40143,Tulsa County,100,exact,tulsa
OK,Wagoner,3.929,40145,Wagoner County,100,exact,wagoner
OK,Washington,3.892,40147,Washington County,100,exact,washington
OK,Washita,3.895,40149,Washita County,100,exact,washita
OK,Woods,3.985,40151,Woods County,100,exact,woods
OK,Woodward,3.95,40153,Woodward County,100,exact,woodward
OR,Baker,4.866,41001,Baker County,100,exact,baker
OR,Benton,5.177,41003,Benton County,100,exact,benton
OR,Clackamas,5.384,41005,Clackamas County,100,exact,clackamas
OR,Clatsop,5.484,41007,Clatsop County,100,exact,clatsop
OR,Columbia,5.441,41009,Columbia County,100,exact,columbia
OR,Coos,5.392,41011,Coos County,100,exact,coos
OR,Crook,5.342,41013,Crook County,100,exact,crook
OR,Curry,5.553,41015,Curry County,100,exact,curry
OR,Deschutes,5.319,41017,Deschutes County,100,exact,deschutes
OR,Douglas,5.356,41019,Douglas County,100,exact,douglas
OR,Gilliam,5.104,41021,Gilliam County,100,exact,gilliam
OR,Grant,5.429,41023,Grant County,100,exact,grant
OR,Harney,5.486,41025,Harney County,100,exact,harney
OR,Hood River,5.315,41027,Hood River County,100,exact,hood river
OR,Jackson,5.422,41029,Jackson County,100,exact,jackson
OR,Jefferson,5.257,41031,Jefferson County,100,exact,jefferson
OR,Josephine,5.444,41033,Josephine County,100,exact,josephine
OR,Klamath,5.217,41035,Klamath County,100,exact,klamath
OR,Lake,5.375,41037,Lake County,100,exact,lake
OR,Lane,5.312,41039,Lane County,100,exact,lane
OR,Lincoln,5.212,41041,Lincoln County,100,exact,lincoln
OR,Linn,5.25,41043,Linn County,100,exact,linn
OR,Malheur,4.819,41045,Malheur County,100,exact,malheur
OR,Marion,5.241,41047,Marion County,100,exact,marion
OR,Morrow,4.995,41049,Morrow County,100,exact,morrow
OR,Multnomah,5.472,41051,Multnomah County,100,exact,multnomah
OR,Polk,5.229,41053,Polk County,100,exact,polk
OR,Sherman,5.099,41055,Sherman County,100,exact,sherman
OR,Tillamook,5.591,41057,Tillamook County,100,exact,tillamook
OR,Umatilla,5.131,41059,Umatilla County,100,exact,umatilla
OR,Union,5.094,41061,Union County,100,exact,union
OR,Wallowa,5.336,41063,Wallowa County,100,exact,wallowa
OR,Wasco,5.397,41065,Wasco County,100,exact,wasco
OR,Washington,5.354,41067,Washington County,100,exact,washington
OR,Yamhill,5.351,41071,Yamhill County,100,exact,yamhill
PA,Adams,4.551,42001,Adams County,100,exact,adams
PA,Allegheny,4.915,42003,Allegheny County,100,exact,allegheny
PA,Armstrong,4.933,42005,Armstrong County,100,exact,armstrong
PA,Beaver,4.925,42007,Beaver County,100,exact,beaver
PA,Bedford,4.666,42009,Bedford County,100,exact,bedford
PA,Berks,4.592,42011,Berks County,100,exact,berks
PA,Blair,4.683,42013,Blair County,100,exact,blair
PA,Bradford,4.691,42015,Bradford County,100,exact,bradford
PA,Bucks,4.593,42017,Bucks County,100,exact,bucks
PA,Butler,4.885,42019,Butler County,100,exact,butler
PA,Cambria,4.669,42021,Cambria County,100,exact,cambria
PA,Cameron,4.692,42023,Cameron County,100,exact,cameron
PA,Carbon,4.532,42025,Carbon County,100,exact,carbon
PA,Centre,4.655,42027,Centre County,100,exact,centre
PA,Chester,4.587,42029,Chester County,100,exact,chester
PA,Clarion,4.737,42031,Clarion County,100,exact,clarion
PA,Clearfield,4.668,42033,Clearfield County,100,exact,clearfield
PA,Clinton,4.591,42035,Clinton County,100,exact,clinton
PA,Columbia,4.553,42037,Columbia County,100,exact,columbia
PA,Crawford,4.824,42039,Crawford County,100,exact,crawford
PA,Cumberland,4.487,42041,Cumberland County,100,exact,cumberland
PA,Dauphin,4.538,42043,Dauphin County,100,exact,dauphin
PA,Delaware,4.618,42045,Delaware County,100,exact,delaware
PA,Elk,4.879,42047,Elk County,100,exact,elk
PA,Erie,4.78,42049,Erie County,100,exact,erie
PA,Fayette,4.908,42051,Fayette County,100,exact,fayette
PA,Forest,4.912,42053,Forest County,100,exact,forest
PA,Franklin,4.319,42055,Franklin County,100,exact,franklin
PA,Fulton,4.521,42057,Fulton County,100,exact,fulton
PA,Greene,4.882,42059,Greene County,100,exact,greene
PA,Huntingdon,4.633,42061,Huntingdon County,100,exact,huntingdon
PA,Indiana,4.833,42063,Indiana County,100,exact,indiana
PA,Jefferson,4.647,42065,Jefferson County,100,exact,jefferson
PA,Juniata,4.542,42067,Juniata County,100,exact,juniata
PA,Lackawanna,4.613,42069,Lackawanna County,100,exact,lackawanna
PA,Lancaster,4.524,42071,Lancaster County,100,exact,lancaster
PA,Lawrence,4.869,42073,Lawrence County,100,exact,lawrence
PA,Lebanon,4.486,42075,Lebanon County,100,exact,lebanon
PA,Lehigh,4.536,42077,Lehigh County,100,exact,lehigh
PA,Luzerne,4.571,42079,Luzerne County,100,exact,luzerne
PA,Lycoming,4.425,42081,Lycoming County,100,exact,lycoming
PA,McKean,4.742,42083,McKean County,100,exact,mckean
PA,Mercer,4.846,42085,Mercer County,100,exact,mercer
PA,Mifflin,4.281,42087,Mifflin County,100,exact,mifflin
PA,Monroe,4.566,42089,Monroe County,100,exact,monroe
PA,Montgomery,4.605,42091,Montgomery County,100,exact,montgomery
PA,Montour,4.316,42093,Montour County,100,exact,montour
PA,Northampton,4.5,42095,Northampton County,100,exact,northampton
PA,Northumberland,4.39,42097,Northumberland County,100,exact,northumberland
PA,Perry,4.577,42099,Perry County,100,exact,perry
PA,Philadelphia,4.667,42101,Philadelphia County,100,exact,philadelphia
PA,Pike,4.673,42103,Pike County,100,exact,pike
PA,Potter,4.742,42105,Potter County,100,exact,potter
PA,Schuylkill,4.572,42107,Schuylkill County,100,exact,schuylkill
PA,Snyder,4.509,42109,Snyder County,100,exact,snyder
PA,Somerset,4.817,42111,Somerset County,100,exact,somerset
PA,Sullivan,4.699,42113,Sullivan County,100,exact,sullivan
PA,Susquehanna,4.7,42115,Susquehanna County,100,exact,susquehanna
PA,Tioga,4.719,42117,Tioga County,100,exact,tioga
PA,Union,4.362,42119,Union County,100,exact,union
PA,Venango,4.862,42121,Venango County,100,exact,venango
PA,Warren,4.815,42123,Warren County,100,exact,warren
PA,Washington,4.898,42125,Washington County,100,exact,washington
PA,Wayne,4.584,42127,Wayne County,100,exact,wayne
PA,Westmoreland,4.88,42129,Westmoreland County,100,exact,westmoreland
PA,Wyoming,4.62,42131,Wyoming County,100,exact,wyoming
PA,York,4.462,42133,York County,100,exact,york
RI,Bristol,4.498,44001,Bristol County,100,exact,bristol
RI,Kent,4.456,44003,Kent County,100,exact,kent
RI,Newport,4.478,44005,Newport County,100,exact,newport
RI,Providence,4.474,44007,Providence County,100,exact,providence
RI,Washington,4.556,44009,Washington County,100,exact,washington
SC,Abbeville,4.116,45001,Abbeville County,100,exact,abbeville
SC,Aiken,4.021,45003,Aiken County,100,exact,aiken
SC,Allendale,4.299,45005,Allendale County,100,exact,allendale
SC,Anderson,4.1,45007,Anderson County,100,exact,anderson
SC,Bamberg,4.228,45009,Bamberg County,100,exact,bamberg
SC,Barnwell,4.258,45011,Barnwell County,100,exact,barnwell
SC,Beaufort,4.182,45013,Beaufort County,100,exact,beaufort
SC,Berkeley,4.112,45015,Berkeley County,100,exact,berkeley
SC,Calhoun,4.219,45017,Calhoun County,100,exact,calhoun
SC,Charleston,4.166,45019,Charleston County,100,exact,charleston
SC,Cherokee,4.08,45021,Cherokee County,100,exact,cherokee
SC,Chester,4.182,45023,Chester County,100,exact,chester
SC,Chesterfield,4.067,45025,Chesterfield County,100,exact,chesterfield
SC,Clarendon,4.147,45027,Clarendon County,100,exact,clarendon
SC,Colleton,4.175,45029,Colleton County,100,exact,colleton
SC,Darlington,4.1,45031,Darlington County,100,exact,darlington
SC,Dillon,4.091,45033,Dillon County,100,exact,dillon
SC,Dorchester,4.138,45035,Dorchester County,100,exact,dorchester
SC,Edgefield,4.216,45037,Edgefield County,100,exact,edgefield
SC,Fairfield,4.206,45039,Fairfield County,100,exact,fairfield
SC,Florence,4.149,45041,Florence County,100,exact,florence
SC,Georgetown,4.15,45043,Georgetown County,100,exact,georgetown
SC,Greenville,4.181,45045,Greenville County,100,exact,greenville
SC,Greenwood,4.126,45047,Greenwood County,100,exact,greenwood
SC,Hampton,4.237,45049,Hampton County,100,exact,hampton
SC,Horry,4.093,45051,Horry County,100,exact,horry
SC,Jasper,4.234,45053,Jasper County,100,exact,jasper
SC,Kershaw,4.18,45055,Kershaw County,100,exact,kershaw
SC,Lancaster,4.154,45057,Lancaster County,100,exact,lancaster
SC,Laurens,4.14,45059,Laurens County,100,exact,laurens
SC,Lee,4.152,45061,Lee County,100,exact,lee
SC,Lexington,4.133,45063,Lexington County,100,exact,lexington
SC,Marion,4.12,45067,Marion County,100,exact,marion
SC,Marlboro,4.124,45069,Marlboro County,100,exact,marlboro
SC,McCormick,4.109,45065,McCormick County,100,exact,mccormick
SC,Newberry,4.186,45071,Newberry County,100,exact,newberry
SC,Oconee,3.985,45073,Oconee County,100,exact,oconee
SC,Orangeburg,4.227,45075,Orangeburg County,100,exact,orangeburg
SC,Pickens,4.109,45077,Pickens County,100,exact,pickens
SC,Richland,4.154,45079,Richland County,100,exact,richland
SC,Saluda,4.109,45081,Saluda County,100,exact,saluda
SC,Spartanburg,4.082,45083,Spartanburg County,100,exact,spartanburg
SC,Sumter,4.213,45085,Sumter County,100,exact,sumter
SC,Union,4.114,45087,Union County,100,exact,union
SC,Williamsburg,4.203,45089,Williamsburg County,100,exact,williamsburg
SC,York,4.076,45091,York County,100,exact,york
SD,Aurora,3.926,46003,Aurora County,100,exact,aurora
SD,Beadle,4.216,46005,Beadle County,100,exact,beadle
SD,Bennett,4.444,46007,Bennett County,100,exact,bennett
SD,Bon Homme,4.125,46009,Bon Homme County,100,exact,bon homme
SD,Brookings,4.203,46011,Brookings County,100,exact,brookings
SD,Brown,4.288,46013,Brown County,100,exact,brown
SD,Brule,4.426,46015,Brule County,100,exact,brule
SD,Buffalo,4.694,46017,Buffalo County,100,exact,buffalo
SD,Butte,4.403,46019,Butte County,100,exact,butte
SD,Campbell,3.999,46021,Campbell County,100,exact,campbell
SD,Charles Mix,4.275,46023,Charles Mix County,100,exact,charles mix
SD,Clark,4.382,46025,Clark County,100,exact,clark
SD,Clay,4.169,46027,Clay County,100,exact,clay
SD,Codington,4.124,46029,Codington County,100,exact,codington
SD,Corson,4.209,46031,Corson County,100,exact,corson
SD,Custer,4.428,46033,Custer County,100,exact,custer
SD,Davison,4.025,46035,Davison County,100,exact,davison
SD,Day,4.122,46037,Day County,100,exact,day
SD,Deuel,4.249,46039,Deuel County,100,exact,deuel
SD,Dewey,4.584,46041,Dewey County,100,exact,dewey
SD,Douglas,4.249,46043,Douglas County,100,exact,douglas
SD,Edmunds,4.236,46045,Edmunds County,100,exact,edmunds
SD,Fall River,4.299,46047,Fall River County,100,exact,fall river
SD,Grant,3.989,46051,Grant County,100,exact,grant
SD,Gregory,3.966,46053,Gregory County,100,exact,gregory
SD,Haakon,4.319,46055,Haakon County,100,exact,haakon
SD,Hamlin,4.166,46057,Hamlin County,100,exact,hamlin
SD,Hand,4.192,46059,Hand County,100,exact,hand
SD,Hanson,3.944,46061,Hanson County,100,exact,hanson
SD,Harding,4.359,46063,Harding County,100,exact,harding
SD,Hughes,4.149,46065,Hughes County,100,exact,hughes
SD,Hutchinson,4.135,46067,Hutchinson County,100,exact,hutchinson
SD,Hyde,4.219,46069,Hyde County,100,exact,hyde
SD,Jackson,4.315,46071,Jackson County,100,exact,jackson
SD,Jerauld,4.479,46073,Jerauld County,100,exact,jerauld
SD,Jones,4.299,46075,Jones County,100,exact,jones
SD,Kingsbury,4.444,46077,Kingsbury County,100,exact,kingsbury
SD,Lake,3.976,46079,Lake County,100,exact,lake
SD,Lawrence,4.36,46081,Lawrence County,100,exact,lawrence
SD,Lincoln,4.138,46083,Lincoln County,100,exact,lincoln
SD,Lyman,4.327,46085,Lyman County,100,exact,lyman
SD,Marshall,4.289,46091,Marshall County,100,exact,marshall
SD,McCook,4.011,46087,McCook County,100,exact,mccook
SD,McPherson,4.639,46089,McPherson County,100,exact,mcpherson
SD,Meade,4.438,46093,Meade County,100,exact,meade
SD,Mellette,4.099,46095,Mellette County,100,exact,mellette
SD,Miner,4.249,46097,Miner County,100,exact,miner
SD,Minnehaha,4.099,46099,Minnehaha County,100,exact,minnehaha
SD,Moody,4.182,46101,Moody County,100,exact,moody
SD,Pennington,4.427,46103,Pennington County,100,exact,pennington
SD,Perkins,4.149,46105,Perkins County,100,exact,perkins
SD,Potter,4.077,46107,Potter County,100,exact,potter
SD,Roberts,4.192,46109,Roberts County,100,exact,roberts
SD,Sanborn,3.899,46111,Sanborn County,100,exact,sanborn
SD,Shannon,4.381,46102,Oglala Lakota County,100,manual,shannon
SD,Spink,4.127,46115,Spink County,100,exact,spink
SD,Stanley,4.239,46117,Stanley County,100,exact,stanley
SD,Sully,4.219,46119,Sully County,100,exact,sully
SD,Todd,4.274,46121,Todd County,100,exact,todd
SD,Tripp,4.349,46123,Tripp County,100,exact,tripp
SD,Turner,4.191,46125,Turner County,100,exact,turner
SD,Union,4.005,46127,Union County,100,exact,union
SD,Walworth,4.221,46129,Walworth County,100,exact,walworth
SD,Yankton,4.16,46135,Yankton County,100,exact,yankton
SD,Ziebach,4.159,46137,Ziebach County,100,exact,ziebach
TN,Anderson,4.119,47001,Anderson County,100,exact,anderson
TN,Bedford,4.076,47003,Bedford County,100,exact,bedford
TN,Benton,4.108,47005,Benton County,100,exact,benton
TN,Bledsoe,4.365,47007,Bledsoe County,100,exact,bledsoe
TN,Blount,4.173,47009,Blount County,100,exact,blount
TN,Bradley,4.096,47011,Bradley County,100,exact,bradley
TN,Campbell,4.115,47013,Campbell County,100,exact,campbell
TN,Cannon,4.313,47015,Cannon County,100,exact,cannon
TN,Carroll,4.227,47017,Carroll County,100,exact,carroll
TN,Carter,4.043,47019,Carter County,100,exact,carter
TN,Cheatham,4.27,47021,Cheatham County,100,exact,cheatham
TN,Chester,4.19,47023,Chester County,100,exact,chester
TN,Claiborne,4.02,47025,Claiborne County,100,exact,claiborne
TN,Clay,4.319,47027,Clay County,100,exact,clay
TN,Cocke,4.071,47029,Cocke County,100,exact,cocke
TN,Coffee,4.118,47031,Coffee County,100,exact,coffee
TN,Crockett,4.193,47033,Crockett County,100,exact,crockett
TN,Cumberland,4.165,47035,Cumberland County,100,exact,cumberland
TN,Davidson,4.179,47037,Davidson County,100,exact,davidson
TN,Decatur,4.082,47039,Decatur County,100,exact,decatur
TN,DeKalb,4.189,47041,DeKalb County,100,exact,dekalb
TN,Dickson,4.107,47043,Dickson County,100,exact,dickson
TN,Dyer,4.116,47045,Dyer County,100,exact,dyer
TN,Fayette,4.133,47047,Fayette County,100,exact,fayette
TN,Fentress,4.072,47049,Fentress County,100,exact,fentress
TN,Franklin,4.122,47051,Franklin County,100,exact,franklin
TN,Gibson,4.202,47053,Gibson County,100,exact,gibson
TN,Giles,4.162,47055,Giles County,100,exact,giles
TN,Grainger,4.138,47057,Grainger County,100,exact,grainger
TN,Greene,4.002,47059,Greene County,100,exact,greene
TN,Grundy,4.152,47061,Grundy County,100,exact,grundy
TN,Hamblen,4.109,47063,Hamblen County,100,exact,hamblen
TN,Hamilton,4.04,47065,Hamilton County,100,exact,hamilton
TN,Hancock,3.999,47067,Hancock County,100,exact,hancock
TN,Hardeman,4.133,47069,Hardeman County,100,exact,hardeman
TN,Hardin,4.035,47071,Hardin County,100,exact,hardin
TN,Hawkins,4.054,47073,Hawkins County,100,exact,hawkins
TN,Haywood,4.276,47075,Haywood County,100,exact,haywood
TN,Henderson,4.034,47077,Henderson County,100,exact,henderson
TN,Henry,4.06,47079,Henry County,100,exact,henry
TN,Hickman,4.212,47081,Hickman County,100,exact,hickman
TN,Houston,4.316,47083,Houston County,100,exact,houston
TN,Humphreys,4.083,47085,Humphreys County,100,exact,humphreys
TN,Jackson,4.291,47087,Jackson County,100,exact,jackson
TN,Jefferson,4.098,47089,Jefferson County,100,exact,jefferson
TN,Johnson,4.191,47091,Johnson County,100,exact,johnson
TN,Knox,4.138,47093,Knox County,100,exact,knox
TN,Lake,4.086,47095,Lake County,100,exact,lake
TN,Lauderdale,4.148,47097,Lauderdale County,100,exact,lauderdale
TN,Lawrence,4.084,47099,Lawrence County,100,exact,lawrence
TN,Lewis,4.149,47101,Lewis County,100,exact,lewis
TN,Lincoln,4.059,47103,Lincoln County,100,exact,lincoln
TN,Loudon,4.225,47105,Loudon County,100,exact,loudon
TN,Macon,4.186,47111,Macon County,100,exact,macon
TN,Madison,4.176,47113,Madison County,100,exact,madison
TN,Marion,4.035,47115,Marion County,100,exact,marion
TN,Marshall,4.151,47117,Marshall County,100,exact,marshall
TN,Maury,4.116,47119,Maury County,100,exact,maury
TN,McMinn,4.175,47107,McMinn County,100,exact,mcminn
TN,McNairy,4.091,47109,McNairy County,100,exact,mcnairy
TN,Meigs,4.177,47121,Meigs County,100,exact,meigs
TN,Monroe,4.231,47123,Monroe County,100,exact,monroe
TN,Montgomery,4.084,47125,Montgomery County,100,exact,montgomery
TN,Moore,4.159,47127,Moore County,100,exact,moore
TN,Morgan,4.113,47129,Morgan County,100,exact,morgan
TN,Obion,4.125,47131,Obion County,100,exact,obion
TN,Overton,4.244,47133,Overton County,100,exact,overton
TN,Perry,4.128,47135,Perry County,100,exact,perry
TN,Pickett,4.232,47137,Pickett County,100,exact,pickett
TN,Polk,4.299,47139,Polk County,100,exact,polk
TN,Putnam,4.172,47141,Putnam County,100,exact,putnam
TN,Rhea,4.065,47143,Rhea County,100,exact,rhea
TN,Roane,4.163,47145,Roane County,100,exact,roane
TN,Robertson,4.188,47147,Robertson County,100,exact,robertson
TN,Rutherford,4.11,47149,Rutherford County,100,exact,rutherford
TN,Scott,4.061,47151,Scott County,100,exact,scott
TN,Sequatchie,4.168,47153,Sequatchie County,100,exact,sequatchie
TN,Sevier,4.097,47155,Sevier County,100,exact,sevier
TN,Shelby,4.133,47157,Shelby County,100,exact,shelby
TN,Smith,4.186,47159,Smith County,100,exact,smith
TN,Stewart,4.27,47161,Stewart County,100,exact,stewart
TN,Sullivan,4.092,47163,Sullivan County,100,exact,sullivan
TN,Sumner,4.092,47165,Sumner County,100,exact,sumner
TN,Tipton,4.107,47167,Tipton County,100,exact,tipton
TN,Trousdale,4.232,47169,Trousdale County,100,exact,trousdale
TN,Unicoi,4.112,47171,Unicoi County,100,exact,unicoi
TN,Union,4.136,47173,Union County,100,exact,union
TN,Van Buren,4.249,47175,Van Buren County,100,exact,van buren
TN,Warren,4.216,47177,Warren County,100,exact,warren
TN,Washington,4.122,47179,Washington County,100,exact,washington
TN,Wayne,4.135,47181,Wayne County,100,exact,wayne
TN,Weakley,4.185,47183,Weakley County,100,exact,weakley
TN,White,4.209,47185,White County,100,exact,white
TN,Williamson,4.325,47187,Williamson County,100,exact,williamson
TN,Wilson,4.099,47189,Wilson County,100,exact,wilson
TX,Anderson,4.027,48001,Anderson County,100,exact,anderson
TX,Andrews,3.992,48003,Andrews County,100,exact,andrews
TX,Angelina,4.072,48005,Angelina County,100,exact,angelina
TX,Aransas,3.846,48007,Aransas County,100,exact,aransas
TX,Archer,3.945,48009,Archer County,100,exact,archer
TX,Armstrong,3.899,48011,Armstrong County,100,exact,armstrong
TX,Atascosa,3.978,48013,Atascosa County,100,exact,atascosa
TX,Austin,4.069,48015,Austin County,100,exact,austin
TX,Bailey,3.863,48017,Bailey County,100,exact,bailey
TX,Bandera,4.191,48019,Bandera County,100,exact,bandera
TX,Bastrop,4.061,48021,Bastrop County,100,exact,bastrop
TX,Baylor,4.299,48023,Baylor County,100,exact,baylor
TX,Bee,3.953,48025,Bee County,100,exact,bee
TX,Bell,4.038,48027,Bell County,100,exact,bell
TX,Bexar,4.006,48029,Bexar County,100,exact,bexar
TX,Blanco,4.084,48031,Blanco County,100,exact,blanco
TX,Bosque,4.162,48035,Bosque County,100,exact,bosque
TX,Bowie,4.078,48037,Bowie County,100,exact,bowie
TX,Brazoria,3.985,48039,Brazoria County,100,exact,brazoria
TX,Brazos,4.062,48041,Brazos County,100,exact,brazos
TX,Brewster,4.55,48043,Brewster County,100,exact,brewster
TX,Briscoe,3.999,48045,Briscoe County,100,exact,briscoe
TX,Brooks,3.891,48047,Brooks County,100,exact,brooks
TX,Brown,4.096,48049,Brown County,100,exact,brown
TX,Burleson,4.115,48051,Burleson County,100,exact,burleson
TX,Burnet,3.957,48053,Burnet County,100,exact,burnet
TX,Caldwell,4.004,48055,Caldwell County,100,exact,caldwell
TX,Calhoun,3.945,48057,Calhoun County,100,exact,calhoun
TX,Callahan,4.067,48059,Callahan County,100,exact,callahan
TX,Cameron,3.908,48061,Cameron County,100,exact,cameron
TX,Camp,3.939,48063,Camp County,100,exact,camp
TX,Carson,3.926,48065,Carson County,100,exact,carson
TX,Cass,4.051,48067,Cass County,100,exact,cass
TX,Castro,4.013,48069,Castro County,100,exact,castro
TX,Chambers,4.038,48071,Chambers County,100,exact,chambers
TX,Cherokee,4.006,48073,Cherokee County,100,exact,cherokee
TX,Childress,3.826,48075,Childress County,100,exact,childress
TX,Clay,4.139,48077,Clay County,100,exact,clay
TX,Cochran,4.149,48079,Cochran County,100,exact,cochran
TX,Coke,4.059,48081,Coke County,100,exact,coke
TX,Coleman,4.212,48083,Coleman County,100,exact,coleman
TX,Collin,3.847,48085,Collin County,100,exact,collin
TX,Collingsworth,3.999,48087,Collingsworth County,100,exact,collingsworth
TX,Colorado,4.014,48089,Colorado County,100,exact,colorado
TX,Comal,3.953,48091,Comal County,100,exact,comal
TX,Comanche,4.152,48093,Comanche County,100,exact,comanche
TX,Concho,4.262,48095,Concho County,100,exact,concho
TX,Cooke,4.068,48097,Cooke County,100,exact,cooke
TX,Coryell,4.036,48099,Coryell County,100,exact,coryell
TX,Cottle,4.149,48101,Cottle County,100,exact,cottle
TX,Crane,4.169,48103,Crane County,100,exact,crane
TX,Crockett,4.079,48105,Crockett County,100,exact,crockett
TX,Crosby,3.959,48107,Crosby County,100,exact,crosby
TX,Culberson,4.399,48109,Culberson County,100,exact,culberson
TX,Dallam,3.899,48111,Dallam County,100,exact,dallam
TX,Dallas,4.049,48113,Dallas County,100,exact,dallas
TX,Dawson,3.905,48115,Dawson County,100,exact,dawson
TX,Deaf Smith,3.877,48117,Deaf Smith County,100,exact,deaf smith
TX,Delta,4.066,48119,Delta County,100,exact,delta
TX,Denton,3.948,48121,Denton County,100,exact,denton
TX,De Witt,4.011,48123,DeWitt County,92,fuzzy,de witt
TX,Dickens,4.064,48125,Dickens County,100,exact,dickens
TX,Dimmit,4.094,48127,Dimmit County,100,exact,dimmit
TX,Donley,3.899,48129,Donley County,100,exact,donley
TX,Duval,3.989,48131,Duval County,100,exact,duval
TX,Eastland,4.102,48133,Eastland County,100,exact,eastland
TX,Ector,4.029,48135,Ector County,100,exact,ector
TX,Edwards,4.299,48137,Edwards County,100,exact,edwards
TX,El Paso,4.256,48141,El Paso County,100,exact,el paso
TX,Ellis,4.055,48139,Ellis County,100,exact,ellis
TX,Erath,4.134,48143,Erath County,100,exact,erath
TX,Falls,4.1,48145,Falls County,100,exact,falls
TX,Fannin,3.913,48147,Fannin County,100,exact,fannin
TX,Fayette,4.083,48149,Fayette County,100,exact,fayette
TX,Fisher,4.059,48151,Fisher County,100,exact,fisher
TX,Floyd,3.987,48153,Floyd County,100,exact,floyd
TX,Foard,3.699,48155,Foard County,100,exact,foard
TX,Fort Bend,3.954,48157,Fort Bend County,100,exact,fort bend
TX,Franklin,3.969,48159,Franklin County,100,exact,franklin
TX,Freestone,3.968,48161,Freestone County,100,exact,freestone
TX,Frio,4.108,48163,Frio County,100,exact,frio
TX,Gaines,4.07,48165,Gaines County,100,exact,gaines
TX,Galveston,4.013,48167,Galveston County,100,exact,galveston
TX,Garza,3.879,48169,Garza County,100,exact,garza
TX,Gillespie,4.195,48171,Gillespie County,100,exact,gillespie
TX,Glasscock,4.329,48173,Glasscock County,100,exact,glasscock
TX,Goliad,4.026,48175,Goliad County,100,exact,goliad
TX,Gonzales,3.932,48177,Gonzales County,100,exact,gonzales
TX,Gray,3.88,48179,Gray County,100,exact,gray
TX,Grayson,3.853,48181,Grayson County,100,exact,grayson
TX,Gregg,4.018,48183,Gregg County,100,exact,gregg
TX,Grimes,4.118,48185,Grimes County,100,exact,grimes
TX,Guadalupe,3.953,48187,Guadalupe County,100,exact,guadalupe
TX,Hale,3.778,48189,Hale County,100,exact,hale
TX,Hall,3.906,48191,Hall County,100,exact,hall
TX,Hamilton,4.199,48193,Hamilton County,100,exact,hamilton
TX,Hansford,3.935,48195,Hansford County,100,exact,hansford
TX,Hardeman,3.916,48197,Hardeman County,100,exact,hardeman
TX,Hardin,3.98,48199,Hardin County,100,exact,hardin
TX,Harris,3.998,48201,Harris County,100,exact,harris
TX,Harrison,4.137,48203,Harrison County,100,exact,harrison
TX,Hartley,3.999,48205,Hartley County,100,exact,hartley
TX,Haskell,4.172,48207,Haskell County,100,exact,haskell
TX,Hays,3.982,48209,Hays County,100,exact,hays
TX,Hemphill,3.949,48211,Hemphill County,100,exact,hemphill
TX,Henderson,4.109,48213,Henderson County,100,exact,henderson
TX,Hidalgo,3.907,48215,Hidalgo County,100,exact,hidalgo
TX,Hill,4.018,48217,Hill County,100,exact,hill
TX,Hockley,3.886,48219,Hockley County,100,exact,hockley
TX,Hood,4.067,48221,Hood County,100,exact,hood
TX,Hopkins,4.027,48223,Hopkins County,100,exact,hopkins
TX,Houston,4.128,48225,Houston County,100,exact,houston
TX,Howard,3.944,48227,Howard County,100,exact,howard
TX,Hudspeth,4.389,48229,Hudspeth County,100,exact,hudspeth
TX,Hunt,4.005,48231,Hunt County,100,exact,hunt
TX,Hutchinson,3.86,48233,Hutchinson County,100,exact,hutchinson
TX,Irion,4.199,48235,Irion County,100,exact,irion
TX,Jack,4.179,48237,Jack County,100,exact,jack
TX,Jackson,4.118,48239,Jackson County,100,exact,jackson
TX,Jasper,4.021,48241,Jasper County,100,exact,jasper
TX,Jeff Davis,4.584,48243,Jeff Davis County,100,exact,jeff davis
TX,Jefferson,3.968,48245,Jefferson County,100,exact,jefferson
TX,Jim Hogg,3.949,48247,Jim Hogg County,100,exact,jim hogg
TX,Jim Wells,3.968,48249,Jim Wells County,100,exact,jim wells
TX,Johnson,4.006,48251,Johnson County,100,exact,johnson
TX,Jones,4.095,48253,Jones County,100,exact,jones
TX,Karnes,3.892,48255,Karnes County,100,exact,karnes
TX,Kaufman,4.025,48257,Kaufman County,100,exact,kaufman
TX,Kendall,4.063,48259,Kendall County,100,exact,kendall
TX,Kent,3.699,48263,Kent County,100,exact,kent
TX,Kerr,4.05,48265,Kerr County,100,exact,kerr
TX,Kimble,4.049,48267,Kimble County,100,exact,kimble
TX,King,4.099,48269,King County,100,exact,king
TX,Kinney,3.899,48271,Kinney County,100,exact,kinney
TX,Kleberg,4.016,48273,Kleberg County,100,exact,kleberg
TX,Knox,4.099,48275,Knox County,100,exact,knox
TX,La Salle,3.944,48283,La Salle County,100,exact,la salle
TX,Lamar,4.039,48277,Lamar County,100,exact,lamar
TX,Lamb,3.893,48279,Lamb County,100,exact,lamb
TX,Lampasas,4.093,48281,Lampasas County,100,exact,lampasas
TX,Lavaca,4.131,48285,Lavaca County,100,exact,lavaca
TX,Lee,4.095,48287,Lee County,100,exact,lee
TX,Leon,4.089,48289,Leon County,100,exact,leon
TX,Liberty,4.043,48291,Liberty County,100,exact,liberty
TX,Limestone,4.145,48293,Limestone County,100,exact,limestone
TX,Lipscomb,3.899,48295,Lipscomb County,100,exact,lipscomb
TX,Live Oak,3.875,48297,Live Oak County,100,exact,live oak
TX,Llano,4.063,48299,Llano County,100,exact,llano
TX,Loving,4.279,48301,Loving County,100,exact,loving
TX,Lubbock,3.892,48303,Lubbock County,100,exact,lubbock
TX,Lynn,3.984,48305,Lynn County,100,exact,lynn
TX,Madison,4.096,48313,Madison County,100,exact,madison
TX,Marion,4.199,48315,Marion County,100,exact,marion
TX,Martin,4.289,48317,Martin County,100,exact,martin
TX,Mason,4.189,48319,Mason County,100,exact,mason
TX,Matagorda,3.923,48321,Matagorda County,100,exact,matagorda
TX,Maverick,4.091,48323,Maverick County,100,exact,maverick
TX,McCulloch,4.228,48307,McCulloch County,100,exact,mcculloch
TX,McLennan,4.051,48309,McLennan County,100,exact,mclennan
TX,McMullen,3.879,48311,McMullen County,100,exact,mcmullen
TX,Medina,4.065,48325,Medina County,100,exact,medina
TX,Menard,3.994,48327,Menard County,100,exact,menard
TX,Midland,3.976,48329,Midland County,100,exact,midland
TX,Milam,4.198,48331,Milam County,100,exact,milam
TX,Mills,4.099,48333,Mills County,100,exact,mills
TX,Mitchell,4.015,48335,Mitchell County,100,exact,mitchell
TX,Montague,4.159,48337,Montague County,100,exact,montague
TX,Montgomery,4.013,48339,Montgomery County,100,exact,montgomery
TX,Moore,3.875,48341,Moore County,100,exact,moore
TX,Morris,4.089,48343,Morris County,100,exact,morris
TX,Motley,3.999,48345,Motley County,100,exact,motley
TX,Nacogdoches,4.089,48347,Nacogdoches County,100,exact,nacogdoches
TX,Navarro,4.255,48349,Navarro County,100,exact,navarro
TX,Newton,4.011,48351,Newton County,100,exact,newton
TX,Nolan,4.08,48353,Nolan County,100,exact,nolan
TX,Nueces,3.956,48355,Nueces County,100,exact,nueces
TX,Ochiltree,3.912,48357,Ochiltree County,100,exact,ochiltree
TX,Oldham,4.145,48359,Oldham County,100,exact,oldham
TX,Orange,3.941,48361,Orange County,100,exact,orange
TX,Palo Pinto,4.06,48363,Palo Pinto County,100,exact,palo pinto
TX,Panola,3.997,48365,Panola County,100,exact,panola
TX,Parker,4.04,48367,Parker County,100,exact,parker
TX,Parmer,4.032,48369,Parmer County,100,exact,parmer
TX,Pecos,4.189,48371,Pecos County,100,exact,pecos
TX,Polk,4.039,48373,Polk County,100,exact,polk
TX,Potter,3.891,48375,Potter County,100,exact,potter
TX,Presidio,4.277,48377,Presidio County,100,exact,presidio
TX,Rains,4.099,48379,Rains County,100,exact,rains
TX,Randall,3.891,48381,Randall County,100,exact,randall
TX,Reagan,4.099,48383,Reagan County,100,exact,reagan
TX,Real,4.149,48385,Real County,100,exact,real
TX,Red River,4.209,48387,Red River County,100,exact,red river
TX,Reeves,4.193,48389,Reeves County,100,exact,reeves
TX,Refugio,4.039,48391,Refugio County,100,exact,refugio
TX,Roberts,3.859,48393,Roberts County,100,exact,roberts
TX,Robertson,4.07,48395,Robertson County,100,exact,robertson
TX,Rockwall,4.015,48397,Rockwall County,100,exact,rockwall
TX,Runnels,4.083,48399,Runnels County,100,exact,runnels
TX,Rusk,4.122,48401,Rusk County,100,exact,rusk
TX,Sabine,4.046,48403,Sabine County,100,exact,sabine
TX,San Augustine,4.188,48405,San Augustine County,100,exact,san augustine
TX,San Jacinto,3.961,48407,San Jacinto County,100,exact,san jacinto
TX,San Patricio,3.967,48409,San Patricio County,100,exact,san patricio
TX,San Saba,4.092,48411,San Saba County,100,exact,san saba
TX,Schleicher,3.859,48413,Schleicher County,100,exact,schleicher
TX,Scurry,3.973,48415,Scurry County,100,exact,scurry
TX,Shackelford,4.129,48417,Shackelford County,100,exact,shackelford
TX,Shelby,4.135,48419,Shelby County,100,exact,shelby
TX,Sherman,3.899,48421,Sherman County,100,exact,sherman
TX,Smith,3.965,48423,Smith County,100,exact,smith
TX,Somervell,3.981,48425,Somervell County,100,exact,somervell
TX,Starr,3.943,48427,Starr County,100,exact,starr
TX,Stephens,4.076,48429,Stephens County,100,exact,stephens
TX,Sterling,4.059,48431,Sterling County,100,exact,sterling
TX,Stonewall,4.199,48433,Stonewall County,100,exact,stonewall
TX,Sutton,3.874,48435,Sutton County,100,exact,sutton
TX,Swisher,3.889,48437,Swisher County,100,exact,swisher
TX,Tarrant,4.027,48439,Tarrant County,100,exact,tarrant
TX,Taylor,3.968,48441,Taylor County,100,exact,taylor
TX,Terrell,4.279,48443,Terrell County,100,exact,terrell
TX,Terry,3.928,48445,Terry County,100,exact,terry
TX,Throckmorton,4.049,48447,Throckmorton County,100,exact,throckmorton
TX,Titus,4.066,48449,Titus County,100,exact,titus
TX,Tom Green,3.953,48451,Tom Green County,100,exact,tom green
TX,Travis,4.011,48453,Travis County,100,exact,travis
TX,Trinity,4.084,48455,Trinity County,100,exact,trinity
TX,Tyler,3.951,48457,Tyler County,100,exact,tyler
TX,Upshur,3.996,48459,Upshur County,100,exact,upshur
TX,Upton,4.329,48461,Upton County,100,exact,upton
TX,Uvalde,3.994,48463,Uvalde County,100,exact,uvalde
TX,Val Verde,3.995,48465,Val Verde County,100,exact,val verde
TX,Van Zandt,4.003,48467,Van Zandt County,100,exact,van zandt
TX,Victoria,4.001,48469,Victoria County,100,exact,victoria
TX,Walker,4.007,48471,Walker County,100,exact,walker
TX,Waller,4.032,48473,Waller County,100,exact,waller
TX,Ward,4.03,48475,Ward County,100,exact,ward
TX,Washington,4.132,48477,Washington County,100,exact,washington
TX,Webb,3.848,48479,Webb County,100,exact,webb
TX,Wharton,3.977,48481,Wharton County,100,exact,wharton
TX,Wheeler,3.899,48483,Wheeler County,100,exact,wheeler
TX,Wichita,3.947,48485,Wichita County,100,exact,wichita
TX,Wilbarger,3.85,48487,Wilbarger County,100,exact,wilbarger
TX,Willacy,3.881,48489,Willacy County,100,exact,willacy
TX,Williamson,3.979,48491,Williamson County,100,exact,williamson
TX,Wilson,4.004,48493,Wilson County,100,exact,wilson
TX,Winkler,4.188,48495,Winkler County,100,exact,winkler
TX,Wise,4.049,48497,Wise County,100,exact,wise
TX,Wood,4.051,48499,Wood County,100,exact,wood
TX,Yoakum,4.199,48501,Yoakum County,100,exact,yoakum
TX,Young,4.135,48503,Young County,100,exact,young
TX,Zapata,4.124,48505,Zapata County,100,exact,zapata
TX,Zavala,4.11,48507,Zavala County,100,exact,zavala
UT,Beaver,4.722,49001,Beaver County,100,exact,beaver
UT,Box Elder,4.569,49003,Box Elder County,100,exact,box elder
UT,Cache,4.56,49005,Cache County,100,exact,cache
UT,Carbon,4.672,49007,Carbon County,100,exact,carbon
UT,Daggett,4.566,49009,Daggett County,100,exact,daggett
UT,Davis,4.572,49011,Davis County,100,exact,davis
UT,Duchesne,4.578,49013,Duchesne County,100,exact,duchesne
UT,Emery,4.582,49015,Emery County,100,exact,emery
UT,Garfield,4.625,49017,Garfield County,100,exact,garfield
UT,Grand,4.655,49019,Grand County,100,exact,grand
UT,Iron,4.617,49021,Iron County,100,exact,iron
UT,Juab,4.586,49023,Juab County,100,exact,juab
UT,Kane,4.664,49025,Kane County,100,exact,kane
UT,Millard,4.614,49027,Millard County,100,exact,millard
UT,Morgan,4.664,49029,Morgan County,100,exact,morgan
UT,Piute,4.729,49031,Piute County,100,exact,piute
UT,Rich,4.819,49033,Rich County,100,exact,rich
UT,Salt Lake,4.569,49035,Salt Lake County,100,exact,salt lake
UT,San Juan,4.56,49037,San Juan County,100,exact,san juan
UT,Sanpete,4.598,49039,Sanpete County,100,exact,sanpete
UT,Sevier,4.663,49041,Sevier County,100,exact,sevier
UT,Summit,4.65,49043,Summit County,100,exact,summit
UT,Tooele,4.583,49045,Tooele County,100,exact,tooele
UT,Uintah,4.588,49047,Uintah County,100,exact,uintah
UT,Utah,4.569,49049,Utah County,100,exact,utah
UT,Wasatch,4.587,49051,Wasatch County,100,exact,wasatch
UT,Washington,4.642,49053,Washington County,100,exact,washington
UT,Wayne,4.765,49055,Wayne County,100,exact,wayne
UT,Weber,4.577,49057,Weber County,100,exact,weber
VA,Accomack,4.445,51001,Accomack County,100,exact,accomack
VA,Albemarle,4.273,51003,Albemarle County,100,exact,albemarle
VA,Alexandria City,4.472,51510,Alexandria city,80,fuzzy,alexandria city
VA,Alleghany,4.209,51005,Alleghany County,100,exact,alleghany
VA,Amelia,4.249,51007,Amelia County,100,exact,amelia
VA,Amherst,4.241,51009,Amherst County,100,exact,amherst
VA,Appomattox,4.2,51011,Appomattox County,100,exact,appomattox
VA,Arlington,4.447,51013,Arlington County,100,exact,arlington
VA,Augusta,4.183,51015,Augusta County,100,exact,augusta
VA,Bath,4.399,51017,Bath County,100,exact,bath
VA,Bedford,4.164,51019,Bedford County,100,exact,bedford
VA,Bedford City,4.082,51515,,100,manual,bedford city
VA,Bland,4.279,51021,Bland County,100,exact,bland
VA,Botetourt,4.277,51023,Botetourt County,100,exact,botetourt
VA,Bristol,4.16,51520,Bristol city,100,exact,bristol
VA,Brunswick,4.156,51025,Brunswick County,100,exact,brunswick
VA,Buchanan,4.076,51027,Buchanan County,100,exact,buchanan
VA,Buckingham,4.25,51029,Buckingham County,100,exact,buckingham
VA,Buena Vista City,4.274,51530,Buena Vista city,81,fuzzy,buena vista city
VA,Campbell,4.173,51031,Campbell County,100,exact,campbell
VA,Caroline,4.159,51033,Caroline County,100,exact,caroline
VA,Carroll,4.209,51035,Carroll County,100,exact,carroll
VA,Charles City,4.374,51036,Charles City County,100,exact,charles city
VA,Charlotte,4.224,51037,Charlotte County,100,exact,charlotte
VA,Charlottesville City,4.288,51540,Charlottesville city,86,fuzzy,charlottesville city
VA,Chesapeake City,4.323,51550,Chesapeake city,80,fuzzy,chesapeake city
VA,Chesterfield,4.242,51041,Chesterfield County,100,exact,chesterfield
VA,Clarke,4.18,51043,Clarke County,100,exact,clarke
VA,Clifton Forge City,4.285,51560,,100,manual,clifton forge city
VA,Colonial Heights City,4.221,51570,Colonial Heights city,86,fuzzy,colonial heights city
VA,Covington City,4.287,51580,Covington city,100,manual,covington city
VA,Craig,4.152,51045,Craig County,100,exact,craig
VA,Culpeper,4.161,51047,Culpeper County,100,exact,culpeper
VA,Cumberland,4.155,51049,Cumberland County,100,exact,cumberland
VA,Danville City,4.183,51590,Danville city,100,manual,danville city
VA,Dickenson,4.257,51051,Dickenson County,100,exact,dickenson
VA,Dinwiddie,4.205,51053,Dinwiddie County,100,exact,dinwiddie
VA,Emporia City,4.284,51595,Emporia city,100,manual,emporia city
VA,Essex,4.285,51057,Essex County,100,exact,essex
VA,Fairfax,4.463,51059,Fairfax County,100,exact,fairfax
VA,Fairfax City,4.414,51600,Fairfax city,100,manual,fairfax city
VA,Falls Church City,4.409,51610,Falls Church city,83,fuzzy,falls church city
VA,Fauquier,4.34,51061,Fauquier County,100,exact,fauquier
VA,Floyd,4.232,51063,Floyd County,100,exact,floyd
VA,Fluvanna,4.307,51065,Fluvanna County,100,exact,fluvanna
VA,Franklin,4.231,51067,Franklin County,100,exact,franklin
VA,Franklin City,4.273,51620,Franklin city,100,manual,franklin city
VA,Frederick,4.159,51069,Frederick County,100,exact,frederick
VA,Fredericksburg City,4.253,51630,Fredericksburg city,85,fuzzy,fredericksburg city
VA,Galax City,4.205,51640,Galax city,100,manual,galax city
VA,Giles,4.278,51071,Giles County,100,exact,giles
VA,Gloucester,4.235,51073,Gloucester County,100,exact,gloucester
VA,Goochland,4.332,51075,Goochland County,100,exact,goochland
VA,Grayson,4.183,51077,Grayson County,100,exact,grayson
VA,Greene,4.177,51079,Greene County,100,exact,greene
VA,Greensville,4.199,51081,Greensville County,100,exact,greensville
VA,Halifax,4.156,51083,Halifax County,100,exact,halifax
VA,Hampton City,4.332,51650,Hampton city,100,manual,hampton city
VA,Hanover,4.235,51085,Hanover County,100,exact,hanover
VA,Harrisonburg City,4.182,51660,Harrisonburg city,83,fuzzy,harrisonburg city
VA,Henrico,4.28,51087,Henrico County,100,exact,henrico
VA,Henry,4.108,51089,Henry County,100,exact,henry
VA,Highland,4.399,51091,Highland County,100,exact,highland
VA,Hopewell City,4.333,51670,Hopewell city,100,manual,hopewell city
VA,Isle of Wight,4.345,51093,Isle of Wight County,100,exact,isle of wight
VA,James City,4.339,51095,James City County,100,exact,james city
VA,King and Queen,4.295,51097,King and Queen County,100,exact,king and queen
VA,King George,4.123,51099,King George County,100,exact,king george
VA,King William,4.32,51101,King William County,100,exact,king william
VA,Lancaster,4.323,51103,Lancaster County,100,exact,lancaster
VA,Lee,4.227,51105,Lee County,100,exact,lee
VA,Lexington City,4.386,51678,Lexington city,100,manual,lexington city
VA,Loudoun,4.31,51107,Loudoun County,100,exact,loudoun
VA,Louisa,4.314,51109,Louisa County,100,exact,louisa
VA,Lunenburg,4.214,51111,Lunenburg County,100,exact,lunenburg
VA,Lynchburg City,4.179,51680,Lynchburg city,100,manual,lynchburg city
VA,Madison,4.124,51113,Madison County,100,exact,madison
VA,Manassas City,4.155,51683,Manassas city,100,manual,manassas city
VA,Martinsville City,4.116,51690,Martinsville city,83,fuzzy,martinsville city
VA,Mathews,4.266,51115,Mathews County,100,exact,mathews
VA,Mecklenburg,4.162,51117,Mecklenburg County,100,exact,mecklenburg
VA,Middlesex,4.353,51119,Middlesex County,100,exact,middlesex
VA,Montgomery,4.223,51121,Montgomery County,100,exact,montgomery
VA,Nelson,4.399,51125,Nelson County,100,exact,nelson
VA,New Kent,4.241,51127,New Kent County,100,exact,new kent
VA,Newport News City,4.343,51700,Newport News city,83,fuzzy,newport news city
VA,Norfolk City,4.349,51710,Norfolk city,100,manual,norfolk city
VA,Northampton,4.461,51131,Northampton County,100,exact,northampton
VA,Northumberland,4.307,51133,Northumberland County,100,exact,northumberland
VA,Norton City,4.189,51720,Norton city,100,manual,norton city
VA,Nottoway,4.208,51135,Nottoway County,100,exact,nottoway
VA,Orange,4.272,51137,Orange County,100,exact,orange
VA,Page,4.325,51139,Page County,100,exact,page
VA,Patrick,4.242,51141,Patrick County,100,exact,patrick
VA,Petersburg City,4.238,51730,Petersburg city,80,fuzzy,petersburg city
VA,Pittsylvania,4.282,51143,Pittsylvania County,100,exact,pittsylvania
VA,Poquoson City,4.429,51735,Poquoson city,100,manual,poquoson city
VA,Portsmouth City,4.374,51740,Portsmouth city,80,fuzzy,portsmouth city
VA,Powhatan,4.318,51145,Powhatan County,100,exact,powhatan
VA,Prince Edward,4.185,51147,Prince Edward County,100,exact,prince edward
VA,Prince George,4.212,51149,Prince George County,100,exact,prince george
VA,Prince William,4.255,51153,Prince William County,100,exact,prince william
VA,Pulaski,4.237,51155,Pulaski County,100,exact,pulaski
VA,Radford City,4.199,51750,Radford city,100,manual,radford city
VA,Rappahannock,4.399,51157,Rappahannock County,100,exact,rappahannock
VA,Richmond,4.279,51159,Richmond County,100,exact,richmond
VA,Richmond City,4.335,51760,Richmond city,100,manual,richmond city
VA,Roanoke,4.184,51161,Roanoke County,100,exact,roanoke
VA,Roanoke City,4.158,51770,Roanoke city,100,manual,roanoke city
VA,Rockbridge,4.244,51163,Rockbridge County,100,exact,rockbridge
VA,Rockingham,4.178,51165,Rockingham County,100,exact,rockingham
VA,Russell,4.331,51167,Russell County,100,exact,russell
VA,Salem,4.222,51775,Salem city,100,exact,salem
VA,Scott,4.255,51169,Scott County,100,exact,scott
VA,Shenandoah,4.286,51171,Shenandoah County,100,exact,shenandoah
VA,Smyth,4.243,51173,Smyth County,100,exact,smyth
VA,Southampton,4.286,51175,Southampton County,100,exact,southampton
VA,Spotsylvania,4.192,51177,Spotsylvania County,100,exact,spotsylvania
VA,Stafford,4.256,51179,Stafford County,100,exact,stafford
VA,Staunton City,4.15,51790,Staunton city,100,manual,staunton city
VA,Suffolk City,4.313,51800,Suffolk city,100,manual,suffolk city
VA,Surry,4.344,51181,Surry County,100,exact,surry
VA,Sussex,4.355,51183,Sussex County,100,exact,sussex
VA,Tazewell,4.3,51185,Tazewell County,100,exact,tazewell
VA,Virginia Beach City,4.361,51810,Virginia Beach city,85,fuzzy,virginia beach city
VA,Warren,4.08,51187,Warren County,100,exact,warren
VA,Washington,4.222,51191,Washington County,100,exact,washington
VA,Waynesboro City,4.189,51820,Waynesboro city,80,fuzzy,waynesboro city
VA,Westmoreland,4.278,51193,Westmoreland County,100,exact,westmoreland
VA,Winchester City,4.105,51840,Winchester city,80,fuzzy,winchester city
VA,Wise,4.282,51195,Wise County,100,exact,wise
VA,Wythe,4.205,51197,Wythe County,100,exact,wythe
VA,York,4.299,51199,York County,100,exact,york
VT,Addison,4.447,50001,Addison County,100,exact,addison
VT,Bennington,4.482,50003,Bennington County,100,exact,bennington
VT,Caledonia,4.542,50005,Caledonia County,100,exact,caledonia
VT,Chittenden,4.568,50007,Chittenden County,100,exact,chittenden
VT,Essex,4.682,50009,Essex County,100,exact,essex
VT,Franklin,4.582,50011,Franklin County,100,exact,franklin
VT,Grand Isle,4.593,50013,Grand Isle County,100,exact,grand isle
VT,Lamoille,4.586,50015,Lamoille County,100,exact,lamoille
VT,Orange,4.6,50017,Orange County,100,exact,orange
VT,Orleans,4.572,50019,Orleans County,100,exact,orleans
VT,Rutland,4.515,50021,Rutland County,100,exact,rutland
VT,Washington,4.552,50023,Washington County,100,exact,washington
VT,Windham,4.502,50025,Windham County,100,exact,windham
VT,Windsor,4.545,50027,Windsor County,100,exact,windsor
WA,Adams,5.479,53001,Adams County,100,exact,adams
WA,Asotin,5.082,53003,Asotin County,100,exact,asotin
WA,Benton,5.42,53005,Benton County,100,exact,benton
WA,Chelan,5.64,53007,Chelan County,100,exact,chelan
WA,Clallam,5.873,53009,Clallam County,100,exact,clallam
WA,Clark,5.744,53011,Clark County,100,exact,clark
WA,Columbia,5.524,53013,Columbia County,100,exact,columbia
WA,Cowlitz,5.799,53015,Cowlitz County,100,exact,cowlitz
WA,Douglas,5.534,53017,Douglas County,100,exact,douglas
WA,Ferry,5.549,53019,Ferry County,100,exact,ferry
WA,Franklin,5.393,53021,Franklin County,100,exact,franklin
WA,Garfield,5.566,53023,Garfield County,100,exact,garfield
WA,Grant,5.557,53025,Grant County,100,exact,grant
WA,Grays Harbor,5.916,53027,Grays Harbor County,100,exact,grays harbor
WA,Island,5.73,53029,Island County,100,exact,island
WA,Jefferson,6.129,53031,Jefferson County,100,exact,jefferson
WA,King,6.022,53033,King County,100,exact,king
WA,Kitsap,5.881,53035,Kitsap County,100,exact,kitsap
WA,Kittitas,5.67,53037,Kittitas County,100,exact,kittitas
WA,Klickitat,5.702,53039,Klickitat County,100,exact,klickitat
WA,Lewis,5.743,53041,Lewis County,100,exact,lewis
WA,Lincoln,5.467,53043,Lincoln County,100,exact,lincoln
WA,Mason,6.017,53045,Mason County,100,exact,mason
WA,Okanogan,5.59,53047,Okanogan County,100,exact,okanogan
WA,Pacific,6.154,53049,Pacific County,100,exact,pacific
WA,Pend Oreille,5.497,53051,Pend Oreille County,100,exact,pend oreille
WA,Pierce,5.864,53053,Pierce County,100,exact,pierce
WA,San Juan,6.602,53055,San Juan County,100,exact,san juan
WA,Skagit,5.632,53057,Skagit County,100,exact,skagit
WA,Skamania,6.049,53059,Skamania County,100,exact,skamania
WA,Snohomish,5.843,53061,Snohomish County,100,exact,snohomish
WA,Spokane,5.385,53063,Spokane County,100,exact,spokane
WA,Stevens,5.422,53065,Stevens County,100,exact,stevens
WA,Thurston,5.806,53067,Thurston County,100,exact,thurston
WA,Wahkiakum,6.249,53069,Wahkiakum County,100,exact,wahkiakum
WA,Walla Walla,5.559,53071,Walla Walla County,100,exact,walla walla
WA,Whatcom,5.71,53073,Whatcom County,100,exact,whatcom
WA,Whitman,5.459,53075,Whitman County,100,exact,whitman
WA,Yakima,5.527,53077,Yakima County,100,exact,yakima
WI,Adams,4.579,55001,Adams County,100,exact,adams
WI,Ashland,4.241,55003,Ashland County,100,exact,ashland
WI,Barron,4.2,55005,Barron County,100,exact,barron
WI,Bayfield,4.244,55007,Bayfield County,100,exact,bayfield
WI,Brown,4.553,55009,Brown County,100,exact,brown
WI,Buffalo,4.099,55011,Buffalo County,100,exact,buffalo
WI,Burnett,4.107,55013,Burnett County,100,exact,burnett
WI,Calumet,4.576,55015,Calumet County,100,exact,calumet
WI,Chippewa,4.086,55017,Chippewa County,100,exact,chippewa
WI,Clark,4.337,55019,Clark County,100,exact,clark
WI,Columbia,4.552,55021,Columbia County,100,exact,columbia
WI,Crawford,4.284,55023,Crawford County,100,exact,crawford
WI,Dane,4.623,55025,Dane County,100,exact,dane
WI,Dodge,4.641,55027,Dodge County,100,exact,dodge
WI,Door,4.601,55029,Door County,100,exact,door
WI,Douglas,4.176,55031,Douglas County,100,exact,douglas
WI,Dunn,4.161,55033,Dunn County,100,exact,dunn
WI,Eau Claire,4.093,55035,Eau Claire County,100,exact,eau claire
WI,Florence,4.592,55037,Florence County,100,exact,florence
WI,Fond du Lac,4.512,55039,Fond du Lac County,100,exact,fond du lac
WI,Forest,4.398,55041,Forest County,100,exact,forest
WI,Grant,4.357,55043,Grant County,100,exact,grant
WI,Green,4.622,55045,Green County,100,exact,green
WI,Green Lake,4.641,55047,Green Lake County,100,exact,green lake
WI,Iowa,4.481,55049,Iowa County,100,exact,iowa
WI,Iron,4.388,55051,Iron County,100,exact,iron
WI,Jackson,4.416,55053,Jackson County,100,exact,jackson
WI,Jefferson,4.563,55055,Jefferson County,100,exact,jefferson
WI,Juneau,4.585,55057,Juneau County,100,exact,juneau
WI,Kenosha,4.66,55059,Kenosha County,100,exact,kenosha
WI,Kewaunee,4.564,55061,Kewaunee County,100,exact,kewaunee
WI,La Crosse,4.238,55063,La Crosse County,100,exact,la crosse
WI,Lafayette,4.395,55065,Lafayette County,100,exact,lafayette
WI,Langlade,4.51,55067,Langlade County,100,exact,langlade
WI,Lincoln,4.458,55069,Lincoln County,100,exact,lincoln
WI,Manitowoc,4.516,55071,Manitowoc County,100,exact,manitowoc
WI,Marathon,4.554,55073,Marathon County,100,exact,marathon
WI,Marinette,4.54,55075,Marinette County,100,exact,marinette
WI,Marquette,4.654,55077,Marquette County,100,exact,marquette
WI,Menominee,4.999,55078,Menominee County,100,exact,menominee
WI,Milwaukee,4.604,55079,Milwaukee County,100,exact,milwaukee
WI,Monroe,4.347,55081,Monroe County,100,exact,monroe
WI,Oconto,4.547,55083,Oconto County,100,exact,oconto
WI,Oneida,4.564,55085,Oneida County,100,exact,oneida
WI,Outagamie,4.52,55087,Outagamie County,100,exact,outagamie
WI,Ozaukee,4.725,55089,Ozaukee County,100,exact,ozaukee
WI,Pepin,4.161,55091,Pepin County,100,exact,pepin
WI,Pierce,4.134,55093,Pierce County,100,exact,pierce
WI,Polk,4.189,55095,Polk County,100,exact,polk
WI,Portage,4.613,55097,Portage County,100,exact,portage
WI,Price,4.332,55099,Price County,100,exact,price
WI,Racine,4.61,55101,Racine County,100,exact,racine
WI,Richland,4.456,55103,Richland County,100,exact,richland
WI,Rock,4.6,55105,Rock County,100,exact,rock
WI,Rusk,4.243,55107,Rusk County,100,exact,rusk
WI,Sauk,4.552,55111,Sauk County,100,exact,sauk
WI,Sawyer,4.282,55113,Sawyer County,100,exact,sawyer
WI,Shawano,4.39,55115,Shawano County,100,exact,shawano
WI,Sheboygan,4.554,55117,Sheboygan County,100,exact,sheboygan
WI,Saint Croix,4.148,55109,St. Croix County,84,fuzzy,saint croix
WI,Taylor,4.214,55119,Taylor County,100,exact,taylor
WI,Trempealeau,4.242,55121,Trempealeau County,100,exact,trempealeau
WI,Vernon,4.317,55123,Vernon County,100,exact,vernon
WI,Vilas,4.557,55125,Vilas County,100,exact,vilas
WI,Walworth,4.567,55127,Walworth County,100,exact,walworth
WI,Washburn,4.192,55129,Washburn County,100,exact,washburn
WI,Washington,4.709,55131,Washington County,100,exact,washington
WI,Waukesha,4.635,55133,Waukesha County,100,exact,waukesha
WI,Waupaca,4.493,55135,Waupaca County,100,exact,waupaca
WI,Waushara,4.596,55137,Waushara County,100,exact,waushara
WI,Winnebago,4.558,55139,Winnebago County,100,exact,winnebago
WI,Wood,4.603,55141,Wood County,100,exact,wood
WV,Barbour,4.546,54001,Barbour County,100,exact,barbour
WV,Berkeley,4.301,54003,Berkeley County,100,exact,berkeley
WV,Boone,4.282,54005,Boone County,100,exact,boone
WV,Braxton,4.417,54007,Braxton County,100,exact,braxton
WV,Brooke,4.407,54009,Brooke County,100,exact,brooke
WV,Cabell,4.459,54011,Cabell County,100,exact,cabell
WV,Calhoun,4.689,54013,Calhoun County,100,exact,calhoun
WV,Clay,4.216,54015,Clay County,100,exact,clay
WV,Doddridge,4.566,54017,Doddridge County,100,exact,doddridge
WV,Fayette,4.432,54019,Fayette County,100,exact,fayette
WV,Gilmer,4.274,54021,Gilmer County,100,exact,gilmer
WV,Grant,4.532,54023,Grant County,100,exact,grant
WV,Greenbrier,4.083,54025,Greenbrier County,100,exact,greenbrier
WV,Hampshire,4.471,54027,Hampshire County,100,exact,hampshire
WV,Hancock,4.477,54029,Hancock County,100,exact,hancock
WV,Hardy,4.531,54031,Hardy County,100,exact,hardy
WV,Harrison,4.422,54033,Harrison County,100,exact,harrison
WV,Jackson,4.488,54035,Jackson County,100,exact,jackson
WV,Jefferson,4.41,54037,Jefferson County,100,exact,jefferson
WV,Kanawha,4.48,54039,Kanawha County,100,exact,kanawha
WV,Lewis,4.296,54041,Lewis County,100,exact,lewis
WV,Lincoln,4.499,54043,Lincoln County,100,exact,lincoln
WV,Logan,4.608,54045,Logan County,100,exact,logan
WV,Marion,4.388,54049,Marion County,100,exact,marion
WV,Marshall,4.366,54051,Marshall County,100,exact,marshall
WV,Mason,4.464,54053,Mason County,100,exact,mason
WV,McDowell,4.427,54047,McDowell County,100,exact,mcdowell
WV,Mercer,4.393,54055,Mercer County,100,exact,mercer
WV,Mineral,4.462,54057,Mineral County,100,exact,mineral
WV,Mingo,4.432,54059,Mingo County,100,exact,mingo
WV,Monongalia,4.493,54061,Monongalia County,100,exact,monongalia
WV,Monroe,3.999,54063,Monroe County,100,exact,monroe
WV,Morgan,4.509,54065,Morgan County,100,exact,morgan
WV,Nicholas,4.497,54067,Nicholas County,100,exact,nicholas
WV,Ohio,4.429,54069,Ohio County,100,exact,ohio
WV,Pendleton,4.579,54071,Pendleton County,100,exact,pendleton
WV,Pleasants,4.406,54073,Pleasants County,100,exact,pleasants
WV,Pocahontas,4.399,54075,Pocahontas County,100,exact,pocahontas
WV,Preston,4.487,54077,Preston County,100,exact,preston
WV,Putnam,4.519,54079,Putnam County,100,exact,putnam
WV,Raleigh,4.512,54081,Raleigh County,100,exact,raleigh
WV,Randolph,4.39,54083,Randolph County,100,exact,randolph
WV,Ritchie,4.454,54085,Ritchie County,100,exact,ritchie
WV,Roane,4.399,54087,Roane County,100,exact,roane
WV,Summers,4.109,54089,Summers County,100,exact,summers
WV,Taylor,4.401,54091,Taylor County,100,exact,taylor
WV,Tucker,4.491,54093,Tucker County,100,exact,tucker
WV,Tyler,4.499,54095,Tyler County,100,exact,tyler
WV,Upshur,4.49,54097,Upshur County,100,exact,upshur
WV,Wayne,4.464,54099,Wayne County,100,exact,wayne
WV,Webster,4.624,54101,Webster County,100,exact,webster
WV,Wetzel,4.525,54103,Wetzel County,100,exact,wetzel
WV,Wirt,4.299,54105,Wirt County,100,exact,wirt
WV,Wood,4.456,54107,Wood County,100,exact,wood
WV,Wyoming,4.263,54109,Wyoming County,100,exact,wyoming
WY,Albany,4.366,56001,Albany County,100,exact,albany
WY,Big Horn,4.481,56003,Big Horn County,100,exact,big horn
WY,Campbell,4.553,56005,Campbell County,100,exact,campbell
WY,Carbon,4.452,56007,Carbon County,100,exact,carbon
WY,Converse,4.415,56009,Converse County,100,exact,converse
WY,Crook,4.238,56011,Crook County,100,exact,crook
WY,Fremont,4.662,56013,Fremont County,100,exact,fremont
WY,Goshen,4.032,56015,Goshen County,100,exact,goshen
WY,Hot Springs,4.592,56017,Hot Springs County,100,exact,hot springs
WY,Johnson,4.296,56019,Johnson County,100,exact,johnson
WY,Laramie,4.309,56021,Laramie County,100,exact,laramie
WY,Lincoln,4.563,56023,Lincoln County,100,exact,lincoln
WY,Natrona,4.373,56025,Natrona County,100,exact,natrona
WY,Niobrara,4.299,56027,Niobrara County,100,exact,niobrara
WY,Park,4.779,56029,Park County,100,exact,park
WY,Platte,4.673,56031,Platte County,100,exact,platte
WY,Sheridan,4.585,56033,Sheridan County,100,exact,sheridan
WY,Sublette,4.463,56035,Sublette County,100,exact,sublette
WY,Sweetwater,4.435,56037,Sweetwater County,100,exact,sweetwater
WY,Teton,4.749,56039,Teton County,100,exact,teton
WY,Uinta,4.548,56041,Uinta County,100,exact,uinta
WY,Washakie,4.532,56043,Washakie County,100,exact,washakie
WY,Weston,4.412,56045,Weston County,100,exact,weston
