fiscal_year,account,date,month,year,field,value,fytd
2026,Highway,10/1/2025,October,2025,opening_balance,56417726662,56417726662
2026,Highway,11/1/2025,November,2025,opening_balance,51170886656,56417726662
2026,Highway,12/1/2025,December,2025,opening_balance,50749968917,56417726662
2026,Highway,1/1/2026,January,2026,opening_balance,48623348468,56417726662
2026,Highway,2/1/2026,February,2026,opening_balance,48372076899,56417726662
2026,Highway,3/1/2026,March,2026,opening_balance,48263367618,56417726662
2026,Highway,4/1/2026,April,2026,opening_balance,0,56417726662
2026,Highway,5/1/2026,May,2026,opening_balance,0,56417726662
2026,Highway,6/1/2026,June,2026,opening_balance,0,56417726662
2026,Highway,7/1/2026,July,2026,opening_balance,0,56417726662
2026,Highway,8/1/2026,August,2026,opening_balance,0,56417726662
2026,Highway,9/1/2026,September,2026,opening_balance,0,56417726662
2026,Highway,10/1/2025,October,2025,net_tax_receipts,694056000,17642041310
2026,Highway,11/1/2025,November,2025,net_tax_receipts,3399738000,17642041310
2026,Highway,12/1/2025,December,2025,net_tax_receipts,3402130000,17642041310
2026,Highway,1/1/2026,January,2026,net_tax_receipts,3012165000,17642041310
2026,Highway,2/1/2026,February,2026,net_tax_receipts,3037290000,17642041310
2026,Highway,3/1/2026,March,2026,net_tax_receipts,4096662310,17642041310
2026,Highway,4/1/2026,April,2026,net_tax_receipts,0,17642041310
2026,Highway,5/1/2026,May,2026,net_tax_receipts,0,17642041310
2026,Highway,6/1/2026,June,2026,net_tax_receipts,0,17642041310
2026,Highway,7/1/2026,July,2026,net_tax_receipts,0,17642041310
2026,Highway,8/1/2026,August,2026,net_tax_receipts,0,17642041310
2026,Highway,9/1/2026,September,2026,net_tax_receipts,0,17642041310
2026,Highway,10/1/2025,October,2025,interest_income,183443324.4,905890475.3
2026,Highway,11/1/2025,November,2025,interest_income,147668681.2,905890475.3
2026,Highway,12/1/2025,December,2025,interest_income,159229050.5,905890475.3
2026,Highway,1/1/2026,January,2026,interest_income,137746208.6,905890475.3
2026,Highway,2/1/2026,February,2026,interest_income,129215795.2,905890475.3
2026,Highway,3/1/2026,March,2026,interest_income,148587415.5,905890475.3
2026,Highway,4/1/2026,April,2026,interest_income,0,905890475.3
2026,Highway,5/1/2026,May,2026,interest_income,0,905890475.3
2026,Highway,6/1/2026,June,2026,interest_income,0,905890475.3
2026,Highway,7/1/2026,July,2026,interest_income,0,905890475.3
2026,Highway,8/1/2026,August,2026,interest_income,0,905890475.3
2026,Highway,9/1/2026,September,2026,interest_income,0,905890475.3
2026,Highway,10/1/2025,October,2025,other_receipts,463363.81,2734492.73
2026,Highway,11/1/2025,November,2025,other_receipts,372655.99,2734492.73
2026,Highway,12/1/2025,December,2025,other_receipts,401274.27,2734492.73
2026,Highway,1/1/2026,January,2026,other_receipts,344175.52,2734492.73
2026,Highway,2/1/2026,February,2026,other_receipts,478643.32,2734492.73
2026,Highway,3/1/2026,March,2026,other_receipts,674379.82,2734492.73
2026,Highway,4/1/2026,April,2026,other_receipts,0,2734492.73
2026,Highway,5/1/2026,May,2026,other_receipts,0,2734492.73
2026,Highway,6/1/2026,June,2026,other_receipts,0,2734492.73
2026,Highway,7/1/2026,July,2026,other_receipts,0,2734492.73
2026,Highway,8/1/2026,August,2026,other_receipts,0,2734492.73
2026,Highway,9/1/2026,September,2026,other_receipts,0,2734492.73
2026,Highway,10/1/2025,October,2025,total_receipts,877962688.2,18550666278
2026,Highway,11/1/2025,November,2025,total_receipts,3547779337,18550666278
2026,Highway,12/1/2025,December,2025,total_receipts,3561760325,18550666278
2026,Highway,1/1/2026,January,2026,total_receipts,3150255384,18550666278
2026,Highway,2/1/2026,February,2026,total_receipts,3166984439,18550666278
2026,Highway,3/1/2026,March,2026,total_receipts,4245924106,18550666278
2026,Highway,4/1/2026,April,2026,total_receipts,0,18550666278
2026,Highway,5/1/2026,May,2026,total_receipts,0,18550666278
2026,Highway,6/1/2026,June,2026,total_receipts,0,18550666278
2026,Highway,7/1/2026,July,2026,total_receipts,0,18550666278
2026,Highway,8/1/2026,August,2026,total_receipts,0,18550666278
2026,Highway,9/1/2026,September,2026,total_receipts,0,18550666278
2026,Highway,10/1/2025,October,2025,transfer_to_mass_transit,400000000,1200000000
2026,Highway,11/1/2025,November,2025,transfer_to_mass_transit,0,1200000000
2026,Highway,12/1/2025,December,2025,transfer_to_mass_transit,400000000,1200000000
2026,Highway,1/1/2026,January,2026,transfer_to_mass_transit,0,1200000000
2026,Highway,2/1/2026,February,2026,transfer_to_mass_transit,0,1200000000
2026,Highway,3/1/2026,March,2026,transfer_to_mass_transit,400000000,1200000000
2026,Highway,4/1/2026,April,2026,transfer_to_mass_transit,0,1200000000
2026,Highway,5/1/2026,May,2026,transfer_to_mass_transit,0,1200000000
2026,Highway,6/1/2026,June,2026,transfer_to_mass_transit,0,1200000000
2026,Highway,7/1/2026,July,2026,transfer_to_mass_transit,0,1200000000
2026,Highway,8/1/2026,August,2026,transfer_to_mass_transit,0,1200000000
2026,Highway,9/1/2026,September,2026,transfer_to_mass_transit,0,1200000000
2026,Highway,10/1/2025,October,2025,transfer_from_mass_transit,0,14438333
2026,Highway,11/1/2025,November,2025,transfer_from_mass_transit,13354535,14438333
2026,Highway,12/1/2025,December,2025,transfer_from_mass_transit,0,14438333
2026,Highway,1/1/2026,January,2026,transfer_from_mass_transit,0,14438333
2026,Highway,2/1/2026,February,2026,transfer_from_mass_transit,433832,14438333
2026,Highway,3/1/2026,March,2026,transfer_from_mass_transit,649966,14438333
2026,Highway,4/1/2026,April,2026,transfer_from_mass_transit,0,14438333
2026,Highway,5/1/2026,May,2026,transfer_from_mass_transit,0,14438333
2026,Highway,6/1/2026,June,2026,transfer_from_mass_transit,0,14438333
2026,Highway,7/1/2026,July,2026,transfer_from_mass_transit,0,14438333
2026,Highway,8/1/2026,August,2026,transfer_from_mass_transit,0,14438333
2026,Highway,9/1/2026,September,2026,transfer_from_mass_transit,0,14438333
2026,Highway,10/1/2025,October,2025,outlay_htf,5702313793,26211732530
2026,Highway,11/1/2025,November,2025,outlay_htf,3970765991,26211732530
2026,Highway,12/1/2025,December,2025,outlay_htf,5356017664,26211732530
2026,Highway,1/1/2026,January,2026,outlay_htf,3397882278,26211732530
2026,Highway,2/1/2026,February,2026,outlay_htf,3267033364,26211732530
2026,Highway,3/1/2026,March,2026,outlay_htf,4517719440,26211732530
2026,Highway,4/1/2026,April,2026,outlay_htf,0,26211732530
2026,Highway,5/1/2026,May,2026,outlay_htf,0,26211732530
2026,Highway,6/1/2026,June,2026,outlay_htf,0,26211732530
2026,Highway,7/1/2026,July,2026,outlay_htf,0,26211732530
2026,Highway,8/1/2026,August,2026,outlay_htf,0,26211732530
2026,Highway,9/1/2026,September,2026,outlay_htf,0,26211732530
2026,Highway,10/1/2025,October,2025,total_outlay,5728694747,26201253643
2026,Highway,11/1/2025,November,2025,total_outlay,3985129336,26201253643
2026,Highway,12/1/2025,December,2025,total_outlay,5292063716,26201253643
2026,Highway,1/1/2026,January,2026,total_outlay,3405763309,26201253643
2026,Highway,2/1/2026,February,2026,total_outlay,3279838581,26201253643
2026,Highway,3/1/2026,March,2026,total_outlay,4509763953,26201253643
2026,Highway,4/1/2026,April,2026,total_outlay,0,26201253643
2026,Highway,5/1/2026,May,2026,total_outlay,0,26201253643
2026,Highway,6/1/2026,June,2026,total_outlay,0,26201253643
2026,Highway,7/1/2026,July,2026,total_outlay,0,26201253643
2026,Highway,8/1/2026,August,2026,total_outlay,0,26201253643
2026,Highway,9/1/2026,September,2026,total_outlay,0,26201253643
2026,Highway,10/1/2025,October,2025,receipts_non_htf,3892052.18,22933994.15
2026,Highway,11/1/2025,November,2025,receipts_non_htf,3077725.09,22933994.15
2026,Highway,12/1/2025,December,2025,receipts_non_htf,3682942.35,22933994.15
2026,Highway,1/1/2026,January,2026,receipts_non_htf,4236356,22933994.15
2026,Highway,2/1/2026,February,2026,receipts_non_htf,3711030.45,22933994.15
2026,Highway,3/1/2026,March,2026,receipts_non_htf,4333888.08,22933994.15
2026,Highway,4/1/2026,April,2026,receipts_non_htf,0,22933994.15
2026,Highway,5/1/2026,May,2026,receipts_non_htf,0,22933994.15
2026,Highway,6/1/2026,June,2026,receipts_non_htf,0,22933994.15
2026,Highway,7/1/2026,July,2026,receipts_non_htf,0,22933994.15
2026,Highway,8/1/2026,August,2026,receipts_non_htf,0,22933994.15
2026,Highway,9/1/2026,September,2026,receipts_non_htf,0,22933994.15
2026,Highway,10/1/2025,October,2025,closing_balance,51170886656,47604511625
2026,Highway,11/1/2025,November,2025,closing_balance,50749968917,47604511625
2026,Highway,12/1/2025,December,2025,closing_balance,48623348468,47604511625
2026,Highway,1/1/2026,January,2026,closing_balance,48372076899,47604511625
2026,Highway,2/1/2026,February,2026,closing_balance,48263367618,47604511625
2026,Highway,3/1/2026,March,2026,closing_balance,47604511625,47604511625
2026,Highway,4/1/2026,April,2026,closing_balance,0,47604511625
2026,Highway,5/1/2026,May,2026,closing_balance,0,47604511625
2026,Highway,6/1/2026,June,2026,closing_balance,0,47604511625
2026,Highway,7/1/2026,July,2026,closing_balance,0,47604511625
2026,Highway,8/1/2026,August,2026,closing_balance,0,47604511625
2026,Highway,9/1/2026,September,2026,closing_balance,0,47604511625
2026,Mass Transit,10/1/2025,October,2025,opening_balance,17861171094,17861171094
2026,Mass Transit,11/1/2025,November,2025,opening_balance,17567282252,17861171094
2026,Mass Transit,12/1/2025,December,2025,opening_balance,16929898733,17861171094
2026,Mass Transit,1/1/2026,January,2026,opening_balance,16753160906,17861171094
2026,Mass Transit,2/1/2026,February,2026,opening_balance,16151471818,17861171094
2026,Mass Transit,3/1/2026,March,2026,opening_balance,15671319920,17861171094
2026,Mass Transit,4/1/2026,April,2026,opening_balance,0,17861171094
2026,Mass Transit,5/1/2026,May,2026,opening_balance,0,17861171094
2026,Mass Transit,6/1/2026,June,2026,opening_balance,0,17861171094
2026,Mass Transit,7/1/2026,July,2026,opening_balance,0,17861171094
2026,Mass Transit,8/1/2026,August,2026,opening_balance,0,17861171094
2026,Mass Transit,9/1/2026,September,2026,opening_balance,0,17861171094
2026,Mass Transit,10/1/2025,October,2025,net_tax_receipts,89235000,2457871647
2026,Mass Transit,11/1/2025,November,2025,net_tax_receipts,473684000,2457871647
2026,Mass Transit,12/1/2025,December,2025,net_tax_receipts,474015000,2457871647
2026,Mass Transit,1/1/2026,January,2026,net_tax_receipts,419703000,2457871647
2026,Mass Transit,2/1/2026,February,2026,net_tax_receipts,430644000,2457871647
2026,Mass Transit,3/1/2026,March,2026,net_tax_receipts,570590647.1,2457871647
2026,Mass Transit,4/1/2026,April,2026,net_tax_receipts,0,2457871647
2026,Mass Transit,5/1/2026,May,2026,net_tax_receipts,0,2457871647
2026,Mass Transit,6/1/2026,June,2026,net_tax_receipts,0,2457871647
2026,Mass Transit,7/1/2026,July,2026,net_tax_receipts,0,2457871647
2026,Mass Transit,8/1/2026,August,2026,net_tax_receipts,0,2457871647
2026,Mass Transit,9/1/2026,September,2026,net_tax_receipts,0,2457871647
2026,Mass Transit,10/1/2025,October,2025,interest_income,58053392.05,303814861.5
2026,Mass Transit,11/1/2025,November,2025,interest_income,51566509.56,303814861.5
2026,Mass Transit,12/1/2025,December,2025,interest_income,53080453.14,303814861.5
2026,Mass Transit,1/1/2026,January,2026,interest_income,47565062.93,303814861.5
2026,Mass Transit,2/1/2026,February,2026,interest_income,44111145.27,303814861.5
2026,Mass Transit,3/1/2026,March,2026,interest_income,49438298.52,303814861.5
2026,Mass Transit,4/1/2026,April,2026,interest_income,0,303814861.5
2026,Mass Transit,5/1/2026,May,2026,interest_income,0,303814861.5
2026,Mass Transit,6/1/2026,June,2026,interest_income,0,303814861.5
2026,Mass Transit,7/1/2026,July,2026,interest_income,0,303814861.5
2026,Mass Transit,8/1/2026,August,2026,interest_income,0,303814861.5
2026,Mass Transit,9/1/2026,September,2026,interest_income,0,303814861.5
2026,Mass Transit,10/1/2025,October,2025,other_receipts,0,0
2026,Mass Transit,11/1/2025,November,2025,other_receipts,0,0
2026,Mass Transit,12/1/2025,December,2025,other_receipts,0,0
2026,Mass Transit,1/1/2026,January,2026,other_receipts,0,0
2026,Mass Transit,2/1/2026,February,2026,other_receipts,0,0
2026,Mass Transit,3/1/2026,March,2026,other_receipts,0,0
2026,Mass Transit,4/1/2026,April,2026,other_receipts,0,0
2026,Mass Transit,5/1/2026,May,2026,other_receipts,0,0
2026,Mass Transit,6/1/2026,June,2026,other_receipts,0,0
2026,Mass Transit,7/1/2026,July,2026,other_receipts,0,0
2026,Mass Transit,8/1/2026,August,2026,other_receipts,0,0
2026,Mass Transit,9/1/2026,September,2026,other_receipts,0,0
2026,Mass Transit,10/1/2025,October,2025,total_receipts,147288392.1,2761686509
2026,Mass Transit,11/1/2025,November,2025,total_receipts,525250509.6,2761686509
2026,Mass Transit,12/1/2025,December,2025,total_receipts,527095453.1,2761686509
2026,Mass Transit,1/1/2026,January,2026,total_receipts,467268062.9,2761686509
2026,Mass Transit,2/1/2026,February,2026,total_receipts,474755145.3,2761686509
2026,Mass Transit,3/1/2026,March,2026,total_receipts,620028945.6,2761686509
2026,Mass Transit,4/1/2026,April,2026,total_receipts,0,2761686509
2026,Mass Transit,5/1/2026,May,2026,total_receipts,0,2761686509
2026,Mass Transit,6/1/2026,June,2026,total_receipts,0,2761686509
2026,Mass Transit,7/1/2026,July,2026,total_receipts,0,2761686509
2026,Mass Transit,8/1/2026,August,2026,total_receipts,0,2761686509
2026,Mass Transit,9/1/2026,September,2026,total_receipts,0,2761686509
2026,Mass Transit,10/1/2025,October,2025,transfer_to_highway,0,14438333
2026,Mass Transit,11/1/2025,November,2025,transfer_to_highway,13354535,14438333
2026,Mass Transit,12/1/2025,December,2025,transfer_to_highway,0,14438333
2026,Mass Transit,1/1/2026,January,2026,transfer_to_highway,0,14438333
2026,Mass Transit,2/1/2026,February,2026,transfer_to_highway,433832,14438333
2026,Mass Transit,3/1/2026,March,2026,transfer_to_highway,649966,14438333
2026,Mass Transit,4/1/2026,April,2026,transfer_to_highway,0,14438333
2026,Mass Transit,5/1/2026,May,2026,transfer_to_highway,0,14438333
2026,Mass Transit,6/1/2026,June,2026,transfer_to_highway,0,14438333
2026,Mass Transit,7/1/2026,July,2026,transfer_to_highway,0,14438333
2026,Mass Transit,8/1/2026,August,2026,transfer_to_highway,0,14438333
2026,Mass Transit,9/1/2026,September,2026,transfer_to_highway,0,14438333
2026,Mass Transit,10/1/2025,October,2025,transfer_from_highway,400000000,1200000000
2026,Mass Transit,11/1/2025,November,2025,transfer_from_highway,0,1200000000
2026,Mass Transit,12/1/2025,December,2025,transfer_from_highway,400000000,1200000000
2026,Mass Transit,1/1/2026,January,2026,transfer_from_highway,0,1200000000
2026,Mass Transit,2/1/2026,February,2026,transfer_from_highway,0,1200000000
2026,Mass Transit,3/1/2026,March,2026,transfer_from_highway,400000000,1200000000
2026,Mass Transit,4/1/2026,April,2026,transfer_from_highway,0,1200000000
2026,Mass Transit,5/1/2026,May,2026,transfer_from_highway,0,1200000000
2026,Mass Transit,6/1/2026,June,2026,transfer_from_highway,0,1200000000
2026,Mass Transit,7/1/2026,July,2026,transfer_from_highway,0,1200000000
2026,Mass Transit,8/1/2026,August,2026,transfer_from_highway,0,1200000000
2026,Mass Transit,9/1/2026,September,2026,transfer_from_highway,0,1200000000
2026,Mass Transit,10/1/2025,October,2025,outlay_htf,840473546.1,6258562543
2026,Mass Transit,11/1/2025,November,2025,outlay_htf,1149281043,6258562543
2026,Mass Transit,12/1/2025,December,2025,outlay_htf,1104523406,6258562543
2026,Mass Transit,1/1/2026,January,2026,outlay_htf,1068956578,6258562543
2026,Mass Transit,2/1/2026,February,2026,outlay_htf,954669937.9,6258562543
2026,Mass Transit,3/1/2026,March,2026,outlay_htf,1140658032,6258562543
2026,Mass Transit,4/1/2026,April,2026,outlay_htf,0,6258562543
2026,Mass Transit,5/1/2026,May,2026,outlay_htf,0,6258562543
2026,Mass Transit,6/1/2026,June,2026,outlay_htf,0,6258562543
2026,Mass Transit,7/1/2026,July,2026,outlay_htf,0,6258562543
2026,Mass Transit,8/1/2026,August,2026,outlay_htf,0,6258562543
2026,Mass Transit,9/1/2026,September,2026,outlay_htf,0,6258562543
2026,Mass Transit,10/1/2025,October,2025,closing_balance,17567282252,15550040403
2026,Mass Transit,11/1/2025,November,2025,closing_balance,16929898733,15550040403
2026,Mass Transit,12/1/2025,December,2025,closing_balance,16753160906,15550040403
2026,Mass Transit,1/1/2026,January,2026,closing_balance,16151471818,15550040403
2026,Mass Transit,2/1/2026,February,2026,closing_balance,15671319920,15550040403
2026,Mass Transit,3/1/2026,March,2026,closing_balance,15550040403,15550040403
2026,Mass Transit,4/1/2026,April,2026,closing_balance,0,15550040403
2026,Mass Transit,5/1/2026,May,2026,closing_balance,0,15550040403
2026,Mass Transit,6/1/2026,June,2026,closing_balance,0,15550040403
2026,Mass Transit,7/1/2026,July,2026,closing_balance,0,15550040403
2026,Mass Transit,8/1/2026,August,2026,closing_balance,0,15550040403
2026,Mass Transit,9/1/2026,September,2026,closing_balance,0,15550040403
2025,Highway,10/1/2024,October,2024,opening_balance,74631783325,74631783325
2025,Highway,11/1/2024,November,2024,opening_balance,70694191035,74631783325
2025,Highway,12/1/2024,December,2024,opening_balance,71125502618,74631783325
2025,Highway,1/1/2025,January,2025,opening_balance,70857491974,74631783325
2025,Highway,2/1/2025,February,2025,opening_balance,70714013082,74631783325
2025,Highway,3/1/2025,March,2025,opening_balance,70770374394,74631783325
2025,Highway,4/1/2025,April,2025,opening_balance,69907377876,74631783325
2025,Highway,5/1/2025,May,2025,opening_balance,70668520966,74631783325
2025,Highway,6/1/2025,June,2025,opening_balance,70297976097,74631783325
2025,Highway,7/1/2025,July,2025,opening_balance,68565945064,74631783325
2025,Highway,8/1/2025,August,2025,opening_balance,63481979248,74631783325
2025,Highway,9/1/2025,September,2025,opening_balance,59819376838,74631783325
2025,Highway,10/1/2024,October,2024,net_tax_receipts,1011291000,38376652999
2025,Highway,11/1/2024,November,2024,net_tax_receipts,4706170000,38376652999
2025,Highway,12/1/2024,December,2024,net_tax_receipts,4106516000,38376652999
2025,Highway,1/1/2025,January,2025,net_tax_receipts,3339611000,38376652999
2025,Highway,2/1/2025,February,2025,net_tax_receipts,3286447000,38376652999
2025,Highway,3/1/2025,March,2025,net_tax_receipts,2366430000,38376652999
2025,Highway,4/1/2025,April,2025,net_tax_receipts,4873921308,38376652999
2025,Highway,5/1/2025,May,2025,net_tax_receipts,4002103000,38376652999
2025,Highway,6/1/2025,June,2025,net_tax_receipts,3486291000,38376652999
2025,Highway,7/1/2025,July,2025,net_tax_receipts,165189366.9,38376652999
2025,Highway,8/1/2025,August,2025,net_tax_receipts,2610384000,38376652999
2025,Highway,9/1/2025,September,2025,net_tax_receipts,4422299324,38376652999
2025,Highway,10/1/2024,October,2024,interest_income,294709029.1,2930989342
2025,Highway,11/1/2024,November,2024,interest_income,253093211.2,2930989342
2025,Highway,12/1/2024,December,2024,interest_income,266678715.2,2930989342
2025,Highway,1/1/2025,January,2025,interest_income,254025792,2930989342
2025,Highway,2/1/2025,February,2025,interest_income,228776950,2930989342
2025,Highway,3/1/2025,March,2025,interest_income,251724900,2930989342
2025,Highway,4/1/2025,April,2025,interest_income,244226909,2930989342
2025,Highway,5/1/2025,May,2025,interest_income,252702278,2930989342
2025,Highway,6/1/2025,June,2025,interest_income,233945345,2930989342
2025,Highway,7/1/2025,July,2025,interest_income,230269301.8,2930989342
2025,Highway,8/1/2025,August,2025,interest_income,221244173,2930989342
2025,Highway,9/1/2025,September,2025,interest_income,199592739.5,2930989342
2025,Highway,10/1/2024,October,2024,other_receipts,1388264.76,77229870.26
2025,Highway,11/1/2024,November,2024,other_receipts,1455892.24,77229870.26
2025,Highway,12/1/2024,December,2024,other_receipts,1358645.71,77229870.26
2025,Highway,1/1/2025,January,2025,other_receipts,67995167,77229870.26
2025,Highway,2/1/2025,February,2025,other_receipts,836317,77229870.26
2025,Highway,3/1/2025,March,2025,other_receipts,631484,77229870.26
2025,Highway,4/1/2025,April,2025,other_receipts,634637,77229870.26
2025,Highway,5/1/2025,May,2025,other_receipts,451144,77229870.26
2025,Highway,6/1/2025,June,2025,other_receipts,373017,77229870.26
2025,Highway,7/1/2025,July,2025,other_receipts,821364.84,77229870.26
2025,Highway,8/1/2025,August,2025,other_receipts,376994.69,77229870.26
2025,Highway,9/1/2025,September,2025,other_receipts,906942.28,77229870.26
2025,Highway,10/1/2024,October,2024,total_receipts,1307388294,41384872211
2025,Highway,11/1/2024,November,2024,total_receipts,4960719103,41384872211
2025,Highway,12/1/2024,December,2024,total_receipts,4374553361,41384872211
2025,Highway,1/1/2025,January,2025,total_receipts,3661631958,41384872211
2025,Highway,2/1/2025,February,2025,total_receipts,3516060266,41384872211
2025,Highway,3/1/2025,March,2025,total_receipts,2618786384,41384872211
2025,Highway,4/1/2025,April,2025,total_receipts,5118782854,41384872211
2025,Highway,5/1/2025,May,2025,total_receipts,4255256422,41384872211
2025,Highway,6/1/2025,June,2025,total_receipts,3720609362,41384872211
2025,Highway,7/1/2025,July,2025,total_receipts,396280033.5,41384872211
2025,Highway,8/1/2025,August,2025,total_receipts,2832005168,41384872211
2025,Highway,9/1/2025,September,2025,total_receipts,4622799006,41384872211
2025,Highway,10/1/2024,October,2024,transfer_to_mass_transit,0,1600000000
2025,Highway,11/1/2024,November,2024,transfer_to_mass_transit,0,1600000000
2025,Highway,12/1/2024,December,2024,transfer_to_mass_transit,0,1600000000
2025,Highway,1/1/2025,January,2025,transfer_to_mass_transit,400000000,1600000000
2025,Highway,2/1/2025,February,2025,transfer_to_mass_transit,0,1600000000
2025,Highway,3/1/2025,March,2025,transfer_to_mass_transit,0,1600000000
2025,Highway,4/1/2025,April,2025,transfer_to_mass_transit,400000000,1600000000
2025,Highway,5/1/2025,May,2025,transfer_to_mass_transit,0,1600000000
2025,Highway,6/1/2025,June,2025,transfer_to_mass_transit,0,1600000000
2025,Highway,7/1/2025,July,2025,transfer_to_mass_transit,400000000,1600000000
2025,Highway,8/1/2025,August,2025,transfer_to_mass_transit,0,1600000000
2025,Highway,9/1/2025,September,2025,transfer_to_mass_transit,400000000,1600000000
2025,Highway,10/1/2024,October,2024,transfer_from_mass_transit,0,148074066
2025,Highway,11/1/2024,November,2024,transfer_from_mass_transit,1859946,148074066
2025,Highway,12/1/2024,December,2024,transfer_from_mass_transit,6887256,148074066
2025,Highway,1/1/2025,January,2025,transfer_from_mass_transit,448182,148074066
2025,Highway,2/1/2025,February,2025,transfer_from_mass_transit,6712264,148074066
2025,Highway,3/1/2025,March,2025,transfer_from_mass_transit,4849984,148074066
2025,Highway,4/1/2025,April,2025,transfer_from_mass_transit,0,148074066
2025,Highway,5/1/2025,May,2025,transfer_from_mass_transit,58781318,148074066
2025,Highway,6/1/2025,June,2025,transfer_from_mass_transit,0,148074066
2025,Highway,7/1/2025,July,2025,transfer_from_mass_transit,53529799,148074066
2025,Highway,8/1/2025,August,2025,transfer_from_mass_transit,14922856,148074066
2025,Highway,9/1/2025,September,2025,transfer_from_mass_transit,82461,148074066
2025,Highway,10/1/2024,October,2024,outlay_htf,5245086241,58695932845
2025,Highway,11/1/2024,November,2024,outlay_htf,4531281787,58695932845
2025,Highway,12/1/2024,December,2024,outlay_htf,4954190349,58695932845
2025,Highway,1/1/2025,January,2025,outlay_htf,3392951310,58695932845
2025,Highway,2/1/2025,February,2025,outlay_htf,3113548592,58695932845
2025,Highway,3/1/2025,March,2025,outlay_htf,3569174859,58695932845
2025,Highway,4/1/2025,April,2025,outlay_htf,3949902321,58695932845
2025,Highway,5/1/2025,May,2025,outlay_htf,4770305555,58695932845
2025,Highway,6/1/2025,June,2025,outlay_htf,5423081886,58695932845
2025,Highway,7/1/2025,July,2025,outlay_htf,5054939770,58695932845
2025,Highway,8/1/2025,August,2025,outlay_htf,6440468952,58695932845
2025,Highway,9/1/2025,September,2025,outlay_htf,8251001224,58695932845
2025,Highway,10/1/2024,October,2024,total_outlay,5248981598,58581922034
2025,Highway,11/1/2024,November,2024,total_outlay,4534461163,58581922034
2025,Highway,12/1/2024,December,2024,total_outlay,4652911725,58581922034
2025,Highway,1/1/2025,January,2025,total_outlay,3409561836,58581922034
2025,Highway,2/1/2025,February,2025,total_outlay,3470529612,58581922034
2025,Highway,3/1/2025,March,2025,total_outlay,3491048924,58581922034
2025,Highway,4/1/2025,April,2025,total_outlay,3961482524,58581922034
2025,Highway,5/1/2025,May,2025,total_outlay,4688216061,58581922034
2025,Highway,6/1/2025,June,2025,total_outlay,5456610815,58581922034
2025,Highway,7/1/2025,July,2025,total_outlay,5137693174,58581922034
2025,Highway,8/1/2025,August,2025,total_outlay,6513429413,58581922034
2025,Highway,9/1/2025,September,2025,total_outlay,8016995190,58581922034
2025,Highway,10/1/2024,October,2024,receipts_non_htf,4001014.87,434919095.3
2025,Highway,11/1/2024,November,2024,receipts_non_htf,3193696.17,434919095.3
2025,Highway,12/1/2024,December,2024,receipts_non_htf,3460464.16,434919095.3
2025,Highway,1/1/2025,January,2025,receipts_non_htf,4002803.21,434919095.3
2025,Highway,2/1/2025,February,2025,receipts_non_htf,4118393.5,434919095.3
2025,Highway,3/1/2025,March,2025,receipts_non_htf,4416038.56,434919095.3
2025,Highway,4/1/2025,April,2025,receipts_non_htf,3842759.4,434919095.3
2025,Highway,5/1/2025,May,2025,receipts_non_htf,3633452.4,434919095.3
2025,Highway,6/1/2025,June,2025,receipts_non_htf,3970419.89,434919095.3
2025,Highway,7/1/2025,July,2025,receipts_non_htf,3917525.79,434919095.3
2025,Highway,8/1/2025,August,2025,receipts_non_htf,3898979.72,434919095.3
2025,Highway,9/1/2025,September,2025,receipts_non_htf,392463547.6,434919095.3
2025,Highway,10/1/2024,October,2024,closing_balance,70694191035,56417726662
2025,Highway,11/1/2024,November,2024,closing_balance,71125502618,56417726662
2025,Highway,12/1/2024,December,2024,closing_balance,70857491974,56417726662
2025,Highway,1/1/2025,January,2025,closing_balance,70714013082,56417726662
2025,Highway,2/1/2025,February,2025,closing_balance,70770374394,56417726662
2025,Highway,3/1/2025,March,2025,closing_balance,69907377876,56417726662
2025,Highway,4/1/2025,April,2025,closing_balance,70668520966,56417726662
2025,Highway,5/1/2025,May,2025,closing_balance,70297976097,56417726662
2025,Highway,6/1/2025,June,2025,closing_balance,68565945064,56417726662
2025,Highway,7/1/2025,July,2025,closing_balance,63481979248,56417726662
2025,Highway,8/1/2025,August,2025,closing_balance,59819376838,56417726662
2025,Highway,9/1/2025,September,2025,closing_balance,56417726662,56417726662
2025,Mass Transit,10/1/2024,October,2024,opening_balance,26327880352,26327880352
2025,Mass Transit,11/1/2024,November,2024,opening_balance,25674133318,26327880352
2025,Mass Transit,12/1/2024,December,2024,opening_balance,25281618861,26327880352
2025,Mass Transit,1/1/2025,January,2025,opening_balance,24861366604,26327880352
2025,Mass Transit,2/1/2025,February,2025,opening_balance,24430298355,26327880352
2025,Mass Transit,3/1/2025,March,2025,opening_balance,23956525932,26327880352
2025,Mass Transit,4/1/2025,April,2025,opening_balance,23108835903,26327880352
2025,Mass Transit,5/1/2025,May,2025,opening_balance,23312394199,26327880352
2025,Mass Transit,6/1/2025,June,2025,opening_balance,22656195910,26327880352
2025,Mass Transit,7/1/2025,July,2025,opening_balance,21773403735,26327880352
2025,Mass Transit,8/1/2025,August,2025,opening_balance,20896636934,26327880352
2025,Mass Transit,9/1/2025,September,2025,opening_balance,20161266615,26327880352
2025,Mass Transit,10/1/2024,October,2024,net_tax_receipts,126140000,5314248856
2025,Mass Transit,11/1/2024,November,2024,net_tax_receipts,622168000,5314248856
2025,Mass Transit,12/1/2024,December,2024,net_tax_receipts,542949000,5314248856
2025,Mass Transit,1/1/2025,January,2025,net_tax_receipts,441579000,5314248856
2025,Mass Transit,2/1/2025,February,2025,net_tax_receipts,469040000,5314248856
2025,Mass Transit,3/1/2025,March,2025,net_tax_receipts,337911000,5314248856
2025,Mass Transit,4/1/2025,April,2025,net_tax_receipts,715412459,5314248856
2025,Mass Transit,5/1/2025,May,2025,net_tax_receipts,543123000,5314248856
2025,Mass Transit,6/1/2025,June,2025,net_tax_receipts,473142000,5314248856
2025,Mass Transit,7/1/2025,July,2025,net_tax_receipts,96207928.3,5314248856
2025,Mass Transit,8/1/2025,August,2025,net_tax_receipts,334729000,5314248856
2025,Mass Transit,9/1/2025,September,2025,net_tax_receipts,611847469.6,5314248856
2025,Mass Transit,10/1/2024,October,2024,interest_income,105521353.6,1001470712
2025,Mass Transit,11/1/2024,November,2024,interest_income,93066733.4,1001470712
2025,Mass Transit,12/1/2024,December,2024,interest_income,95352687.13,1001470712
2025,Mass Transit,1/1/2025,January,2025,interest_income,88972671,1001470712
2025,Mass Transit,2/1/2025,February,2025,interest_income,79812886,1001470712
2025,Mass Transit,3/1/2025,March,2025,interest_income,85581307,1001470712
2025,Mass Transit,4/1/2025,April,2025,interest_income,81583650,1001470712
2025,Mass Transit,5/1/2025,May,2025,interest_income,81076878,1001470712
2025,Mass Transit,6/1/2025,June,2025,interest_income,78572400,1001470712
2025,Mass Transit,7/1/2025,July,2025,interest_income,76151610.65,1001470712
2025,Mass Transit,8/1/2025,August,2025,interest_income,69980174.49,1001470712
2025,Mass Transit,9/1/2025,September,2025,interest_income,65798361.38,1001470712
2025,Mass Transit,10/1/2024,October,2024,other_receipts,0,0
2025,Mass Transit,11/1/2024,November,2024,other_receipts,0,0
2025,Mass Transit,12/1/2024,December,2024,other_receipts,0,0
2025,Mass Transit,1/1/2025,January,2025,other_receipts,0,0
2025,Mass Transit,2/1/2025,February,2025,other_receipts,0,0
2025,Mass Transit,3/1/2025,March,2025,other_receipts,0,0
2025,Mass Transit,4/1/2025,April,2025,other_receipts,0,0
2025,Mass Transit,5/1/2025,May,2025,other_receipts,0,0
2025,Mass Transit,6/1/2025,June,2025,other_receipts,0,0
2025,Mass Transit,7/1/2025,July,2025,other_receipts,0,0
2025,Mass Transit,8/1/2025,August,2025,other_receipts,0,0
2025,Mass Transit,9/1/2025,September,2025,other_receipts,0,0
2025,Mass Transit,10/1/2024,October,2024,total_receipts,231661353.6,6315719569
2025,Mass Transit,11/1/2024,November,2024,total_receipts,715234733.4,6315719569
2025,Mass Transit,12/1/2024,December,2024,total_receipts,638301687.1,6315719569
2025,Mass Transit,1/1/2025,January,2025,total_receipts,530551670.8,6315719569
2025,Mass Transit,2/1/2025,February,2025,total_receipts,548852885.9,6315719569
2025,Mass Transit,3/1/2025,March,2025,total_receipts,423492306.7,6315719569
2025,Mass Transit,4/1/2025,April,2025,total_receipts,796996108.7,6315719569
2025,Mass Transit,5/1/2025,May,2025,total_receipts,624199877.8,6315719569
2025,Mass Transit,6/1/2025,June,2025,total_receipts,551714400.2,6315719569
2025,Mass Transit,7/1/2025,July,2025,total_receipts,172359539,6315719569
2025,Mass Transit,8/1/2025,August,2025,total_receipts,404709174.5,6315719569
2025,Mass Transit,9/1/2025,September,2025,total_receipts,677645831,6315719569
2025,Mass Transit,10/1/2024,October,2024,transfer_to_highway,0,148074066
2025,Mass Transit,11/1/2024,November,2024,transfer_to_highway,1859946,148074066
2025,Mass Transit,12/1/2024,December,2024,transfer_to_highway,6887256,148074066
2025,Mass Transit,1/1/2025,January,2025,transfer_to_highway,448182,148074066
2025,Mass Transit,2/1/2025,February,2025,transfer_to_highway,6712264,148074066
2025,Mass Transit,3/1/2025,March,2025,transfer_to_highway,4849984,148074066
2025,Mass Transit,4/1/2025,April,2025,transfer_to_highway,0,148074066
2025,Mass Transit,5/1/2025,May,2025,transfer_to_highway,58781318,148074066
2025,Mass Transit,6/1/2025,June,2025,transfer_to_highway,0,148074066
2025,Mass Transit,7/1/2025,July,2025,transfer_to_highway,53529799,148074066
2025,Mass Transit,8/1/2025,August,2025,transfer_to_highway,14922856,148074066
2025,Mass Transit,9/1/2025,September,2025,transfer_to_highway,82461,148074066
2025,Mass Transit,10/1/2024,October,2024,transfer_from_highway,0,1600000000
2025,Mass Transit,11/1/2024,November,2024,transfer_from_highway,0,1600000000
2025,Mass Transit,12/1/2024,December,2024,transfer_from_highway,0,1600000000
2025,Mass Transit,1/1/2025,January,2025,transfer_from_highway,400000000,1600000000
2025,Mass Transit,2/1/2025,February,2025,transfer_from_highway,0,1600000000
2025,Mass Transit,3/1/2025,March,2025,transfer_from_highway,0,1600000000
2025,Mass Transit,4/1/2025,April,2025,transfer_from_highway,400000000,1600000000
2025,Mass Transit,5/1/2025,May,2025,transfer_from_highway,0,1600000000
2025,Mass Transit,6/1/2025,June,2025,transfer_from_highway,0,1600000000
2025,Mass Transit,7/1/2025,July,2025,transfer_from_highway,400000000,1600000000
2025,Mass Transit,8/1/2025,August,2025,transfer_from_highway,0,1600000000
2025,Mass Transit,9/1/2025,September,2025,transfer_from_highway,400000000,1600000000
2025,Mass Transit,10/1/2024,October,2024,outlay_htf,885408387.8,16234300272
2025,Mass Transit,11/1/2024,November,2024,outlay_htf,1105889245,16234300272
2025,Mass Transit,12/1/2024,December,2024,outlay_htf,1051666688,16234300272
2025,Mass Transit,1/1/2025,January,2025,outlay_htf,1361171738,16234300272
2025,Mass Transit,2/1/2025,February,2025,outlay_htf,1015913044,16234300272
2025,Mass Transit,3/1/2025,March,2025,outlay_htf,1266332352,16234300272
2025,Mass Transit,4/1/2025,April,2025,outlay_htf,993482858,16234300272
2025,Mass Transit,5/1/2025,May,2025,outlay_htf,1221616849,16234300272
2025,Mass Transit,6/1/2025,June,2025,outlay_htf,1434506575,16234300272
2025,Mass Transit,7/1/2025,July,2025,outlay_htf,1395596540,16234300272
2025,Mass Transit,8/1/2025,August,2025,outlay_htf,1125156638,16234300272
2025,Mass Transit,9/1/2025,September,2025,outlay_htf,3377559357,16234300272
2025,Mass Transit,10/1/2024,October,2024,closing_balance,25674133318,17861171094
2025,Mass Transit,11/1/2024,November,2024,closing_balance,25281618861,17861171094
2025,Mass Transit,12/1/2024,December,2024,closing_balance,24861366604,17861171094
2025,Mass Transit,1/1/2025,January,2025,closing_balance,24430298355,17861171094
2025,Mass Transit,2/1/2025,February,2025,closing_balance,23956525932,17861171094
2025,Mass Transit,3/1/2025,March,2025,closing_balance,23108835903,17861171094
2025,Mass Transit,4/1/2025,April,2025,closing_balance,23312394199,17861171094
2025,Mass Transit,5/1/2025,May,2025,closing_balance,22656195910,17861171094
2025,Mass Transit,6/1/2025,June,2025,closing_balance,21773403735,17861171094
2025,Mass Transit,7/1/2025,July,2025,closing_balance,20896636934,17861171094
2025,Mass Transit,8/1/2025,August,2025,closing_balance,20161266615,17861171094
2025,Mass Transit,9/1/2025,September,2025,closing_balance,17861171094,17861171094
2024,Highway,10/1/2023,October,2023,opening_balance,89648750629,89648750629
2024,Highway,11/1/2023,November,2023,opening_balance,85634622058,89648750629
2024,Highway,12/1/2023,December,2023,opening_balance,85162680372,89648750629
2024,Highway,1/1/2024,January,2024,opening_balance,84633627583,89648750629
2024,Highway,2/1/2024,February,2024,opening_balance,84747723297,89648750629
2024,Highway,3/1/2024,March,2024,opening_balance,84841859761,89648750629
2024,Highway,4/1/2024,April,2024,opening_balance,85454923267,89648750629
2024,Highway,5/1/2024,May,2024,opening_balance,85796175709,89648750629
2024,Highway,6/1/2024,June,2024,opening_balance,84249899384,89648750629
2024,Highway,7/1/2024,July,2024,opening_balance,83440653395,89648750629
2024,Highway,8/1/2024,August,2024,opening_balance,79482908615,89648750629
2024,Highway,9/1/2024,September,2024,opening_balance,77407951473,89648750629
2024,Highway,10/1/2023,October,2023,net_tax_receipts,944077000,37494621191
2024,Highway,11/1/2023,November,2023,net_tax_receipts,3641787000,37494621191
2024,Highway,12/1/2023,December,2023,net_tax_receipts,3115125000,37494621191
2024,Highway,1/1/2024,January,2024,net_tax_receipts,2977081000,37494621191
2024,Highway,2/1/2024,February,2024,net_tax_receipts,3254964000,37494621191
2024,Highway,3/1/2024,March,2024,net_tax_receipts,3288760000,37494621191
2024,Highway,4/1/2024,April,2024,net_tax_receipts,3337713000,37494621191
2024,Highway,5/1/2024,May,2024,net_tax_receipts,3664401000,37494621191
2024,Highway,6/1/2024,June,2024,net_tax_receipts,4088887690,37494621191
2024,Highway,7/1/2024,July,2024,net_tax_receipts,1303270290,37494621191
2024,Highway,8/1/2024,August,2024,net_tax_receipts,3864410000,37494621191
2024,Highway,9/1/2024,September,2024,net_tax_receipts,4014145211,37494621191
2024,Highway,10/1/2023,October,2023,interest_income,408840838.1,4440399767
2024,Highway,11/1/2023,November,2023,interest_income,372957642.8,4440399767
2024,Highway,12/1/2023,December,2023,interest_income,358266782.3,4440399767
2024,Highway,1/1/2024,January,2024,interest_income,407712925.8,4440399767
2024,Highway,2/1/2024,February,2024,interest_income,357737577.2,4440399767
2024,Highway,3/1/2024,March,2024,interest_income,363654260.7,4440399767
2024,Highway,4/1/2024,April,2024,interest_income,399588873.6,4440399767
2024,Highway,5/1/2024,May,2024,interest_income,382381349,4440399767
2024,Highway,6/1/2024,June,2024,interest_income,338182506,4440399767
2024,Highway,7/1/2024,July,2024,interest_income,390256151,4440399767
2024,Highway,8/1/2024,August,2024,interest_income,339524989.8,4440399767
2024,Highway,9/1/2024,September,2024,interest_income,321295870.3,4440399767
2024,Highway,10/1/2023,October,2023,other_receipts,1358733.38,17572229.53
2024,Highway,11/1/2023,November,2023,other_receipts,1436483.52,17572229.53
2024,Highway,12/1/2023,December,2023,other_receipts,1195435.25,17572229.53
2024,Highway,1/1/2024,January,2024,other_receipts,1524328.5,17572229.53
2024,Highway,2/1/2024,February,2024,other_receipts,1229410.58,17572229.53
2024,Highway,3/1/2024,March,2024,other_receipts,1340307.81,17572229.53
2024,Highway,4/1/2024,April,2024,other_receipts,1332837.63,17572229.53
2024,Highway,5/1/2024,May,2024,other_receipts,1344580.3,17572229.53
2024,Highway,6/1/2024,June,2024,other_receipts,1529716.98,17572229.53
2024,Highway,7/1/2024,July,2024,other_receipts,1696549.09,17572229.53
2024,Highway,8/1/2024,August,2024,other_receipts,1392975.92,17572229.53
2024,Highway,9/1/2024,September,2024,other_receipts,2190870.57,17572229.53
2024,Highway,10/1/2023,October,2023,total_receipts,1354276572,41952593188
2024,Highway,11/1/2023,November,2023,total_receipts,4016181126,41952593188
2024,Highway,12/1/2023,December,2023,total_receipts,3474587218,41952593188
2024,Highway,1/1/2024,January,2024,total_receipts,3386318254,41952593188
2024,Highway,2/1/2024,February,2024,total_receipts,3613930988,41952593188
2024,Highway,3/1/2024,March,2024,total_receipts,3653754569,41952593188
2024,Highway,4/1/2024,April,2024,total_receipts,3738634711,41952593188
2024,Highway,5/1/2024,May,2024,total_receipts,4048126929,41952593188
2024,Highway,6/1/2024,June,2024,total_receipts,4428599913,41952593188
2024,Highway,7/1/2024,July,2024,total_receipts,1695222990,41952593188
2024,Highway,8/1/2024,August,2024,total_receipts,4205327966,41952593188
2024,Highway,9/1/2024,September,2024,total_receipts,4337631952,41952593188
2024,Highway,10/1/2023,October,2023,transfer_to_mass_transit,400000000,1600000000
2024,Highway,11/1/2023,November,2023,transfer_to_mass_transit,0,1600000000
2024,Highway,12/1/2023,December,2023,transfer_to_mass_transit,0,1600000000
2024,Highway,1/1/2024,January,2024,transfer_to_mass_transit,0,1600000000
2024,Highway,2/1/2024,February,2024,transfer_to_mass_transit,400000000,1600000000
2024,Highway,3/1/2024,March,2024,transfer_to_mass_transit,0,1600000000
2024,Highway,4/1/2024,April,2024,transfer_to_mass_transit,0,1600000000
2024,Highway,5/1/2024,May,2024,transfer_to_mass_transit,400000000,1600000000
2024,Highway,6/1/2024,June,2024,transfer_to_mass_transit,0,1600000000
2024,Highway,7/1/2024,July,2024,transfer_to_mass_transit,400000000,1600000000
2024,Highway,8/1/2024,August,2024,transfer_to_mass_transit,0,1600000000
2024,Highway,9/1/2024,September,2024,transfer_to_mass_transit,0,1600000000
2024,Highway,10/1/2023,October,2023,transfer_from_mass_transit,0,135592563
2024,Highway,11/1/2023,November,2023,transfer_from_mass_transit,7035759,135592563
2024,Highway,12/1/2023,December,2023,transfer_from_mass_transit,2039910,135592563
2024,Highway,1/1/2024,January,2024,transfer_from_mass_transit,0,135592563
2024,Highway,2/1/2024,February,2024,transfer_from_mass_transit,0,135592563
2024,Highway,3/1/2024,March,2024,transfer_from_mass_transit,0,135592563
2024,Highway,4/1/2024,April,2024,transfer_from_mass_transit,49681486,135592563
2024,Highway,5/1/2024,May,2024,transfer_from_mass_transit,0,135592563
2024,Highway,6/1/2024,June,2024,transfer_from_mass_transit,65091676,135592563
2024,Highway,7/1/2024,July,2024,transfer_from_mass_transit,10019946,135592563
2024,Highway,8/1/2024,August,2024,transfer_from_mass_transit,0,135592563
2024,Highway,9/1/2024,September,2024,transfer_from_mass_transit,1723786,135592563
2024,Highway,10/1/2023,October,2023,outlay_htf,4971990331,56878632519
2024,Highway,11/1/2023,November,2023,outlay_htf,4498538013,56878632519
2024,Highway,12/1/2023,December,2023,outlay_htf,4009348088,56878632519
2024,Highway,1/1/2024,January,2024,outlay_htf,3276175253,56878632519
2024,Highway,2/1/2024,February,2024,outlay_htf,3123796253,56878632519
2024,Highway,3/1/2024,March,2024,outlay_htf,3044383499,56878632519
2024,Highway,4/1/2024,April,2024,outlay_htf,3451080096,56878632519
2024,Highway,5/1/2024,May,2024,outlay_htf,5198356282,56878632519
2024,Highway,6/1/2024,June,2024,outlay_htf,5306210397,56878632519
2024,Highway,7/1/2024,July,2024,outlay_htf,5266819470,56878632519
2024,Highway,8/1/2024,August,2024,outlay_htf,6284800353,56878632519
2024,Highway,9/1/2024,September,2024,outlay_htf,8447134486,56878632519
2024,Highway,10/1/2023,October,2023,closing_balance,85634622058,74631783324
2024,Highway,11/1/2023,November,2023,closing_balance,85162680372,74631783324
2024,Highway,12/1/2023,December,2023,closing_balance,84633627583,74631783324
2024,Highway,1/1/2024,January,2024,closing_balance,84747723297,74631783324
2024,Highway,2/1/2024,February,2024,closing_balance,84841859761,74631783324
2024,Highway,3/1/2024,March,2024,closing_balance,85454923267,74631783324
2024,Highway,4/1/2024,April,2024,closing_balance,85796175709,74631783324
2024,Highway,5/1/2024,May,2024,closing_balance,84249899384,74631783324
2024,Highway,6/1/2024,June,2024,closing_balance,83440653395,74631783324
2024,Highway,7/1/2024,July,2024,closing_balance,79482908615,74631783324
2024,Highway,8/1/2024,August,2024,closing_balance,77407951473,74631783324
2024,Highway,9/1/2024,September,2024,closing_balance,74631783324,74631783324
2024,Mass Transit,10/1/2023,October,2023,opening_balance,31925895314,31925895314
2024,Mass Transit,11/1/2023,November,2023,opening_balance,31858545638,31925895314
2024,Mass Transit,12/1/2023,December,2023,opening_balance,31626511036,31925895314
2024,Mass Transit,1/1/2024,January,2024,opening_balance,31163873990,31925895314
2024,Mass Transit,2/1/2024,February,2024,opening_balance,31049560510,31925895314
2024,Mass Transit,3/1/2024,March,2024,opening_balance,31076549236,31925895314
2024,Mass Transit,4/1/2024,April,2024,opening_balance,30700833278,31925895314
2024,Mass Transit,5/1/2024,May,2024,opening_balance,30450640824,31925895314
2024,Mass Transit,6/1/2024,June,2024,opening_balance,30304803556,31925895314
2024,Mass Transit,7/1/2024,July,2024,opening_balance,29821231511,31925895314
2024,Mass Transit,8/1/2024,August,2024,opening_balance,29491777707,31925895314
2024,Mass Transit,9/1/2024,September,2024,opening_balance,29083845737,31925895314
2024,Mass Transit,10/1/2023,October,2023,net_tax_receipts,117243000,4995064917
2024,Mass Transit,11/1/2023,November,2023,net_tax_receipts,488602000,4995064917
2024,Mass Transit,12/1/2023,December,2023,net_tax_receipts,418013000,4995064917
2024,Mass Transit,1/1/2024,January,2024,net_tax_receipts,399456000,4995064917
2024,Mass Transit,2/1/2024,February,2024,net_tax_receipts,445554000,4995064917
2024,Mass Transit,3/1/2024,March,2024,net_tax_receipts,450175000,4995064917
2024,Mass Transit,4/1/2024,April,2024,net_tax_receipts,456735000,4995064917
2024,Mass Transit,5/1/2024,May,2024,net_tax_receipts,494399000,4995064917
2024,Mass Transit,6/1/2024,June,2024,net_tax_receipts,549533376.7,4995064917
2024,Mass Transit,7/1/2024,July,2024,net_tax_receipts,162055296.8,4995064917
2024,Mass Transit,8/1/2024,August,2024,net_tax_receipts,481181000,4995064917
2024,Mass Transit,9/1/2024,September,2024,net_tax_receipts,532118243.8,4995064917
2024,Mass Transit,10/1/2023,October,2023,interest_income,149997899,1628250589
2024,Mass Transit,11/1/2023,November,2023,interest_income,138712555.5,1628250589
2024,Mass Transit,12/1/2023,December,2023,interest_income,132674467.3,1628250589
2024,Mass Transit,1/1/2024,January,2024,interest_income,150058735.1,1628250589
2024,Mass Transit,2/1/2024,February,2024,interest_income,131726858.9,1628250589
2024,Mass Transit,3/1/2024,March,2024,interest_income,131148020.5,1628250589
2024,Mass Transit,4/1/2024,April,2024,interest_income,143105696.3,1628250589
2024,Mass Transit,5/1/2024,May,2024,interest_income,137655342.1,1628250589
2024,Mass Transit,6/1/2024,June,2024,interest_income,121911160.4,1628250589
2024,Mass Transit,7/1/2024,July,2024,interest_income,143556628.1,1628250589
2024,Mass Transit,8/1/2024,August,2024,interest_income,127658692,1628250589
2024,Mass Transit,9/1/2024,September,2024,interest_income,120044534.1,1628250589
2024,Mass Transit,10/1/2023,October,2023,other_receipts,0,0
2024,Mass Transit,11/1/2023,November,2023,other_receipts,0,0
2024,Mass Transit,12/1/2023,December,2023,other_receipts,0,0
2024,Mass Transit,1/1/2024,January,2024,other_receipts,0,0
2024,Mass Transit,2/1/2024,February,2024,other_receipts,0,0
2024,Mass Transit,3/1/2024,March,2024,other_receipts,0,0
2024,Mass Transit,4/1/2024,April,2024,other_receipts,0,0
2024,Mass Transit,5/1/2024,May,2024,other_receipts,0,0
2024,Mass Transit,6/1/2024,June,2024,other_receipts,0,0
2024,Mass Transit,7/1/2024,July,2024,other_receipts,0,0
2024,Mass Transit,8/1/2024,August,2024,other_receipts,0,0
2024,Mass Transit,9/1/2024,September,2024,other_receipts,0,0
2024,Mass Transit,10/1/2023,October,2023,total_receipts,267240899,6623315507
2024,Mass Transit,11/1/2023,November,2023,total_receipts,627314555.5,6623315507
2024,Mass Transit,12/1/2023,December,2023,total_receipts,550687467.3,6623315507
2024,Mass Transit,1/1/2024,January,2024,total_receipts,549514735.1,6623315507
2024,Mass Transit,2/1/2024,February,2024,total_receipts,577280858.9,6623315507
2024,Mass Transit,3/1/2024,March,2024,total_receipts,581323020.5,6623315507
2024,Mass Transit,4/1/2024,April,2024,total_receipts,599840696.3,6623315507
2024,Mass Transit,5/1/2024,May,2024,total_receipts,632054342.1,6623315507
2024,Mass Transit,6/1/2024,June,2024,total_receipts,671444537.1,6623315507
2024,Mass Transit,7/1/2024,July,2024,total_receipts,305611924.9,6623315507
2024,Mass Transit,8/1/2024,August,2024,total_receipts,608839692,6623315507
2024,Mass Transit,9/1/2024,September,2024,total_receipts,652162777.9,6623315507
2024,Mass Transit,10/1/2023,October,2023,transfer_to_highway,0,135592563
2024,Mass Transit,11/1/2023,November,2023,transfer_to_highway,7035759,135592563
2024,Mass Transit,12/1/2023,December,2023,transfer_to_highway,2039910,135592563
2024,Mass Transit,1/1/2024,January,2024,transfer_to_highway,0,135592563
2024,Mass Transit,2/1/2024,February,2024,transfer_to_highway,0,135592563
2024,Mass Transit,3/1/2024,March,2024,transfer_to_highway,0,135592563
2024,Mass Transit,4/1/2024,April,2024,transfer_to_highway,49681486,135592563
2024,Mass Transit,5/1/2024,May,2024,transfer_to_highway,0,135592563
2024,Mass Transit,6/1/2024,June,2024,transfer_to_highway,65091676,135592563
2024,Mass Transit,7/1/2024,July,2024,transfer_to_highway,10019946,135592563
2024,Mass Transit,8/1/2024,August,2024,transfer_to_highway,0,135592563
2024,Mass Transit,9/1/2024,September,2024,transfer_to_highway,1723786,135592563
2024,Mass Transit,10/1/2023,October,2023,transfer_from_highway,400000000,1600000000
2024,Mass Transit,11/1/2023,November,2023,transfer_from_highway,0,1600000000
2024,Mass Transit,12/1/2023,December,2023,transfer_from_highway,0,1600000000
2024,Mass Transit,1/1/2024,January,2024,transfer_from_highway,0,1600000000
2024,Mass Transit,2/1/2024,February,2024,transfer_from_highway,400000000,1600000000
2024,Mass Transit,3/1/2024,March,2024,transfer_from_highway,0,1600000000
2024,Mass Transit,4/1/2024,April,2024,transfer_from_highway,0,1600000000
2024,Mass Transit,5/1/2024,May,2024,transfer_from_highway,400000000,1600000000
2024,Mass Transit,6/1/2024,June,2024,transfer_from_highway,0,1600000000
2024,Mass Transit,7/1/2024,July,2024,transfer_from_highway,400000000,1600000000
2024,Mass Transit,8/1/2024,August,2024,transfer_from_highway,0,1600000000
2024,Mass Transit,9/1/2024,September,2024,transfer_from_highway,0,1600000000
2024,Mass Transit,10/1/2023,October,2023,outlay_htf,734590574.5,13685737905
2024,Mass Transit,11/1/2023,November,2023,outlay_htf,852313398.8,13685737905
2024,Mass Transit,12/1/2023,December,2023,outlay_htf,1011284603,13685737905
2024,Mass Transit,1/1/2024,January,2024,outlay_htf,663828215.7,13685737905
2024,Mass Transit,2/1/2024,February,2024,outlay_htf,950292132.8,13685737905
2024,Mass Transit,3/1/2024,March,2024,outlay_htf,957038978.2,13685737905
2024,Mass Transit,4/1/2024,April,2024,outlay_htf,800351664.7,13685737905
2024,Mass Transit,5/1/2024,May,2024,outlay_htf,1177891610,13685737905
2024,Mass Transit,6/1/2024,June,2024,outlay_htf,1089924906,13685737905
2024,Mass Transit,7/1/2024,July,2024,outlay_htf,1025045783,13685737905
2024,Mass Transit,8/1/2024,August,2024,outlay_htf,1016771662,13685737905
2024,Mass Transit,9/1/2024,September,2024,outlay_htf,3406404376,13685737905
2024,Mass Transit,10/1/2023,October,2023,closing_balance,31858545638,26327880353
2024,Mass Transit,11/1/2023,November,2023,closing_balance,31626511036,26327880353
2024,Mass Transit,12/1/2023,December,2023,closing_balance,31163873990,26327880353
2024,Mass Transit,1/1/2024,January,2024,closing_balance,31049560510,26327880353
2024,Mass Transit,2/1/2024,February,2024,closing_balance,31076549236,26327880353
2024,Mass Transit,3/1/2024,March,2024,closing_balance,30700833278,26327880353
2024,Mass Transit,4/1/2024,April,2024,closing_balance,30450640824,26327880353
2024,Mass Transit,5/1/2024,May,2024,closing_balance,30304803556,26327880353
2024,Mass Transit,6/1/2024,June,2024,closing_balance,29821231511,26327880353
2024,Mass Transit,7/1/2024,July,2024,closing_balance,29491777707,26327880353
2024,Mass Transit,8/1/2024,August,2024,closing_balance,29083845737,26327880353
2024,Mass Transit,9/1/2024,September,2024,closing_balance,26327880353,26327880353
2023,Highway,10/1/2022,October,2022,opening_balance,98913138075,98913138075
2023,Highway,11/1/2022,November,2022,opening_balance,95623054997,98913138075
2023,Highway,12/1/2022,December,2022,opening_balance,95447303386,98913138075
2023,Highway,1/1/2023,January,2023,opening_balance,92996470129,98913138075
2023,Highway,2/1/2023,February,2023,opening_balance,93807840682,98913138075
2023,Highway,3/1/2023,March,2023,opening_balance,94626208059,98913138075
2023,Highway,4/1/2023,April,2023,opening_balance,94232654395,98913138075
2023,Highway,5/1/2023,May,2023,opening_balance,94883355349,98913138075
2023,Highway,6/1/2023,June,2023,opening_balance,93649141869,98913138075
2023,Highway,7/1/2023,July,2023,opening_balance,92475941879,98913138075
2023,Highway,8/1/2023,August,2023,opening_balance,90845795170,98913138075
2023,Highway,9/1/2023,September,2023,opening_balance,89197495382,98913138075
2023,Highway,10/1/2022,October,2022,net_tax_receipts,776549000,37358077501
2023,Highway,11/1/2022,November,2022,net_tax_receipts,3956217000,37358077501
2023,Highway,12/1/2022,December,2022,net_tax_receipts,1015090967,37358077501
2023,Highway,1/1/2023,January,2023,net_tax_receipts,3104830000,37358077501
2023,Highway,2/1/2023,February,2023,net_tax_receipts,3137877360,37358077501
2023,Highway,3/1/2023,March,2023,net_tax_receipts,2913935000,37358077501
2023,Highway,4/1/2023,April,2023,net_tax_receipts,3262436000,37358077501
2023,Highway,5/1/2023,May,2023,net_tax_receipts,2373105650,37358077501
2023,Highway,6/1/2023,June,2023,net_tax_receipts,3224372000,37358077501
2023,Highway,7/1/2023,July,2023,net_tax_receipts,3260814000,37358077501
2023,Highway,8/1/2023,August,2023,net_tax_receipts,3930136446,37358077501
2023,Highway,9/1/2023,September,2023,net_tax_receipts,6402714078,37358077501
2023,Highway,10/1/2022,October,2022,interest_income,258091001.7,4205947010
2023,Highway,11/1/2022,November,2022,interest_income,292297821.7,4205947010
2023,Highway,12/1/2022,December,2022,interest_income,290931485.1,4205947010
2023,Highway,1/1/2023,January,2023,interest_income,352431093.2,4205947010
2023,Highway,2/1/2023,February,2023,interest_income,328707038.4,4205947010
2023,Highway,3/1/2023,March,2023,interest_income,350459620,4205947010
2023,Highway,4/1/2023,April,2023,interest_income,297567123.2,4205947010
2023,Highway,5/1/2023,May,2023,interest_income,452931767.8,4205947010
2023,Highway,6/1/2023,June,2023,interest_income,390628193.4,4205947010
2023,Highway,7/1/2023,July,2023,interest_income,409191087.1,4205947010
2023,Highway,8/1/2023,August,2023,interest_income,409601781.3,4205947010
2023,Highway,9/1/2023,September,2023,interest_income,373108996.7,4205947010
2023,Highway,10/1/2022,October,2022,other_receipts,1463107.77,80996309.19
2023,Highway,11/1/2022,November,2022,other_receipts,1387696.78,80996309.19
2023,Highway,12/1/2022,December,2022,other_receipts,1555330.95,80996309.19
2023,Highway,1/1/2023,January,2023,other_receipts,1431375.26,80996309.19
2023,Highway,2/1/2023,February,2023,other_receipts,66243045.25,80996309.19
2023,Highway,3/1/2023,March,2023,other_receipts,1501429.02,80996309.19
2023,Highway,4/1/2023,April,2023,other_receipts,1184218.62,80996309.19
2023,Highway,5/1/2023,May,2023,other_receipts,1339289.24,80996309.19
2023,Highway,6/1/2023,June,2023,other_receipts,1348267.9,80996309.19
2023,Highway,7/1/2023,July,2023,other_receipts,1196451.76,80996309.19
2023,Highway,8/1/2023,August,2023,other_receipts,1596232.69,80996309.19
2023,Highway,9/1/2023,September,2023,other_receipts,749863.95,80996309.19
2023,Highway,10/1/2022,October,2022,total_receipts,1036103109,41645020820
2023,Highway,11/1/2022,November,2022,total_receipts,4249902519,41645020820
2023,Highway,12/1/2022,December,2022,total_receipts,1307577783,41645020820
2023,Highway,1/1/2023,January,2023,total_receipts,3458692468,41645020820
2023,Highway,2/1/2023,February,2023,total_receipts,3532827443,41645020820
2023,Highway,3/1/2023,March,2023,total_receipts,3265896049,41645020820
2023,Highway,4/1/2023,April,2023,total_receipts,3561187342,41645020820
2023,Highway,5/1/2023,May,2023,total_receipts,2827376707,41645020820
2023,Highway,6/1/2023,June,2023,total_receipts,3616348461,41645020820
2023,Highway,7/1/2023,July,2023,total_receipts,3671201539,41645020820
2023,Highway,8/1/2023,August,2023,total_receipts,4341334460,41645020820
2023,Highway,9/1/2023,September,2023,total_receipts,6776572938,41645020820
2023,Highway,10/1/2022,October,2022,transfer_to_mass_transit,0,1200000000
2023,Highway,11/1/2022,November,2022,transfer_to_mass_transit,400000000,1200000000
2023,Highway,12/1/2022,December,2022,transfer_to_mass_transit,0,1200000000
2023,Highway,1/1/2023,January,2023,transfer_to_mass_transit,0,1200000000
2023,Highway,2/1/2023,February,2023,transfer_to_mass_transit,0,1200000000
2023,Highway,3/1/2023,March,2023,transfer_to_mass_transit,400000000,1200000000
2023,Highway,4/1/2023,April,2023,transfer_to_mass_transit,0,1200000000
2023,Highway,5/1/2023,May,2023,transfer_to_mass_transit,0,1200000000
2023,Highway,6/1/2023,June,2023,transfer_to_mass_transit,0,1200000000
2023,Highway,7/1/2023,July,2023,transfer_to_mass_transit,400000000,1200000000
2023,Highway,8/1/2023,August,2023,transfer_to_mass_transit,0,1200000000
2023,Highway,9/1/2023,September,2023,transfer_to_mass_transit,0,1200000000
2023,Highway,10/1/2022,October,2022,transfer_from_mass_transit,0,134902699
2023,Highway,11/1/2022,November,2022,transfer_from_mass_transit,14249002,134902699
2023,Highway,12/1/2022,December,2022,transfer_from_mass_transit,1966686,134902699
2023,Highway,1/1/2023,January,2023,transfer_from_mass_transit,0,134902699
2023,Highway,2/1/2023,February,2023,transfer_from_mass_transit,7128521,134902699
2023,Highway,3/1/2023,March,2023,transfer_from_mass_transit,48424812,134902699
2023,Highway,4/1/2023,April,2023,transfer_from_mass_transit,9674682,134902699
2023,Highway,5/1/2023,May,2023,transfer_from_mass_transit,30898621,134902699
2023,Highway,6/1/2023,June,2023,transfer_from_mass_transit,13862326,134902699
2023,Highway,7/1/2023,July,2023,transfer_from_mass_transit,2146516,134902699
2023,Highway,8/1/2023,August,2023,transfer_from_mass_transit,6551533,134902699
2023,Highway,9/1/2023,September,2023,transfer_from_mass_transit,0,134902699
2023,Highway,10/1/2022,October,2022,outlay_htf,4330693326,50157416126
2023,Highway,11/1/2022,November,2022,outlay_htf,4044012511,50157416126
2023,Highway,12/1/2022,December,2022,outlay_htf,3764689738,50157416126
2023,Highway,1/1/2023,January,2023,outlay_htf,2652403540,50157416126
2023,Highway,2/1/2023,February,2023,outlay_htf,2725844323,50157416126
2023,Highway,3/1/2023,March,2023,outlay_htf,3312492606,50157416126
2023,Highway,4/1/2023,April,2023,outlay_htf,2924220597,50157416126
2023,Highway,5/1/2023,May,2023,outlay_htf,4096318986,50157416126
2023,Highway,6/1/2023,June,2023,outlay_htf,4807378387,50157416126
2023,Highway,7/1/2023,July,2023,outlay_htf,4906673420,50157416126
2023,Highway,8/1/2023,August,2023,outlay_htf,6000827621,50157416126
2023,Highway,9/1/2023,September,2023,outlay_htf,6591861073,50157416126
2023,Highway,10/1/2022,October,2022,closing_balance,95623054997,89648750629
2023,Highway,11/1/2022,November,2022,closing_balance,95447303386,89648750629
2023,Highway,12/1/2022,December,2022,closing_balance,92996470129,89648750629
2023,Highway,1/1/2023,January,2023,closing_balance,93807840682,89648750629
2023,Highway,2/1/2023,February,2023,closing_balance,94626208059,89648750629
2023,Highway,3/1/2023,March,2023,closing_balance,94232654395,89648750629
2023,Highway,4/1/2023,April,2023,closing_balance,94883355349,89648750629
2023,Highway,5/1/2023,May,2023,closing_balance,93649141869,89648750629
2023,Highway,6/1/2023,June,2023,closing_balance,92475941879,89648750629
2023,Highway,7/1/2023,July,2023,closing_balance,90845795170,89648750629
2023,Highway,8/1/2023,August,2023,closing_balance,89197495382,89648750629
2023,Highway,9/1/2023,September,2023,closing_balance,89648750629,89648750629
2023,Mass Transit,10/1/2022,October,2022,opening_balance,34554885515,34554885515
2023,Mass Transit,11/1/2022,November,2022,opening_balance,33873993661,34554885515
2023,Mass Transit,12/1/2022,December,2022,opening_balance,34388174810,34554885515
2023,Mass Transit,1/1/2023,January,2023,opening_balance,33565506781,34554885515
2023,Mass Transit,2/1/2023,February,2023,opening_balance,33573236028,34554885515
2023,Mass Transit,3/1/2023,March,2023,opening_balance,33455778811,34554885515
2023,Mass Transit,4/1/2023,April,2023,opening_balance,33631154254,34554885515
2023,Mass Transit,5/1/2023,May,2023,opening_balance,33505298796,34554885515
2023,Mass Transit,6/1/2023,June,2023,opening_balance,32880293091,34554885515
2023,Mass Transit,7/1/2023,July,2023,opening_balance,32567357788,34554885515
2023,Mass Transit,8/1/2023,August,2023,opening_balance,32953696011,34554885515
2023,Mass Transit,9/1/2023,September,2023,opening_balance,32429732038,34554885515
2023,Mass Transit,10/1/2022,October,2022,net_tax_receipts,100973000,4776601321
2023,Mass Transit,11/1/2022,November,2022,net_tax_receipts,561587000,4776601321
2023,Mass Transit,12/1/2022,December,2022,net_tax_receipts,60768295.24,4776601321
2023,Mass Transit,1/1/2023,January,2023,net_tax_receipts,440835000,4776601321
2023,Mass Transit,2/1/2023,February,2023,net_tax_receipts,392047128.4,4776601321
2023,Mass Transit,3/1/2023,March,2023,net_tax_receipts,420647000,4776601321
2023,Mass Transit,4/1/2023,April,2023,net_tax_receipts,470748000,4776601321
2023,Mass Transit,5/1/2023,May,2023,net_tax_receipts,255208538,4776601321
2023,Mass Transit,6/1/2023,June,2023,net_tax_receipts,449456000,4776601321
2023,Mass Transit,7/1/2023,July,2023,net_tax_receipts,454490000,4776601321
2023,Mass Transit,8/1/2023,August,2023,net_tax_receipts,419553789.8,4776601321
2023,Mass Transit,9/1/2023,September,2023,net_tax_receipts,750287570,4776601321
2023,Mass Transit,10/1/2022,October,2022,interest_income,91054934.84,1494673323
2023,Mass Transit,11/1/2022,November,2022,interest_income,103819144.1,1494673323
2023,Mass Transit,12/1/2022,December,2022,interest_income,104840767.9,1494673323
2023,Mass Transit,1/1/2023,January,2023,interest_income,127538927.6,1494673323
2023,Mass Transit,2/1/2023,February,2023,interest_income,116958351.9,1494673323
2023,Mass Transit,3/1/2023,March,2023,interest_income,124268367,1494673323
2023,Mass Transit,4/1/2023,April,2023,interest_income,105165440,1494673323
2023,Mass Transit,5/1/2023,May,2023,interest_income,158015815.8,1494673323
2023,Mass Transit,6/1/2023,June,2023,interest_income,136398905.8,1494673323
2023,Mass Transit,7/1/2023,July,2023,interest_income,143825984.2,1494673323
2023,Mass Transit,8/1/2023,August,2023,interest_income,146152946.6,1494673323
2023,Mass Transit,9/1/2023,September,2023,interest_income,136633737.2,1494673323
2023,Mass Transit,10/1/2022,October,2022,other_receipts,0,
2023,Mass Transit,11/1/2022,November,2022,other_receipts,0,
2023,Mass Transit,12/1/2022,December,2022,other_receipts,0,
2023,Mass Transit,1/1/2023,January,2023,other_receipts,0,
2023,Mass Transit,2/1/2023,February,2023,other_receipts,-100,
2023,Mass Transit,3/1/2023,March,2023,other_receipts,0,
2023,Mass Transit,4/1/2023,April,2023,other_receipts,0,
2023,Mass Transit,5/1/2023,May,2023,other_receipts,0,
2023,Mass Transit,6/1/2023,June,2023,other_receipts,0,
2023,Mass Transit,7/1/2023,July,2023,other_receipts,0,
2023,Mass Transit,8/1/2023,August,2023,other_receipts,0,
2023,Mass Transit,9/1/2023,September,2023,other_receipts,0,
2023,Mass Transit,10/1/2022,October,2022,total_receipts,192027934.8,6271274644
2023,Mass Transit,11/1/2022,November,2022,total_receipts,665406144.1,6271274644
2023,Mass Transit,12/1/2022,December,2022,total_receipts,165609063.1,6271274644
2023,Mass Transit,1/1/2023,January,2023,total_receipts,568373927.6,6271274644
2023,Mass Transit,2/1/2023,February,2023,total_receipts,509005480.3,6271274644
2023,Mass Transit,3/1/2023,March,2023,total_receipts,544915367,6271274644
2023,Mass Transit,4/1/2023,April,2023,total_receipts,575913440,6271274644
2023,Mass Transit,5/1/2023,May,2023,total_receipts,413224353.8,6271274644
2023,Mass Transit,6/1/2023,June,2023,total_receipts,585854905.8,6271274644
2023,Mass Transit,7/1/2023,July,2023,total_receipts,598315984.2,6271274644
2023,Mass Transit,8/1/2023,August,2023,total_receipts,565706736.4,6271274644
2023,Mass Transit,9/1/2023,September,2023,total_receipts,886921307.2,6271274644
2023,Mass Transit,10/1/2022,October,2022,transfer_to_highway,0,134902699
2023,Mass Transit,11/1/2022,November,2022,transfer_to_highway,14249002,134902699
2023,Mass Transit,12/1/2022,December,2022,transfer_to_highway,1966686,134902699
2023,Mass Transit,1/1/2023,January,2023,transfer_to_highway,0,134902699
2023,Mass Transit,2/1/2023,February,2023,transfer_to_highway,7128521,134902699
2023,Mass Transit,3/1/2023,March,2023,transfer_to_highway,48424812,134902699
2023,Mass Transit,4/1/2023,April,2023,transfer_to_highway,9674682,134902699
2023,Mass Transit,5/1/2023,May,2023,transfer_to_highway,30898621,134902699
2023,Mass Transit,6/1/2023,June,2023,transfer_to_highway,13862326,134902699
2023,Mass Transit,7/1/2023,July,2023,transfer_to_highway,2146516,134902699
2023,Mass Transit,8/1/2023,August,2023,transfer_to_highway,6551533,134902699
2023,Mass Transit,9/1/2023,September,2023,transfer_to_highway,0,134902699
2023,Mass Transit,10/1/2022,October,2022,transfer_from_highway,0,1200000000
2023,Mass Transit,11/1/2022,November,2022,transfer_from_highway,400000000,1200000000
2023,Mass Transit,12/1/2022,December,2022,transfer_from_highway,0,1200000000
2023,Mass Transit,1/1/2023,January,2023,transfer_from_highway,0,1200000000
2023,Mass Transit,2/1/2023,February,2023,transfer_from_highway,0,1200000000
2023,Mass Transit,3/1/2023,March,2023,transfer_from_highway,400000000,1200000000
2023,Mass Transit,4/1/2023,April,2023,transfer_from_highway,0,1200000000
2023,Mass Transit,5/1/2023,May,2023,transfer_from_highway,0,1200000000
2023,Mass Transit,6/1/2023,June,2023,transfer_from_highway,0,1200000000
2023,Mass Transit,7/1/2023,July,2023,transfer_from_highway,400000000,1200000000
2023,Mass Transit,8/1/2023,August,2023,transfer_from_highway,0,1200000000
2023,Mass Transit,9/1/2023,September,2023,transfer_from_highway,0,1200000000
2023,Mass Transit,10/1/2022,October,2022,outlay_htf,872919789,9965362147
2023,Mass Transit,11/1/2022,November,2022,outlay_htf,536975993.4,9965362147
2023,Mass Transit,12/1/2022,December,2022,outlay_htf,986310405.7,9965362147
2023,Mass Transit,1/1/2023,January,2023,outlay_htf,560644680.5,9965362147
2023,Mass Transit,2/1/2023,February,2023,outlay_htf,619334176.9,9965362147
2023,Mass Transit,3/1/2023,March,2023,outlay_htf,721115111.7,9965362147
2023,Mass Transit,4/1/2023,April,2023,outlay_htf,692094216.5,9965362147
2023,Mass Transit,5/1/2023,May,2023,outlay_htf,1007331437,9965362147
2023,Mass Transit,6/1/2023,June,2023,outlay_htf,884927883.3,9965362147
2023,Mass Transit,7/1/2023,July,2023,outlay_htf,609831245.1,9965362147
2023,Mass Transit,8/1/2023,August,2023,outlay_htf,1083119176,9965362147
2023,Mass Transit,9/1/2023,September,2023,outlay_htf,1390758032,9965362147
2023,Mass Transit,10/1/2022,October,2022,closing_balance,33873993661,31925895314
2023,Mass Transit,11/1/2022,November,2022,closing_balance,34388174810,31925895314
2023,Mass Transit,12/1/2022,December,2022,closing_balance,33565506781,31925895314
2023,Mass Transit,1/1/2023,January,2023,closing_balance,33573236028,31925895314
2023,Mass Transit,2/1/2023,February,2023,closing_balance,33455778811,31925895314
2023,Mass Transit,3/1/2023,March,2023,closing_balance,33631154254,31925895314
2023,Mass Transit,4/1/2023,April,2023,closing_balance,33505298796,31925895314
2023,Mass Transit,5/1/2023,May,2023,closing_balance,32880293091,31925895314
2023,Mass Transit,6/1/2023,June,2023,closing_balance,32567357788,31925895314
2023,Mass Transit,7/1/2023,July,2023,closing_balance,32953696011,31925895314
2023,Mass Transit,8/1/2023,August,2023,closing_balance,32429732038,31925895314
2023,Mass Transit,9/1/2023,September,2023,closing_balance,31925895314,31925895314
2022,Highway,10/1/2021,October,2021,opening_balance,14264103331,14264103331
2022,Highway,11/1/2021,November,2021,opening_balance,11234937383,14264103331
2022,Highway,12/1/2021,December,2021,opening_balance,11081188567,14264103331
2022,Highway,1/1/2022,January,2022,opening_balance,1.01067E+11,14264103331
2022,Highway,2/1/2022,February,2022,opening_balance,1.01639E+11,14264103331
2022,Highway,3/1/2022,March,2022,opening_balance,1.03089E+11,14264103331
2022,Highway,4/1/2022,April,2022,opening_balance,1.03317E+11,14264103331
2022,Highway,5/1/2022,May,2022,opening_balance,1.0451E+11,14264103331
2022,Highway,6/1/2022,June,2022,opening_balance,1.03887E+11,14264103331
2022,Highway,7/1/2022,July,2022,opening_balance,1.03783E+11,14264103331
2022,Highway,8/1/2022,August,2022,opening_balance,1.03309E+11,14264103331
2022,Highway,9/1/2022,September,2022,opening_balance,99034796040,14264103331
2022,Highway,10/1/2021,October,2021,net_tax_receipts,796877000,40864539512
2022,Highway,11/1/2021,November,2021,net_tax_receipts,3798384000,40864539512
2022,Highway,12/1/2021,December,2021,net_tax_receipts,3304398000,40864539512
2022,Highway,1/1/2022,January,2022,net_tax_receipts,3117823000,40864539512
2022,Highway,2/1/2022,February,2022,net_tax_receipts,3863781882,40864539512
2022,Highway,3/1/2022,March,2022,net_tax_receipts,3304085000,40864539512
2022,Highway,4/1/2022,April,2022,net_tax_receipts,3979002000,40864539512
2022,Highway,5/1/2022,May,2022,net_tax_receipts,2806158045,40864539512
2022,Highway,6/1/2022,June,2022,net_tax_receipts,4129978000,40864539512
2022,Highway,7/1/2022,July,2022,net_tax_receipts,3994200000,40864539512
2022,Highway,8/1/2022,August,2022,net_tax_receipts,1576767585,40864539512
2022,Highway,9/1/2022,September,2022,net_tax_receipts,6193085000,40864539512
2022,Highway,10/1/2021,October,2021,interest_income,350002.36,728214086
2022,Highway,11/1/2021,November,2021,interest_income,523782.64,728214086
2022,Highway,12/1/2021,December,2021,interest_income,1592253.48,728214086
2022,Highway,1/1/2022,January,2022,interest_income,4160557.89,728214086
2022,Highway,2/1/2022,February,2022,interest_income,3061844.83,728214086
2022,Highway,3/1/2022,March,2022,interest_income,14661763.93,728214086
2022,Highway,4/1/2022,April,2022,interest_income,23834447.12,728214086
2022,Highway,5/1/2022,May,2022,interest_income,49890782.08,728214086
2022,Highway,6/1/2022,June,2022,interest_income,86351355.06,728214086
2022,Highway,7/1/2022,July,2022,interest_income,139603319.1,728214086
2022,Highway,8/1/2022,August,2022,interest_income,201097644.5,728214086
2022,Highway,9/1/2022,September,2022,interest_income,203086333,728214086
2022,Highway,10/1/2021,October,2021,other_receipts,1288386.09,90018666040
2022,Highway,11/1/2021,November,2021,other_receipts,1298413.91,90018666040
2022,Highway,12/1/2021,December,2021,other_receipts,90001539324,90018666040
2022,Highway,1/1/2022,January,2022,other_receipts,1436083.66,90018666040
2022,Highway,2/1/2022,February,2022,other_receipts,1215189.68,90018666040
2022,Highway,3/1/2022,March,2022,other_receipts,1504731.48,90018666040
2022,Highway,4/1/2022,April,2022,other_receipts,1312161.02,90018666040
2022,Highway,5/1/2022,May,2022,other_receipts,3760337.99,90018666040
2022,Highway,6/1/2022,June,2022,other_receipts,1268026.21,90018666040
2022,Highway,7/1/2022,July,2022,other_receipts,1162918.79,90018666040
2022,Highway,8/1/2022,August,2022,other_receipts,1509313.2,90018666040
2022,Highway,9/1/2022,September,2022,other_receipts,1371154.05,90018666040
2022,Highway,10/1/2021,October,2021,total_receipts,798515388.5,1.31611E+11
2022,Highway,11/1/2021,November,2021,total_receipts,3800206197,1.31611E+11
2022,Highway,12/1/2021,December,2021,total_receipts,93307529577,1.31611E+11
2022,Highway,1/1/2022,January,2022,total_receipts,3123419642,1.31611E+11
2022,Highway,2/1/2022,February,2022,total_receipts,3868058916,1.31611E+11
2022,Highway,3/1/2022,March,2022,total_receipts,3320251495,1.31611E+11
2022,Highway,4/1/2022,April,2022,total_receipts,4004148608,1.31611E+11
2022,Highway,5/1/2022,May,2022,total_receipts,2859809165,1.31611E+11
2022,Highway,6/1/2022,June,2022,total_receipts,4217597381,1.31611E+11
2022,Highway,7/1/2022,July,2022,total_receipts,4134966238,1.31611E+11
2022,Highway,8/1/2022,August,2022,total_receipts,1779374543,1.31611E+11
2022,Highway,9/1/2022,September,2022,total_receipts,6397542487,1.31611E+11
2022,Highway,10/1/2021,October,2021,transfer_to_mass_transit,300000000,-16.7
2022,Highway,11/1/2021,November,2021,transfer_to_mass_transit,0,-16.7
2022,Highway,12/1/2021,December,2021,transfer_to_mass_transit,300000000,-16.7
2022,Highway,1/1/2022,January,2022,transfer_to_mass_transit,0,-16.7
2022,Highway,2/1/2022,February,2022,transfer_to_mass_transit,0,-16.7
2022,Highway,3/1/2022,March,2022,transfer_to_mass_transit,0,-16.7
2022,Highway,4/1/2022,April,2022,transfer_to_mass_transit,0,-16.7
2022,Highway,5/1/2022,May,2022,transfer_to_mass_transit,0,-16.7
2022,Highway,6/1/2022,June,2022,transfer_to_mass_transit,400000000,-16.7
2022,Highway,7/1/2022,July,2022,transfer_to_mass_transit,0,-16.7
2022,Highway,8/1/2022,August,2022,transfer_to_mass_transit,0,-16.7
2022,Highway,9/1/2022,September,2022,transfer_to_mass_transit,1000000000,-16.7
2022,Highway,10/1/2021,October,2021,transfer_from_mass_transit,2110210,0.3
2022,Highway,11/1/2021,November,2021,transfer_from_mass_transit,0,0.3
2022,Highway,12/1/2021,December,2021,transfer_from_mass_transit,5000000,0.3
2022,Highway,1/1/2022,January,2022,transfer_from_mass_transit,1291122,0.3
2022,Highway,2/1/2022,February,2022,transfer_from_mass_transit,2974607,0.3
2022,Highway,3/1/2022,March,2022,transfer_from_mass_transit,251011,0.3
2022,Highway,4/1/2022,April,2022,transfer_from_mass_transit,85161189,0.3
2022,Highway,5/1/2022,May,2022,transfer_from_mass_transit,6766541,0.3
2022,Highway,6/1/2022,June,2022,transfer_from_mass_transit,11482110,0.3
2022,Highway,7/1/2022,July,2022,transfer_from_mass_transit,0,0.3
2022,Highway,8/1/2022,August,2022,transfer_from_mass_transit,0,0.3
2022,Highway,9/1/2022,September,2022,transfer_from_mass_transit,115036790,0.3
2022,Highway,10/1/2021,October,2021,outlay_htf,3448070967,46350450652
2022,Highway,11/1/2021,November,2021,outlay_htf,4035675592,46350450652
2022,Highway,12/1/2021,December,2021,outlay_htf,3339226640,46350450652
2022,Highway,1/1/2022,January,2022,outlay_htf,2262531395,46350450652
2022,Highway,2/1/2022,February,2022,outlay_htf,2424905380,46350450652
2022,Highway,3/1/2022,March,2022,outlay_htf,3101789515,46350450652
2022,Highway,4/1/2022,April,2022,outlay_htf,2817474072,46350450652
2022,Highway,5/1/2022,May,2022,outlay_htf,3572765757,46350450652
2022,Highway,6/1/2022,June,2022,outlay_htf,4333306542,46350450652
2022,Highway,7/1/2022,July,2022,outlay_htf,4225298604,46350450652
2022,Highway,8/1/2022,August,2022,outlay_htf,6059010956,46350450652
2022,Highway,9/1/2022,September,2022,outlay_htf,6730395233,46350450652
2022,Highway,10/1/2021,October,2021,closing_balance,11234937383,98913138075
2022,Highway,11/1/2021,November,2021,closing_balance,11081188567,98913138075
2022,Highway,12/1/2021,December,2021,closing_balance,1.01067E+11,98913138075
2022,Highway,1/1/2022,January,2022,closing_balance,1.01639E+11,98913138075
2022,Highway,2/1/2022,February,2022,closing_balance,1.03089E+11,98913138075
2022,Highway,3/1/2022,March,2022,closing_balance,1.03317E+11,98913138075
2022,Highway,4/1/2022,April,2022,closing_balance,1.0451E+11,98913138075
2022,Highway,5/1/2022,May,2022,closing_balance,1.03887E+11,98913138075
2022,Highway,6/1/2022,June,2022,closing_balance,1.03783E+11,98913138075
2022,Highway,7/1/2022,July,2022,closing_balance,1.03309E+11,98913138075
2022,Highway,8/1/2022,August,2022,closing_balance,99034796040,98913138075
2022,Highway,9/1/2022,September,2022,closing_balance,98913138075,98913138075
2022,Mass Transit,10/1/2021,October,2021,opening_balance,6878390356,6878390356
2022,Mass Transit,11/1/2021,November,2021,opening_balance,6541551876,6878390356
2022,Mass Transit,12/1/2021,December,2021,opening_balance,6949865236,6878390356
2022,Mass Transit,1/1/2022,January,2022,opening_balance,34739530667,6878390356
2022,Mass Transit,2/1/2022,February,2022,opening_balance,34921810617,6878390356
2022,Mass Transit,3/1/2022,March,2022,opening_balance,34965419400,6878390356
2022,Mass Transit,4/1/2022,April,2022,opening_balance,34890747257,6878390356
2022,Mass Transit,5/1/2022,May,2022,opening_balance,34919708129,6878390356
2022,Mass Transit,6/1/2022,June,2022,opening_balance,34625268765,6878390356
2022,Mass Transit,7/1/2022,July,2022,opening_balance,34610524543,6878390356
2022,Mass Transit,8/1/2022,August,2022,opening_balance,35122203921,6878390356
2022,Mass Transit,9/1/2022,September,2022,opening_balance,34548902179,6878390356
2022,Mass Transit,10/1/2021,October,2021,net_tax_receipts,103739000,5748256380
2022,Mass Transit,11/1/2021,November,2021,net_tax_receipts,544092000,5748256380
2022,Mass Transit,12/1/2021,December,2021,net_tax_receipts,473420000,5748256380
2022,Mass Transit,1/1/2022,January,2022,net_tax_receipts,446681000,5748256380
2022,Mass Transit,2/1/2022,February,2022,net_tax_receipts,551774196,5748256380
2022,Mass Transit,3/1/2022,March,2022,net_tax_receipts,476253000,5748256380
2022,Mass Transit,4/1/2022,April,2022,net_tax_receipts,573314000,5748256380
2022,Mass Transit,5/1/2022,May,2022,net_tax_receipts,405294274.2,5748256380
2022,Mass Transit,6/1/2022,June,2022,net_tax_receipts,605577000,5748256380
2022,Mass Transit,7/1/2022,July,2022,net_tax_receipts,585640000,5748256380
2022,Mass Transit,8/1/2022,August,2022,net_tax_receipts,178962909.9,5748256380
2022,Mass Transit,9/1/2022,September,2022,net_tax_receipts,803509000,5748256380
2022,Mass Transit,10/1/2021,October,2021,interest_income,226442.92,249763130.8
2022,Mass Transit,11/1/2021,November,2021,interest_income,375050.76,249763130.8
2022,Mass Transit,12/1/2021,December,2021,interest_income,609827.97,249763130.8
2022,Mass Transit,1/1/2022,January,2022,interest_income,1435519.99,249763130.8
2022,Mass Transit,2/1/2022,February,2022,interest_income,1046247.73,249763130.8
2022,Mass Transit,3/1/2022,March,2022,interest_income,4941592.27,249763130.8
2022,Mass Transit,4/1/2022,April,2022,interest_income,7992424.62,249763130.8
2022,Mass Transit,5/1/2022,May,2022,interest_income,16744629.37,249763130.8
2022,Mass Transit,6/1/2022,June,2022,interest_income,28991311.32,249763130.8
2022,Mass Transit,7/1/2022,July,2022,interest_income,47109975.18,249763130.8
2022,Mass Transit,8/1/2022,August,2022,interest_income,68824206.21,249763130.8
2022,Mass Transit,9/1/2022,September,2022,interest_income,71465902.42,249763130.8
2022,Mass Transit,10/1/2021,October,2021,other_receipts,0,
2022,Mass Transit,11/1/2021,November,2021,other_receipts,28000000000,
2022,Mass Transit,12/1/2021,December,2021,other_receipts,0,
2022,Mass Transit,1/1/2022,January,2022,other_receipts,0,
2022,Mass Transit,2/1/2022,February,2022,other_receipts,0,
2022,Mass Transit,3/1/2022,March,2022,other_receipts,0,
2022,Mass Transit,4/1/2022,April,2022,other_receipts,0,
2022,Mass Transit,5/1/2022,May,2022,other_receipts,0,
2022,Mass Transit,6/1/2022,June,2022,other_receipts,0,
2022,Mass Transit,7/1/2022,July,2022,other_receipts,28000000000,
2022,Mass Transit,8/1/2022,August,2022,other_receipts,775,
2022,Mass Transit,9/1/2022,September,2022,other_receipts,0,
2022,Mass Transit,10/1/2021,October,2021,total_receipts,103965442.9,33998019511
2022,Mass Transit,11/1/2021,November,2021,total_receipts,544467050.8,33998019511
2022,Mass Transit,12/1/2021,December,2021,total_receipts,28474029828,33998019511
2022,Mass Transit,1/1/2022,January,2022,total_receipts,448116520,33998019511
2022,Mass Transit,2/1/2022,February,2022,total_receipts,552820443.7,33998019511
2022,Mass Transit,3/1/2022,March,2022,total_receipts,481194592.3,33998019511
2022,Mass Transit,4/1/2022,April,2022,total_receipts,581306424.6,33998019511
2022,Mass Transit,5/1/2022,May,2022,total_receipts,422038903.6,33998019511
2022,Mass Transit,6/1/2022,June,2022,total_receipts,634568311.3,33998019511
2022,Mass Transit,7/1/2022,July,2022,total_receipts,632749975.2,33998019511
2022,Mass Transit,8/1/2022,August,2022,total_receipts,247787116.1,33998019511
2022,Mass Transit,9/1/2022,September,2022,total_receipts,874974902.4,33998019511
2022,Mass Transit,10/1/2021,October,2021,transfer_to_highway,0,115036790
2022,Mass Transit,11/1/2021,November,2021,transfer_to_highway,2110210,115036790
2022,Mass Transit,12/1/2021,December,2021,transfer_to_highway,0,115036790
2022,Mass Transit,1/1/2022,January,2022,transfer_to_highway,5000000,115036790
2022,Mass Transit,2/1/2022,February,2022,transfer_to_highway,1291122,115036790
2022,Mass Transit,3/1/2022,March,2022,transfer_to_highway,2974607,115036790
2022,Mass Transit,4/1/2022,April,2022,transfer_to_highway,251011,115036790
2022,Mass Transit,5/1/2022,May,2022,transfer_to_highway,85161189,115036790
2022,Mass Transit,6/1/2022,June,2022,transfer_to_highway,6766541,115036790
2022,Mass Transit,7/1/2022,July,2022,transfer_to_highway,11482110,115036790
2022,Mass Transit,8/1/2022,August,2022,transfer_to_highway,0,115036790
2022,Mass Transit,9/1/2022,September,2022,transfer_to_highway,0,115036790
2022,Mass Transit,10/1/2021,October,2021,transfer_from_highway,0,1000000000
2022,Mass Transit,11/1/2021,November,2021,transfer_from_highway,300000000,1000000000
2022,Mass Transit,12/1/2021,December,2021,transfer_from_highway,0,1000000000
2022,Mass Transit,1/1/2022,January,2022,transfer_from_highway,300000000,1000000000
2022,Mass Transit,2/1/2022,February,2022,transfer_from_highway,0,1000000000
2022,Mass Transit,3/1/2022,March,2022,transfer_from_highway,0,1000000000
2022,Mass Transit,4/1/2022,April,2022,transfer_from_highway,0,1000000000
2022,Mass Transit,5/1/2022,May,2022,transfer_from_highway,0,1000000000
2022,Mass Transit,6/1/2022,June,2022,transfer_from_highway,0,1000000000
2022,Mass Transit,7/1/2022,July,2022,transfer_from_highway,400000000,1000000000
2022,Mass Transit,8/1/2022,August,2022,transfer_from_highway,0,1000000000
2022,Mass Transit,9/1/2022,September,2022,transfer_from_highway,0,1000000000
2022,Mass Transit,10/1/2021,October,2021,outlay_htf,440803923.2,7206487562
2022,Mass Transit,11/1/2021,November,2021,outlay_htf,434043481.2,7206487562
2022,Mass Transit,12/1/2021,December,2021,outlay_htf,684364396.2,7206487562
2022,Mass Transit,1/1/2022,January,2022,outlay_htf,560836570.4,7206487562
2022,Mass Transit,2/1/2022,February,2022,outlay_htf,507920538.9,7206487562
2022,Mass Transit,3/1/2022,March,2022,outlay_htf,552892127.9,7206487562
2022,Mass Transit,4/1/2022,April,2022,outlay_htf,552094541.9,7206487562
2022,Mass Transit,5/1/2022,May,2022,outlay_htf,631317078.3,7206487562
2022,Mass Transit,6/1/2022,June,2022,outlay_htf,642545992.6,7206487562
2022,Mass Transit,7/1/2022,July,2022,outlay_htf,509588487.4,7206487562
2022,Mass Transit,8/1/2022,August,2022,outlay_htf,821088857.7,7206487562
2022,Mass Transit,9/1/2022,September,2022,outlay_htf,868991566,7206487562
2022,Mass Transit,10/1/2021,October,2021,closing_balance,6541551876,34554885515
2022,Mass Transit,11/1/2021,November,2021,closing_balance,6949865236,34554885515
2022,Mass Transit,12/1/2021,December,2021,closing_balance,34739530667,34554885515
2022,Mass Transit,1/1/2022,January,2022,closing_balance,34921810617,34554885515
2022,Mass Transit,2/1/2022,February,2022,closing_balance,34965419400,34554885515
2022,Mass Transit,3/1/2022,March,2022,closing_balance,34890747257,34554885515
2022,Mass Transit,4/1/2022,April,2022,closing_balance,34919708129,34554885515
2022,Mass Transit,5/1/2022,May,2022,closing_balance,34625268765,34554885515
2022,Mass Transit,6/1/2022,June,2022,closing_balance,34610524543,34554885515
2022,Mass Transit,7/1/2022,July,2022,closing_balance,35122203921,34554885515
2022,Mass Transit,8/1/2022,August,2022,closing_balance,34548902179,34554885515
2022,Mass Transit,9/1/2022,September,2022,closing_balance,34554885515,34554885515
2021,Highway,10/1/2020,October,2020,opening_balance,12621291854,12621291854
2021,Highway,11/1/2020,November,2020,opening_balance,19655343066,12621291854
2021,Highway,12/1/2020,December,2020,opening_balance,19177114754,12621291854
2021,Highway,1/1/2021,January,2021,opening_balance,18278018839,12621291854
2021,Highway,2/1/2021,February,2021,opening_balance,18456429685,12621291854
2021,Highway,3/1/2021,March,2021,opening_balance,18245449700,12621291854
2021,Highway,4/1/2021,April,2021,opening_balance,17667222212,12621291854
2021,Highway,5/1/2021,May,2021,opening_balance,14716076549,12621291854
2021,Highway,6/1/2021,June,2021,opening_balance,14629156883,12621291854
2021,Highway,7/1/2021,July,2021,opening_balance,13472664702,12621291854
2021,Highway,8/1/2021,August,2021,opening_balance,11138614203,12621291854
2021,Highway,9/1/2021,September,2021,opening_balance,10079103010,12621291854
2021,Highway,10/1/2020,October,2020,net_tax_receipts,871386000,37932763186
2021,Highway,11/1/2020,November,2020,net_tax_receipts,3547634000,37932763186
2021,Highway,12/1/2020,December,2020,net_tax_receipts,3040091000,37932763186
2021,Highway,1/1/2021,January,2021,net_tax_receipts,2818492069,37932763186
2021,Highway,2/1/2021,February,2021,net_tax_receipts,2840504000,37932763186
2021,Highway,3/1/2021,March,2021,net_tax_receipts,2445232000,37932763186
2021,Highway,4/1/2021,April,2021,net_tax_receipts,171316319.8,37932763186
2021,Highway,5/1/2021,May,2021,net_tax_receipts,3117031000,37932763186
2021,Highway,6/1/2021,June,2021,net_tax_receipts,3145517000,37932763186
2021,Highway,7/1/2021,July,2021,net_tax_receipts,2218374123,37932763186
2021,Highway,8/1/2021,August,2021,net_tax_receipts,3549711000,37932763186
2021,Highway,9/1/2021,September,2021,net_tax_receipts,10167474675,37932763186
2021,Highway,10/1/2020,October,2020,interest_income,778892.88,7573050.25
2021,Highway,11/1/2020,November,2020,interest_income,1263925.83,7573050.25
2021,Highway,12/1/2020,December,2020,interest_income,1116515.8,7573050.25
2021,Highway,1/1/2021,January,2021,interest_income,1007944.71,7573050.25
2021,Highway,2/1/2021,February,2021,interest_income,483672.96,7573050.25
2021,Highway,3/1/2021,March,2021,interest_income,398856.78,7573050.25
2021,Highway,4/1/2021,April,2021,interest_income,223737.78,7573050.25
2021,Highway,5/1/2021,May,2021,interest_income,76400.02,7573050.25
2021,Highway,6/1/2021,June,2021,interest_income,239605.27,7573050.25
2021,Highway,7/1/2021,July,2021,interest_income,425092.64,7573050.25
2021,Highway,8/1/2021,August,2021,interest_income,345735.63,7573050.25
2021,Highway,9/1/2021,September,2021,interest_income,1212669.95,7573050.25
2021,Highway,10/1/2020,October,2020,other_receipts,10401059649,10504720511
2021,Highway,11/1/2020,November,2020,other_receipts,963057.7,10504720511
2021,Highway,12/1/2020,December,2020,other_receipts,1045809.14,10504720511
2021,Highway,1/1/2021,January,2021,other_receipts,91862895.86,10504720511
2021,Highway,2/1/2021,February,2021,other_receipts,959096.75,10504720511
2021,Highway,3/1/2021,March,2021,other_receipts,1156321.66,10504720511
2021,Highway,4/1/2021,April,2021,other_receipts,1105305.18,10504720511
2021,Highway,5/1/2021,May,2021,other_receipts,1143539.3,10504720511
2021,Highway,6/1/2021,June,2021,other_receipts,986015.26,10504720511
2021,Highway,7/1/2021,July,2021,other_receipts,1710938.48,10504720511
2021,Highway,8/1/2021,August,2021,other_receipts,1096186.16,10504720511
2021,Highway,9/1/2021,September,2021,other_receipts,1631696.41,10504720511
2021,Highway,10/1/2020,October,2020,total_receipts,11273224542,48445056747
2021,Highway,11/1/2020,November,2020,total_receipts,3549860984,48445056747
2021,Highway,12/1/2020,December,2020,total_receipts,3042253325,48445056747
2021,Highway,1/1/2021,January,2021,total_receipts,2911362909,48445056747
2021,Highway,2/1/2021,February,2021,total_receipts,2841946770,48445056747
2021,Highway,3/1/2021,March,2021,total_receipts,2446787178,48445056747
2021,Highway,4/1/2021,April,2021,total_receipts,172645362.7,48445056747
2021,Highway,5/1/2021,May,2021,total_receipts,3118250939,48445056747
2021,Highway,6/1/2021,June,2021,total_receipts,3146742621,48445056747
2021,Highway,7/1/2021,July,2021,total_receipts,2220510154,48445056747
2021,Highway,8/1/2021,August,2021,total_receipts,3551152922,48445056747
2021,Highway,9/1/2021,September,2021,total_receipts,10170319041,48445056747
2021,Highway,10/1/2020,October,2020,transfer_to_mass_transit,300000000,
2021,Highway,11/1/2020,November,2020,transfer_to_mass_transit,300000000,
2021,Highway,12/1/2020,December,2020,transfer_to_mass_transit,300000000,
2021,Highway,1/1/2021,January,2021,transfer_to_mass_transit,300000000,
2021,Highway,2/1/2021,February,2021,transfer_to_mass_transit,1200000000,
2021,Highway,3/1/2021,March,2021,transfer_to_mass_transit,-25.7,
2021,Highway,4/1/2021,April,2021,transfer_to_mass_transit,0,
2021,Highway,5/1/2021,May,2021,transfer_to_mass_transit,0,
2021,Highway,6/1/2021,June,2021,transfer_to_mass_transit,0,
2021,Highway,7/1/2021,July,2021,transfer_to_mass_transit,0,
2021,Highway,8/1/2021,August,2021,transfer_to_mass_transit,0,
2021,Highway,9/1/2021,September,2021,transfer_to_mass_transit,0,
2021,Highway,10/1/2020,October,2020,transfer_from_mass_transit,7956778,
2021,Highway,11/1/2020,November,2020,transfer_from_mass_transit,20133446,
2021,Highway,12/1/2020,December,2020,transfer_from_mass_transit,50630204,
2021,Highway,1/1/2021,January,2021,transfer_from_mass_transit,9113029,
2021,Highway,2/1/2021,February,2021,transfer_from_mass_transit,17580298,
2021,Highway,3/1/2021,March,2021,transfer_from_mass_transit,5575166,
2021,Highway,4/1/2021,April,2021,transfer_from_mass_transit,1271266,
2021,Highway,5/1/2021,May,2021,transfer_from_mass_transit,2430656,
2021,Highway,6/1/2021,June,2021,transfer_from_mass_transit,114690843,
2021,Highway,7/1/2021,July,2021,transfer_from_mass_transit,96.2,
2021,Highway,8/1/2021,August,2021,transfer_from_mass_transit,0,
2021,Highway,9/1/2021,September,2021,transfer_from_mass_transit,0,
2021,Highway,10/1/2020,October,2020,outlay_htf,4239173330,45716936113
2021,Highway,11/1/2020,November,2020,outlay_htf,3736046074,45716936113
2021,Highway,12/1/2020,December,2020,outlay_htf,3941349240,45716936113
2021,Highway,1/1/2021,January,2021,outlay_htf,2432952063,45716936113
2021,Highway,2/1/2021,February,2021,outlay_htf,3073060200,45716936113
2021,Highway,3/1/2021,March,2021,outlay_htf,3075644871,45716936113
2021,Highway,4/1/2021,April,2021,outlay_htf,2832904054,45716936113
2021,Highway,5/1/2021,May,2021,outlay_htf,3222750903,45716936113
2021,Highway,6/1/2021,June,2021,outlay_htf,4308809967,45716936113
2021,Highway,7/1/2021,July,2021,outlay_htf,4255831919,45716936113
2021,Highway,8/1/2021,August,2021,outlay_htf,4613094770,45716936113
2021,Highway,9/1/2021,September,2021,outlay_htf,5985318720,45716936113
2021,Highway,10/1/2020,October,2020,closing_balance,19655343066,14264103331
2021,Highway,11/1/2020,November,2020,closing_balance,19177114754,14264103331
2021,Highway,12/1/2020,December,2020,closing_balance,18278018839,14264103331
2021,Highway,1/1/2021,January,2021,closing_balance,18456429685,14264103331
2021,Highway,2/1/2021,February,2021,closing_balance,18245449700,14264103331
2021,Highway,3/1/2021,March,2021,closing_balance,17667222212,14264103331
2021,Highway,4/1/2021,April,2021,closing_balance,14716076549,14264103331
2021,Highway,5/1/2021,May,2021,closing_balance,14629156883,14264103331
2021,Highway,6/1/2021,June,2021,closing_balance,13472664702,14264103331
2021,Highway,7/1/2021,July,2021,closing_balance,11138614203,14264103331
2021,Highway,8/1/2021,August,2021,closing_balance,10079103010,14264103331
2021,Highway,9/1/2021,September,2021,closing_balance,14264103331,14264103331
2021,Mass Transit,10/1/2020,October,2020,opening_balance,5126028808,5126028808
2021,Mass Transit,11/1/2020,November,2020,opening_balance,7982431618,5126028808
2021,Mass Transit,12/1/2020,December,2020,opening_balance,8226827412,5126028808
2021,Mass Transit,1/1/2021,January,2021,opening_balance,7821417684,5126028808
2021,Mass Transit,2/1/2021,February,2021,opening_balance,8064901850,5126028808
2021,Mass Transit,3/1/2021,March,2021,opening_balance,7789538909,5126028808
2021,Mass Transit,4/1/2021,April,2021,opening_balance,7412309192,5126028808
2021,Mass Transit,5/1/2021,May,2021,opening_balance,7185886650,5126028808
2021,Mass Transit,6/1/2021,June,2021,opening_balance,7045324613,5126028808
2021,Mass Transit,7/1/2021,July,2021,opening_balance,6592310005,5126028808
2021,Mass Transit,8/1/2021,August,2021,opening_balance,6736860343,5126028808
2021,Mass Transit,9/1/2021,September,2021,opening_balance,6548473204,5126028808
2021,Mass Transit,10/1/2020,October,2020,net_tax_receipts,113449000,5425314904
2021,Mass Transit,11/1/2020,November,2020,net_tax_receipts,508146000,5425314904
2021,Mass Transit,12/1/2020,December,2020,net_tax_receipts,435557000,5425314904
2021,Mass Transit,1/1/2021,January,2021,net_tax_receipts,436384458,5425314904
2021,Mass Transit,2/1/2021,February,2021,net_tax_receipts,412461000,5425314904
2021,Mass Transit,3/1/2021,March,2021,net_tax_receipts,355169000,5425314904
2021,Mass Transit,4/1/2021,April,2021,net_tax_receipts,80550238.34,5425314904
2021,Mass Transit,5/1/2021,May,2021,net_tax_receipts,440621000,5425314904
2021,Mass Transit,6/1/2021,June,2021,net_tax_receipts,444645000,5425314904
2021,Mass Transit,7/1/2021,July,2021,net_tax_receipts,303059262.7,5425314904
2021,Mass Transit,8/1/2021,August,2021,net_tax_receipts,461071000,5425314904
2021,Mass Transit,9/1/2021,September,2021,net_tax_receipts,1434201945,5425314904
2021,Mass Transit,10/1/2020,October,2020,interest_income,358020.25,3093076.03
2021,Mass Transit,11/1/2020,November,2020,interest_income,526712.83,3093076.03
2021,Mass Transit,12/1/2020,December,2020,interest_income,464577.41,3093076.03
2021,Mass Transit,1/1/2021,January,2021,interest_income,429288.14,3093076.03
2021,Mass Transit,2/1/2021,February,2021,interest_income,210365.29,3093076.03
2021,Mass Transit,3/1/2021,March,2021,interest_income,170367.31,3093076.03
2021,Mass Transit,4/1/2021,April,2021,interest_income,95180.9,3093076.03
2021,Mass Transit,5/1/2021,May,2021,interest_income,37037.56,3093076.03
2021,Mass Transit,6/1/2021,June,2021,interest_income,118476.08,3093076.03
2021,Mass Transit,7/1/2021,July,2021,interest_income,238393.57,3093076.03
2021,Mass Transit,8/1/2021,August,2021,interest_income,215331.88,3093076.03
2021,Mass Transit,9/1/2021,September,2021,interest_income,229324.81,3093076.03
2021,Mass Transit,10/1/2020,October,2020,other_receipts,3200000000,3200000000
2021,Mass Transit,11/1/2020,November,2020,other_receipts,0,3200000000
2021,Mass Transit,12/1/2020,December,2020,other_receipts,0,3200000000
2021,Mass Transit,1/1/2021,January,2021,other_receipts,0,3200000000
2021,Mass Transit,2/1/2021,February,2021,other_receipts,0,3200000000
2021,Mass Transit,3/1/2021,March,2021,other_receipts,0,3200000000
2021,Mass Transit,4/1/2021,April,2021,other_receipts,0,3200000000
2021,Mass Transit,5/1/2021,May,2021,other_receipts,0,3200000000
2021,Mass Transit,6/1/2021,June,2021,other_receipts,0,3200000000
2021,Mass Transit,7/1/2021,July,2021,other_receipts,0,3200000000
2021,Mass Transit,8/1/2021,August,2021,other_receipts,0,3200000000
2021,Mass Transit,9/1/2021,September,2021,other_receipts,0,3200000000
2021,Mass Transit,10/1/2020,October,2020,total_receipts,3313807020,8628407980
2021,Mass Transit,11/1/2020,November,2020,total_receipts,508672712.8,8628407980
2021,Mass Transit,12/1/2020,December,2020,total_receipts,436021577.4,8628407980
2021,Mass Transit,1/1/2021,January,2021,total_receipts,436813746.1,8628407980
2021,Mass Transit,2/1/2021,February,2021,total_receipts,412671365.3,8628407980
2021,Mass Transit,3/1/2021,March,2021,total_receipts,355339367.3,8628407980
2021,Mass Transit,4/1/2021,April,2021,total_receipts,80645419.24,8628407980
2021,Mass Transit,5/1/2021,May,2021,total_receipts,440658037.6,8628407980
2021,Mass Transit,6/1/2021,June,2021,total_receipts,444763476.1,8628407980
2021,Mass Transit,7/1/2021,July,2021,total_receipts,303297656.3,8628407980
2021,Mass Transit,8/1/2021,August,2021,total_receipts,461286331.9,8628407980
2021,Mass Transit,9/1/2021,September,2021,total_receipts,1434431269,8628407980
2021,Mass Transit,10/1/2020,October,2020,transfer_to_highway,0,114690843
2021,Mass Transit,11/1/2020,November,2020,transfer_to_highway,7956778,114690843
2021,Mass Transit,12/1/2020,December,2020,transfer_to_highway,0,114690843
2021,Mass Transit,1/1/2021,January,2021,transfer_to_highway,0,114690843
2021,Mass Transit,2/1/2021,February,2021,transfer_to_highway,20133446,114690843
2021,Mass Transit,3/1/2021,March,2021,transfer_to_highway,50630204,114690843
2021,Mass Transit,4/1/2021,April,2021,transfer_to_highway,9113029,114690843
2021,Mass Transit,5/1/2021,May,2021,transfer_to_highway,17580298,114690843
2021,Mass Transit,6/1/2021,June,2021,transfer_to_highway,5575166,114690843
2021,Mass Transit,7/1/2021,July,2021,transfer_to_highway,1271266,114690843
2021,Mass Transit,8/1/2021,August,2021,transfer_to_highway,2430656,114690843
2021,Mass Transit,9/1/2021,September,2021,transfer_to_highway,0,114690843
2021,Mass Transit,10/1/2020,October,2020,transfer_from_highway,0,1200000000
2021,Mass Transit,11/1/2020,November,2020,transfer_from_highway,300000000,1200000000
2021,Mass Transit,12/1/2020,December,2020,transfer_from_highway,0,1200000000
2021,Mass Transit,1/1/2021,January,2021,transfer_from_highway,300000000,1200000000
2021,Mass Transit,2/1/2021,February,2021,transfer_from_highway,0,1200000000
2021,Mass Transit,3/1/2021,March,2021,transfer_from_highway,0,1200000000
2021,Mass Transit,4/1/2021,April,2021,transfer_from_highway,300000000,1200000000
2021,Mass Transit,5/1/2021,May,2021,transfer_from_highway,0,1200000000
2021,Mass Transit,6/1/2021,June,2021,transfer_from_highway,0,1200000000
2021,Mass Transit,7/1/2021,July,2021,transfer_from_highway,300000000,1200000000
2021,Mass Transit,8/1/2021,August,2021,transfer_from_highway,0,1200000000
2021,Mass Transit,9/1/2021,September,2021,transfer_from_highway,0,1200000000
2021,Mass Transit,10/1/2020,October,2020,outlay_htf,457404210.5,7961355588
2021,Mass Transit,11/1/2020,November,2020,outlay_htf,556320140.8,7961355588
2021,Mass Transit,12/1/2020,December,2020,outlay_htf,841431305,7961355588
2021,Mass Transit,1/1/2021,January,2021,outlay_htf,493329580.6,7961355588
2021,Mass Transit,2/1/2021,February,2021,outlay_htf,667900860.4,7961355588
2021,Mass Transit,3/1/2021,March,2021,outlay_htf,681938880.4,7961355588
2021,Mass Transit,4/1/2021,April,2021,outlay_htf,597954931.5,7961355588
2021,Mass Transit,5/1/2021,May,2021,outlay_htf,563639776.7,7961355588
2021,Mass Transit,6/1/2021,June,2021,outlay_htf,892202918,7961355588
2021,Mass Transit,7/1/2021,July,2021,outlay_htf,457476053,7961355588
2021,Mass Transit,8/1/2021,August,2021,outlay_htf,647242814.4,7961355588
2021,Mass Transit,9/1/2021,September,2021,outlay_htf,1104514117,7961355588
2021,Mass Transit,10/1/2020,October,2020,closing_balance,7982431618,6878390356
2021,Mass Transit,11/1/2020,November,2020,closing_balance,8226827412,6878390356
2021,Mass Transit,12/1/2020,December,2020,closing_balance,7821417684,6878390356
2021,Mass Transit,1/1/2021,January,2021,closing_balance,8064901850,6878390356
2021,Mass Transit,2/1/2021,February,2021,closing_balance,7789538909,6878390356
2021,Mass Transit,3/1/2021,March,2021,closing_balance,7412309192,6878390356
2021,Mass Transit,4/1/2021,April,2021,closing_balance,7185886650,6878390356
2021,Mass Transit,5/1/2021,May,2021,closing_balance,7045324613,6878390356
2021,Mass Transit,6/1/2021,June,2021,closing_balance,6592310005,6878390356
2021,Mass Transit,7/1/2021,July,2021,closing_balance,6736860343,6878390356
2021,Mass Transit,8/1/2021,August,2021,closing_balance,6548473204,6878390356
2021,Mass Transit,9/1/2021,September,2021,closing_balance,6878390356,6878390356
2020,Highway,10/1/2019,October,2019,opening_balance,24651555437,24651555437
2020,Highway,11/1/2019,November,2019,opening_balance,20227424890,24651555437
2020,Highway,12/1/2019,December,2019,opening_balance,20370277926,24651555437
2020,Highway,1/1/2020,January,2020,opening_balance,20406541154,24651555437
2020,Highway,2/1/2020,February,2020,opening_balance,20773161866,24651555437
2020,Highway,3/1/2020,March,2020,opening_balance,20873202863,24651555437
2020,Highway,4/1/2020,April,2020,opening_balance,20255195828,24651555437
2020,Highway,5/1/2020,May,2020,opening_balance,19472868283,24651555437
2020,Highway,6/1/2020,June,2020,opening_balance,16282783105,24651555437
2020,Highway,7/1/2020,July,2020,opening_balance,14035878676,24651555437
2020,Highway,8/1/2020,August,2020,opening_balance,12455464789,24651555437
2020,Highway,9/1/2020,September,2020,opening_balance,11334461532,24651555437
2020,Highway,10/1/2019,October,2019,net_tax_receipts,773111000,37458457891
2020,Highway,11/1/2019,November,2019,net_tax_receipts,3946552000,37458457891
2020,Highway,12/1/2019,December,2019,net_tax_receipts,3249406000,37458457891
2020,Highway,1/1/2020,January,2020,net_tax_receipts,3378915000,37458457891
2020,Highway,2/1/2020,February,2020,net_tax_receipts,3184579233,37458457891
2020,Highway,3/1/2020,March,2020,net_tax_receipts,2807091330,37458457891
2020,Highway,4/1/2020,April,2020,net_tax_receipts,2633151000,37458457891
2020,Highway,5/1/2020,May,2020,net_tax_receipts,587949177.4,37458457891
2020,Highway,6/1/2020,June,2020,net_tax_receipts,1909195623,37458457891
2020,Highway,7/1/2020,July,2020,net_tax_receipts,3363635000,37458457891
2020,Highway,8/1/2020,August,2020,net_tax_receipts,4157947000,37458457891
2020,Highway,9/1/2020,September,2020,net_tax_receipts,7466925527,37458457891
2020,Highway,10/1/2019,October,2019,interest_income,30568605.07,144624558
2020,Highway,11/1/2019,November,2019,interest_income,23045223.91,144624558
2020,Highway,12/1/2019,December,2019,interest_income,25517625.91,144624558
2020,Highway,1/1/2020,January,2020,interest_income,24441250.52,144624558
2020,Highway,2/1/2020,February,2020,interest_income,22673816.68,144624558
2020,Highway,3/1/2020,March,2020,interest_income,8668265.79,144624558
2020,Highway,4/1/2020,April,2020,interest_income,1656322.41,144624558
2020,Highway,5/1/2020,May,2020,interest_income,1183370.47,144624558
2020,Highway,6/1/2020,June,2020,interest_income,1557509.96,144624558
2020,Highway,7/1/2020,July,2020,interest_income,1067596.9,144624558
2020,Highway,8/1/2020,August,2020,interest_income,696145.05,144624558
2020,Highway,9/1/2020,September,2020,interest_income,3548825.35,144624558
2020,Highway,10/1/2019,October,2019,other_receipts,1393328.17,107464009.9
2020,Highway,11/1/2019,November,2019,other_receipts,1204715.91,107464009.9
2020,Highway,12/1/2019,December,2019,other_receipts,93629659.06,107464009.9
2020,Highway,1/1/2020,January,2020,other_receipts,2025384.78,107464009.9
2020,Highway,2/1/2020,February,2020,other_receipts,1566401.74,107464009.9
2020,Highway,3/1/2020,March,2020,other_receipts,1264052.25,107464009.9
2020,Highway,4/1/2020,April,2020,other_receipts,735371.74,107464009.9
2020,Highway,5/1/2020,May,2020,other_receipts,905424.67,107464009.9
2020,Highway,6/1/2020,June,2020,other_receipts,1179768.08,107464009.9
2020,Highway,7/1/2020,July,2020,other_receipts,1146690.38,107464009.9
2020,Highway,8/1/2020,August,2020,other_receipts,1207185.65,107464009.9
2020,Highway,9/1/2020,September,2020,other_receipts,1206027.44,107464009.9
2020,Highway,10/1/2019,October,2019,total_receipts,805072933.2,37710546459
2020,Highway,11/1/2019,November,2019,total_receipts,3970801940,37710546459
2020,Highway,12/1/2019,December,2019,total_receipts,3368553285,37710546459
2020,Highway,1/1/2020,January,2020,total_receipts,3405381635,37710546459
2020,Highway,2/1/2020,February,2020,total_receipts,3208819452,37710546459
2020,Highway,3/1/2020,March,2020,total_receipts,2817023648,37710546459
2020,Highway,4/1/2020,April,2020,total_receipts,2635542694,37710546459
2020,Highway,5/1/2020,May,2020,total_receipts,590037972.6,37710546459
2020,Highway,6/1/2020,June,2020,total_receipts,1911932901,37710546459
2020,Highway,7/1/2020,July,2020,total_receipts,3365849287,37710546459
2020,Highway,8/1/2020,August,2020,total_receipts,4159850331,37710546459
2020,Highway,9/1/2020,September,2020,total_receipts,7471680380,37710546459
2020,Highway,10/1/2019,October,2019,transfer_to_mass_transit,400000000,1614526769
2020,Highway,11/1/2019,November,2019,transfer_to_mass_transit,14526769,1614526769
2020,Highway,12/1/2019,December,2019,transfer_to_mass_transit,0,1614526769
2020,Highway,1/1/2020,January,2020,transfer_to_mass_transit,400000000,1614526769
2020,Highway,2/1/2020,February,2020,transfer_to_mass_transit,0,1614526769
2020,Highway,3/1/2020,March,2020,transfer_to_mass_transit,0,1614526769
2020,Highway,4/1/2020,April,2020,transfer_to_mass_transit,400000000,1614526769
2020,Highway,5/1/2020,May,2020,transfer_to_mass_transit,0,1614526769
2020,Highway,6/1/2020,June,2020,transfer_to_mass_transit,0,1614526769
2020,Highway,7/1/2020,July,2020,transfer_to_mass_transit,400000000,1614526769
2020,Highway,8/1/2020,August,2020,transfer_to_mass_transit,0,1614526769
2020,Highway,9/1/2020,September,2020,transfer_to_mass_transit,0,1614526769
2020,Highway,10/1/2019,October,2019,transfer_from_mass_transit,0,58443763
2020,Highway,11/1/2019,November,2019,transfer_from_mass_transit,11179660,58443763
2020,Highway,12/1/2019,December,2019,transfer_from_mass_transit,1921311,58443763
2020,Highway,1/1/2020,January,2020,transfer_from_mass_transit,599745,58443763
2020,Highway,2/1/2020,February,2020,transfer_from_mass_transit,0,58443763
2020,Highway,3/1/2020,March,2020,transfer_from_mass_transit,31807286,58443763
2020,Highway,4/1/2020,April,2020,transfer_from_mass_transit,1581877,58443763
2020,Highway,5/1/2020,May,2020,transfer_from_mass_transit,5073380,58443763
2020,Highway,6/1/2020,June,2020,transfer_from_mass_transit,712198,58443763
2020,Highway,7/1/2020,July,2020,transfer_from_mass_transit,512463,58443763
2020,Highway,8/1/2020,August,2020,transfer_from_mass_transit,5055843,58443763
2020,Highway,9/1/2020,September,2020,transfer_from_mass_transit,0,58443763
2020,Highway,10/1/2019,October,2019,outlay_htf,4829203480,48265139877
2020,Highway,11/1/2019,November,2019,outlay_htf,3824601795,48265139877
2020,Highway,12/1/2019,December,2019,outlay_htf,3334211367,48265139877
2020,Highway,1/1/2020,January,2020,outlay_htf,2639360669,48265139877
2020,Highway,2/1/2020,February,2020,outlay_htf,3108778455,48265139877
2020,Highway,3/1/2020,March,2020,outlay_htf,3466837969,48265139877
2020,Highway,4/1/2020,April,2020,outlay_htf,3019452116,48265139877
2020,Highway,5/1/2020,May,2020,outlay_htf,3865609371,48265139877
2020,Highway,6/1/2020,June,2020,outlay_htf,4159549528,48265139877
2020,Highway,7/1/2020,July,2020,outlay_htf,4546775637,48265139877
2020,Highway,8/1/2020,August,2020,outlay_htf,5285909431,48265139877
2020,Highway,9/1/2020,September,2020,outlay_htf,6184850058,48265139877
2020,Highway,10/1/2019,October,2019,closing_balance,20227424890,12621291854
2020,Highway,11/1/2019,November,2019,closing_balance,20370277926,12621291854
2020,Highway,12/1/2019,December,2019,closing_balance,20406541154,12621291854
2020,Highway,1/1/2020,January,2020,closing_balance,20773161866,12621291854
2020,Highway,2/1/2020,February,2020,closing_balance,20873202863,12621291854
2020,Highway,3/1/2020,March,2020,closing_balance,20255195828,12621291854
2020,Highway,4/1/2020,April,2020,closing_balance,19472868283,12621291854
2020,Highway,5/1/2020,May,2020,closing_balance,16282783105,12621291854
2020,Highway,6/1/2020,June,2020,closing_balance,14035878676,12621291854
2020,Highway,7/1/2020,July,2020,closing_balance,12455464789,12621291854
2020,Highway,8/1/2020,August,2020,closing_balance,11334461532,12621291854
2020,Highway,9/1/2020,September,2020,closing_balance,12621291854,12621291854
2020,Mass Transit,10/1/2019,October,2019,opening_balance,8254357776,8254357776
2020,Mass Transit,11/1/2019,November,2019,opening_balance,8078110593,8254357776
2020,Mass Transit,12/1/2019,December,2019,opening_balance,7819968521,8254357776
2020,Mass Transit,1/1/2020,January,2020,opening_balance,7440148247,8254357776
2020,Mass Transit,2/1/2020,February,2020,opening_balance,7487564066,8254357776
2020,Mass Transit,3/1/2020,March,2020,opening_balance,7256839884,8254357776
2020,Mass Transit,4/1/2020,April,2020,opening_balance,6910900682,8254357776
2020,Mass Transit,5/1/2020,May,2020,opening_balance,6819695287,8254357776
2020,Mass Transit,6/1/2020,June,2020,opening_balance,6290798993,8254357776
2020,Mass Transit,7/1/2020,July,2020,opening_balance,5565628457,8254357776
2020,Mass Transit,8/1/2020,August,2020,opening_balance,5474571833,8254357776
2020,Mass Transit,9/1/2020,September,2020,opening_balance,5385592998,8254357776
2020,Mass Transit,10/1/2019,October,2019,net_tax_receipts,101253000,5198053888
2020,Mass Transit,11/1/2019,November,2019,net_tax_receipts,563469000,5198053888
2020,Mass Transit,12/1/2019,December,2019,net_tax_receipts,464060000,5198053888
2020,Mass Transit,1/1/2020,January,2020,net_tax_receipts,482482000,5198053888
2020,Mass Transit,2/1/2020,February,2020,net_tax_receipts,454957522.5,5198053888
2020,Mass Transit,3/1/2020,March,2020,net_tax_receipts,409034000,5198053888
2020,Mass Transit,4/1/2020,April,2020,net_tax_receipts,384100000,5198053888
2020,Mass Transit,5/1/2020,May,2020,net_tax_receipts,85953543.35,5198053888
2020,Mass Transit,6/1/2020,June,2020,net_tax_receipts,270163000,5198053888
2020,Mass Transit,7/1/2020,July,2020,net_tax_receipts,475448000,5198053888
2020,Mass Transit,8/1/2020,August,2020,net_tax_receipts,540252000,5198053888
2020,Mass Transit,9/1/2020,September,2020,net_tax_receipts,966881822.1,5198053888
2020,Mass Transit,10/1/2019,October,2019,interest_income,11374749.35,51367388.22
2020,Mass Transit,11/1/2019,November,2019,interest_income,9005623.47,51367388.22
2020,Mass Transit,12/1/2019,December,2019,interest_income,9390579.56,51367388.22
2020,Mass Transit,1/1/2020,January,2020,interest_income,8499599.65,51367388.22
2020,Mass Transit,2/1/2020,February,2020,interest_income,7680214.73,51367388.22
2020,Mass Transit,3/1/2020,March,2020,interest_income,2911404.5,51367388.22
2020,Mass Transit,4/1/2020,April,2020,interest_income,535189.39,51367388.22
2020,Mass Transit,5/1/2020,May,2020,interest_income,395883.94,51367388.22
2020,Mass Transit,6/1/2020,June,2020,interest_income,561759.08,51367388.22
2020,Mass Transit,7/1/2020,July,2020,interest_income,411581.88,51367388.22
2020,Mass Transit,8/1/2020,August,2020,interest_income,308039.5,51367388.22
2020,Mass Transit,9/1/2020,September,2020,interest_income,292763.17,51367388.22
2020,Mass Transit,10/1/2019,October,2019,other_receipts,0,0
2020,Mass Transit,11/1/2019,November,2019,other_receipts,0,0
2020,Mass Transit,12/1/2019,December,2019,other_receipts,0,0
2020,Mass Transit,1/1/2020,January,2020,other_receipts,0,0
2020,Mass Transit,2/1/2020,February,2020,other_receipts,0,0
2020,Mass Transit,3/1/2020,March,2020,other_receipts,0,0
2020,Mass Transit,4/1/2020,April,2020,other_receipts,0,0
2020,Mass Transit,5/1/2020,May,2020,other_receipts,0,0
2020,Mass Transit,6/1/2020,June,2020,other_receipts,0,0
2020,Mass Transit,7/1/2020,July,2020,other_receipts,0,0
2020,Mass Transit,8/1/2020,August,2020,other_receipts,0,0
2020,Mass Transit,9/1/2020,September,2020,other_receipts,0,0
2020,Mass Transit,10/1/2019,October,2019,total_receipts,112627749.4,5249421276
2020,Mass Transit,11/1/2019,November,2019,total_receipts,572474623.5,5249421276
2020,Mass Transit,12/1/2019,December,2019,total_receipts,473450579.6,5249421276
2020,Mass Transit,1/1/2020,January,2020,total_receipts,490981599.7,5249421276
2020,Mass Transit,2/1/2020,February,2020,total_receipts,462637737.3,5249421276
2020,Mass Transit,3/1/2020,March,2020,total_receipts,411945404.5,5249421276
2020,Mass Transit,4/1/2020,April,2020,total_receipts,384635189.4,5249421276
2020,Mass Transit,5/1/2020,May,2020,total_receipts,86349427.29,5249421276
2020,Mass Transit,6/1/2020,June,2020,total_receipts,270724759.1,5249421276
2020,Mass Transit,7/1/2020,July,2020,total_receipts,475859581.9,5249421276
2020,Mass Transit,8/1/2020,August,2020,total_receipts,540560039.5,5249421276
2020,Mass Transit,9/1/2020,September,2020,total_receipts,967174585.3,5249421276
2020,Mass Transit,10/1/2019,October,2019,transfer_to_highway,0,58443763
2020,Mass Transit,11/1/2019,November,2019,transfer_to_highway,11179660,58443763
2020,Mass Transit,12/1/2019,December,2019,transfer_to_highway,1921311,58443763
2020,Mass Transit,1/1/2020,January,2020,transfer_to_highway,599745,58443763
2020,Mass Transit,2/1/2020,February,2020,transfer_to_highway,0,58443763
2020,Mass Transit,3/1/2020,March,2020,transfer_to_highway,31807286,58443763
2020,Mass Transit,4/1/2020,April,2020,transfer_to_highway,1581877,58443763
2020,Mass Transit,5/1/2020,May,2020,transfer_to_highway,5073380,58443763
2020,Mass Transit,6/1/2020,June,2020,transfer_to_highway,712198,58443763
2020,Mass Transit,7/1/2020,July,2020,transfer_to_highway,512463,58443763
2020,Mass Transit,8/1/2020,August,2020,transfer_to_highway,5055843,58443763
2020,Mass Transit,9/1/2020,September,2020,transfer_to_highway,0,58443763
2020,Mass Transit,10/1/2019,October,2019,transfer_from_highway,400000000,1614526769
2020,Mass Transit,11/1/2019,November,2019,transfer_from_highway,14526769,1614526769
2020,Mass Transit,12/1/2019,December,2019,transfer_from_highway,0,1614526769
2020,Mass Transit,1/1/2020,January,2020,transfer_from_highway,400000000,1614526769
2020,Mass Transit,2/1/2020,February,2020,transfer_from_highway,0,1614526769
2020,Mass Transit,3/1/2020,March,2020,transfer_from_highway,0,1614526769
2020,Mass Transit,4/1/2020,April,2020,transfer_from_highway,400000000,1614526769
2020,Mass Transit,5/1/2020,May,2020,transfer_from_highway,0,1614526769
2020,Mass Transit,6/1/2020,June,2020,transfer_from_highway,0,1614526769
2020,Mass Transit,7/1/2020,July,2020,transfer_from_highway,400000000,1614526769
2020,Mass Transit,8/1/2020,August,2020,transfer_from_highway,0,1614526769
2020,Mass Transit,9/1/2020,September,2020,transfer_from_highway,0,1614526769
2020,Mass Transit,10/1/2019,October,2019,outlay_htf,688874932.3,9933833250
2020,Mass Transit,11/1/2019,November,2019,outlay_htf,833963804.3,9933833250
2020,Mass Transit,12/1/2019,December,2019,outlay_htf,851349542.2,9933833250
2020,Mass Transit,1/1/2020,January,2020,outlay_htf,842966036.4,9933833250
2020,Mass Transit,2/1/2020,February,2020,outlay_htf,693361918.7,9933833250
2020,Mass Transit,3/1/2020,March,2020,outlay_htf,726077320.2,9933833250
2020,Mass Transit,4/1/2020,April,2020,outlay_htf,874258707.6,9933833250
2020,Mass Transit,5/1/2020,May,2020,outlay_htf,610172341.3,9933833250
2020,Mass Transit,6/1/2020,June,2020,outlay_htf,995183096.9,9933833250
2020,Mass Transit,7/1/2020,July,2020,outlay_htf,966403743.4,9933833250
2020,Mass Transit,8/1/2020,August,2020,outlay_htf,624483031.8,9933833250
2020,Mass Transit,9/1/2020,September,2020,outlay_htf,1226738775,9933833250
2020,Mass Transit,10/1/2019,October,2019,closing_balance,8078110593,5126028808
2020,Mass Transit,11/1/2019,November,2019,closing_balance,7819968521,5126028808
2020,Mass Transit,12/1/2019,December,2019,closing_balance,7440148247,5126028808
2020,Mass Transit,1/1/2020,January,2020,closing_balance,7487564066,5126028808
2020,Mass Transit,2/1/2020,February,2020,closing_balance,7256839884,5126028808
2020,Mass Transit,3/1/2020,March,2020,closing_balance,6910900682,5126028808
2020,Mass Transit,4/1/2020,April,2020,closing_balance,6819695287,5126028808
2020,Mass Transit,5/1/2020,May,2020,closing_balance,6290798993,5126028808
2020,Mass Transit,6/1/2020,June,2020,closing_balance,5565628457,5126028808
2020,Mass Transit,7/1/2020,July,2020,closing_balance,5474571833,5126028808
2020,Mass Transit,8/1/2020,August,2020,closing_balance,5385592998,5126028808
2020,Mass Transit,9/1/2020,September,2020,closing_balance,5126028808,5126028808
2019,Highway,10/1/2018,October,2018,opening_balance,32605372070,32605372070
2019,Highway,11/1/2018,November,2018,opening_balance,28988031190,32605372070
2019,Highway,12/1/2018,December,2018,opening_balance,28799197977,32605372070
2019,Highway,1/1/2019,January,2019,opening_balance,28914137536,32605372070
2019,Highway,2/1/2019,February,2019,opening_balance,28726184162,32605372070
2019,Highway,3/1/2019,March,2019,opening_balance,29153105231,32605372070
2019,Highway,4/1/2019,April,2019,opening_balance,30023501637,32605372070
2019,Highway,5/1/2019,May,2019,opening_balance,30136463464,32605372070
2019,Highway,6/1/2019,June,2019,opening_balance,29158828354,32605372070
2019,Highway,7/1/2019,July,2019,opening_balance,28306521625,32605372070
2019,Highway,8/1/2019,August,2019,opening_balance,26258116216,32605372070
2019,Highway,9/1/2019,September,2019,opening_balance,23831994153,32605372070
2019,Highway,10/1/2018,October,2018,net_tax_receipts,690674000,38266722169
2019,Highway,11/1/2018,November,2018,net_tax_receipts,3715308000,38266722169
2019,Highway,12/1/2018,December,2018,net_tax_receipts,3207236000,38266722169
2019,Highway,1/1/2019,January,2019,net_tax_receipts,2895457000,38266722169
2019,Highway,2/1/2019,February,2019,net_tax_receipts,3117555000,38266722169
2019,Highway,3/1/2019,March,2019,net_tax_receipts,3429814926,38266722169
2019,Highway,4/1/2019,April,2019,net_tax_receipts,3048278000,38266722169
2019,Highway,5/1/2019,May,2019,net_tax_receipts,2851093805,38266722169
2019,Highway,6/1/2019,June,2019,net_tax_receipts,3211527000,38266722169
2019,Highway,7/1/2019,July,2019,net_tax_receipts,3175846000,38266722169
2019,Highway,8/1/2019,August,2019,net_tax_receipts,2872162362,38266722169
2019,Highway,9/1/2019,September,2019,net_tax_receipts,6051770075,38266722169
2019,Highway,10/1/2018,October,2018,interest_income,58046699.3,620719471.3
2019,Highway,11/1/2018,November,2018,interest_income,49878917.53,620719471.3
2019,Highway,12/1/2018,December,2018,interest_income,53987910.24,620719471.3
2019,Highway,1/1/2019,January,2019,interest_income,56122400.48,620719471.3
2019,Highway,2/1/2019,February,2019,interest_income,50658143.39,620719471.3
2019,Highway,3/1/2019,March,2019,interest_income,54143184.19,620719471.3
2019,Highway,4/1/2019,April,2019,interest_income,61090707.14,620719471.3
2019,Highway,5/1/2019,May,2019,interest_income,58110575.17,620719471.3
2019,Highway,6/1/2019,June,2019,interest_income,47360079.28,620719471.3
2019,Highway,7/1/2019,July,2019,interest_income,51538866.52,620719471.3
2019,Highway,8/1/2019,August,2019,interest_income,41266755.8,620719471.3
2019,Highway,9/1/2019,September,2019,interest_income,38515232.27,620719471.3
2019,Highway,10/1/2018,October,2018,other_receipts,1821340.02,97614321.4
2019,Highway,11/1/2018,November,2018,other_receipts,2052865.51,97614321.4
2019,Highway,12/1/2018,December,2018,other_receipts,78867024.04,97614321.4
2019,Highway,1/1/2019,January,2019,other_receipts,1586421.42,97614321.4
2019,Highway,2/1/2019,February,2019,other_receipts,1547756.32,97614321.4
2019,Highway,3/1/2019,March,2019,other_receipts,1865498.23,97614321.4
2019,Highway,4/1/2019,April,2019,other_receipts,1380234.99,97614321.4
2019,Highway,5/1/2019,May,2019,other_receipts,2303151.84,97614321.4
2019,Highway,6/1/2019,June,2019,other_receipts,1321853.04,97614321.4
2019,Highway,7/1/2019,July,2019,other_receipts,1431201.31,97614321.4
2019,Highway,8/1/2019,August,2019,other_receipts,1662007.99,97614321.4
2019,Highway,9/1/2019,September,2019,other_receipts,1774966.69,97614321.4
2019,Highway,10/1/2018,October,2018,total_receipts,750542039.3,38985055962
2019,Highway,11/1/2018,November,2018,total_receipts,3767239783,38985055962
2019,Highway,12/1/2018,December,2018,total_receipts,3340090934,38985055962
2019,Highway,1/1/2019,January,2019,total_receipts,2953165822,38985055962
2019,Highway,2/1/2019,February,2019,total_receipts,3169760900,38985055962
2019,Highway,3/1/2019,March,2019,total_receipts,3485823608,38985055962
2019,Highway,4/1/2019,April,2019,total_receipts,3110748942,38985055962
2019,Highway,5/1/2019,May,2019,total_receipts,2911507532,38985055962
2019,Highway,6/1/2019,June,2019,total_receipts,3260208932,38985055962
2019,Highway,7/1/2019,July,2019,total_receipts,3228816068,38985055962
2019,Highway,8/1/2019,August,2019,total_receipts,2915091126,38985055962
2019,Highway,9/1/2019,September,2019,total_receipts,6092060274,38985055962
2019,Highway,10/1/2018,October,2018,transfer_to_mass_transit,300000000,1400741455
2019,Highway,11/1/2018,November,2018,transfer_to_mass_transit,0,1400741455
2019,Highway,12/1/2018,December,2018,transfer_to_mass_transit,0,1400741455
2019,Highway,1/1/2019,January,2019,transfer_to_mass_transit,400000000,1400741455
2019,Highway,2/1/2019,February,2019,transfer_to_mass_transit,0,1400741455
2019,Highway,3/1/2019,March,2019,transfer_to_mass_transit,0,1400741455
2019,Highway,4/1/2019,April,2019,transfer_to_mass_transit,300000000,1400741455
2019,Highway,5/1/2019,May,2019,transfer_to_mass_transit,0,1400741455
2019,Highway,6/1/2019,June,2019,transfer_to_mass_transit,0,1400741455
2019,Highway,7/1/2019,July,2019,transfer_to_mass_transit,400000000,1400741455
2019,Highway,8/1/2019,August,2019,transfer_to_mass_transit,0,1400741455
2019,Highway,9/1/2019,September,2019,transfer_to_mass_transit,741455,1400741455
2019,Highway,10/1/2018,October,2018,transfer_from_mass_transit,0,69310433
2019,Highway,11/1/2018,November,2018,transfer_from_mass_transit,9659052,69310433
2019,Highway,12/1/2018,December,2018,transfer_from_mass_transit,0,69310433
2019,Highway,1/1/2019,January,2019,transfer_from_mass_transit,49169,69310433
2019,Highway,2/1/2019,February,2019,transfer_from_mass_transit,1543958,69310433
2019,Highway,3/1/2019,March,2019,transfer_from_mass_transit,2564883,69310433
2019,Highway,4/1/2019,April,2019,transfer_from_mass_transit,24819694,69310433
2019,Highway,5/1/2019,May,2019,transfer_from_mass_transit,0,69310433
2019,Highway,6/1/2019,June,2019,transfer_from_mass_transit,15934376,69310433
2019,Highway,7/1/2019,July,2019,transfer_from_mass_transit,3472752,69310433
2019,Highway,8/1/2019,August,2019,transfer_from_mass_transit,10808637,69310433
2019,Highway,9/1/2019,September,2019,transfer_from_mass_transit,457912,69310433
2019,Highway,10/1/2018,October,2018,outlay_htf,4067882920,45607441573
2019,Highway,11/1/2018,November,2018,outlay_htf,3965732049,45607441573
2019,Highway,12/1/2018,December,2018,outlay_htf,3225151375,45607441573
2019,Highway,1/1/2019,January,2019,outlay_htf,2741168365,45607441573
2019,Highway,2/1/2019,February,2019,outlay_htf,2744383789,45607441573
2019,Highway,3/1/2019,March,2019,outlay_htf,2617992086,45607441573
2019,Highway,4/1/2019,April,2019,outlay_htf,2722606809,45607441573
2019,Highway,5/1/2019,May,2019,outlay_htf,3889142642,45607441573
2019,Highway,6/1/2019,June,2019,outlay_htf,4128450037,45607441573
2019,Highway,7/1/2019,July,2019,outlay_htf,4880694229,45607441573
2019,Highway,8/1/2019,August,2019,outlay_htf,5352021826,45607441573
2019,Highway,9/1/2019,September,2019,outlay_htf,5272215447,45607441573
2019,Highway,10/1/2018,October,2018,closing_balance,28988031190,24651555437
2019,Highway,11/1/2018,November,2018,closing_balance,28799197977,24651555437
2019,Highway,12/1/2018,December,2018,closing_balance,28914137536,24651555437
2019,Highway,1/1/2019,January,2019,closing_balance,28726184162,24651555437
2019,Highway,2/1/2019,February,2019,closing_balance,29153105231,24651555437
2019,Highway,3/1/2019,March,2019,closing_balance,30023501637,24651555437
2019,Highway,4/1/2019,April,2019,closing_balance,30136463464,24651555437
2019,Highway,5/1/2019,May,2019,closing_balance,29158828354,24651555437
2019,Highway,6/1/2019,June,2019,closing_balance,28306521625,24651555437
2019,Highway,7/1/2019,July,2019,closing_balance,26258116216,24651555437
2019,Highway,8/1/2019,August,2019,closing_balance,23831994153,24651555437
2019,Highway,9/1/2019,September,2019,closing_balance,24651555437,24651555437
2019,Mass Transit,10/1/2018,October,2018,opening_balance,11902062262,11902062262
2019,Mass Transit,11/1/2018,November,2018,opening_balance,11644051059,11902062262
2019,Mass Transit,12/1/2018,December,2018,opening_balance,11448065377,11902062262
2019,Mass Transit,1/1/2019,January,2019,opening_balance,11299748223,11902062262
2019,Mass Transit,2/1/2019,February,2019,opening_balance,11430040542,11902062262
2019,Mass Transit,3/1/2019,March,2019,opening_balance,10966114118,11902062262
2019,Mass Transit,4/1/2019,April,2019,opening_balance,10811627425,11902062262
2019,Mass Transit,5/1/2019,May,2019,opening_balance,10940312724,11902062262
2019,Mass Transit,6/1/2019,June,2019,opening_balance,10598015791,11902062262
2019,Mass Transit,7/1/2019,July,2019,opening_balance,9821142761,11902062262
2019,Mass Transit,8/1/2019,August,2019,opening_balance,9812548340,11902062262
2019,Mass Transit,9/1/2019,September,2019,opening_balance,9159556259,11902062262
2019,Mass Transit,10/1/2018,October,2018,net_tax_receipts,93447000,5307422269
2019,Mass Transit,11/1/2018,November,2018,net_tax_receipts,543697000,5307422269
2019,Mass Transit,12/1/2018,December,2018,net_tax_receipts,469456000,5307422269
2019,Mass Transit,1/1/2019,January,2019,net_tax_receipts,423853000,5307422269
2019,Mass Transit,2/1/2019,February,2019,net_tax_receipts,459841000,5307422269
2019,Mass Transit,3/1/2019,March,2019,net_tax_receipts,456986871.9,5307422269
2019,Mass Transit,4/1/2019,April,2019,net_tax_receipts,449816000,5307422269
2019,Mass Transit,5/1/2019,May,2019,net_tax_receipts,381724639.7,5307422269
2019,Mass Transit,6/1/2019,June,2019,net_tax_receipts,467661000.1,5307422269
2019,Mass Transit,7/1/2019,July,2019,net_tax_receipts,462424000,5307422269
2019,Mass Transit,8/1/2019,August,2019,net_tax_receipts,349698101.2,5307422269
2019,Mass Transit,9/1/2019,September,2019,net_tax_receipts,748817655.8,5307422269
2019,Mass Transit,10/1/2018,October,2018,interest_income,21938702.03,228706718
2019,Mass Transit,11/1/2018,November,2018,interest_income,20097239.35,228706718
2019,Mass Transit,12/1/2018,December,2018,interest_income,21451512.58,228706718
2019,Mass Transit,1/1/2019,January,2019,interest_income,22184791.15,228706718
2019,Mass Transit,2/1/2019,February,2019,interest_income,18897424.97,228706718
2019,Mass Transit,3/1/2019,March,2019,interest_income,19835524.54,228706718
2019,Mass Transit,4/1/2019,April,2019,interest_income,21259740.07,228706718
2019,Mass Transit,5/1/2019,May,2019,interest_income,20324437.28,228706718
2019,Mass Transit,6/1/2019,June,2019,interest_income,16490516.63,228706718
2019,Mass Transit,7/1/2019,July,2019,interest_income,17913771.63,228706718
2019,Mass Transit,8/1/2019,August,2019,interest_income,14799937.82,228706718
2019,Mass Transit,9/1/2019,September,2019,interest_income,13513119.92,228706718
2019,Mass Transit,10/1/2018,October,2018,other_receipts,0,0
2019,Mass Transit,11/1/2018,November,2018,other_receipts,0,0
2019,Mass Transit,12/1/2018,December,2018,other_receipts,0,0
2019,Mass Transit,1/1/2019,January,2019,other_receipts,0,0
2019,Mass Transit,2/1/2019,February,2019,other_receipts,0,0
2019,Mass Transit,3/1/2019,March,2019,other_receipts,0,0
2019,Mass Transit,4/1/2019,April,2019,other_receipts,0,0
2019,Mass Transit,5/1/2019,May,2019,other_receipts,0,0
2019,Mass Transit,6/1/2019,June,2019,other_receipts,0,0
2019,Mass Transit,7/1/2019,July,2019,other_receipts,0,0
2019,Mass Transit,8/1/2019,August,2019,other_receipts,0,0
2019,Mass Transit,9/1/2019,September,2019,other_receipts,0,0
2019,Mass Transit,10/1/2018,October,2018,total_receipts,115385702,5536128987
2019,Mass Transit,11/1/2018,November,2018,total_receipts,563794239.4,5536128987
2019,Mass Transit,12/1/2018,December,2018,total_receipts,490907512.6,5536128987
2019,Mass Transit,1/1/2019,January,2019,total_receipts,446037791.2,5536128987
2019,Mass Transit,2/1/2019,February,2019,total_receipts,478738425,5536128987
2019,Mass Transit,3/1/2019,March,2019,total_receipts,476822396.4,5536128987
2019,Mass Transit,4/1/2019,April,2019,total_receipts,471075740.1,5536128987
2019,Mass Transit,5/1/2019,May,2019,total_receipts,402049077,5536128987
2019,Mass Transit,6/1/2019,June,2019,total_receipts,484151516.7,5536128987
2019,Mass Transit,7/1/2019,July,2019,total_receipts,480337771.6,5536128987
2019,Mass Transit,8/1/2019,August,2019,total_receipts,364498039,5536128987
2019,Mass Transit,9/1/2019,September,2019,total_receipts,762330775.7,5536128987
2019,Mass Transit,10/1/2018,October,2018,transfer_to_highway,0,69310433
2019,Mass Transit,11/1/2018,November,2018,transfer_to_highway,9659052,69310433
2019,Mass Transit,12/1/2018,December,2018,transfer_to_highway,0,69310433
2019,Mass Transit,1/1/2019,January,2019,transfer_to_highway,49169,69310433
2019,Mass Transit,2/1/2019,February,2019,transfer_to_highway,1543958,69310433
2019,Mass Transit,3/1/2019,March,2019,transfer_to_highway,2564883,69310433
2019,Mass Transit,4/1/2019,April,2019,transfer_to_highway,24819694,69310433
2019,Mass Transit,5/1/2019,May,2019,transfer_to_highway,0,69310433
2019,Mass Transit,6/1/2019,June,2019,transfer_to_highway,15934376,69310433
2019,Mass Transit,7/1/2019,July,2019,transfer_to_highway,3472752,69310433
2019,Mass Transit,8/1/2019,August,2019,transfer_to_highway,10808637,69310433
2019,Mass Transit,9/1/2019,September,2019,transfer_to_highway,457912,69310433
2019,Mass Transit,10/1/2018,October,2018,transfer_from_highway,300000000,1400741455
2019,Mass Transit,11/1/2018,November,2018,transfer_from_highway,0,1400741455
2019,Mass Transit,12/1/2018,December,2018,transfer_from_highway,0,1400741455
2019,Mass Transit,1/1/2019,January,2019,transfer_from_highway,400000000,1400741455
2019,Mass Transit,2/1/2019,February,2019,transfer_from_highway,0,1400741455
2019,Mass Transit,3/1/2019,March,2019,transfer_from_highway,0,1400741455
2019,Mass Transit,4/1/2019,April,2019,transfer_from_highway,300000000,1400741455
2019,Mass Transit,5/1/2019,May,2019,transfer_from_highway,0,1400741455
2019,Mass Transit,6/1/2019,June,2019,transfer_from_highway,0,1400741455
2019,Mass Transit,7/1/2019,July,2019,transfer_from_highway,400000000,1400741455
2019,Mass Transit,8/1/2019,August,2019,transfer_from_highway,0,1400741455
2019,Mass Transit,9/1/2019,September,2019,transfer_from_highway,741455,1400741455
2019,Mass Transit,10/1/2018,October,2018,outlay_htf,673396905.5,10515264495
2019,Mass Transit,11/1/2018,November,2018,outlay_htf,750120869.2,10515264495
2019,Mass Transit,12/1/2018,December,2018,outlay_htf,639224666.5,10515264495
2019,Mass Transit,1/1/2019,January,2019,outlay_htf,715696302.7,10515264495
2019,Mass Transit,2/1/2019,February,2019,outlay_htf,941120891.8,10515264495
2019,Mass Transit,3/1/2019,March,2019,outlay_htf,628744206.1,10515264495
2019,Mass Transit,4/1/2019,April,2019,outlay_htf,617570747,10515264495
2019,Mass Transit,5/1/2019,May,2019,outlay_htf,744346010.3,10515264495
2019,Mass Transit,6/1/2019,June,2019,outlay_htf,1245090171,10515264495
2019,Mass Transit,7/1/2019,July,2019,outlay_htf,885459440.2,10515264495
2019,Mass Transit,8/1/2019,August,2019,outlay_htf,1006681483,10515264495
2019,Mass Transit,9/1/2019,September,2019,outlay_htf,1667812801,10515264495
2019,Mass Transit,10/1/2018,October,2018,closing_balance,11644051059,8254357776
2019,Mass Transit,11/1/2018,November,2018,closing_balance,11448065377,8254357776
2019,Mass Transit,12/1/2018,December,2018,closing_balance,11299748223,8254357776
2019,Mass Transit,1/1/2019,January,2019,closing_balance,11430040542,8254357776
2019,Mass Transit,2/1/2019,February,2019,closing_balance,10966114118,8254357776
2019,Mass Transit,3/1/2019,March,2019,closing_balance,10811627425,8254357776
2019,Mass Transit,4/1/2019,April,2019,closing_balance,10940312724,8254357776
2019,Mass Transit,5/1/2019,May,2019,closing_balance,10598015791,8254357776
2019,Mass Transit,6/1/2019,June,2019,closing_balance,9821142761,8254357776
2019,Mass Transit,7/1/2019,July,2019,closing_balance,9812548340,8254357776
2019,Mass Transit,8/1/2019,August,2019,closing_balance,9159556259,8254357776
2019,Mass Transit,9/1/2019,September,2019,closing_balance,8254357776,8254357776
2018,Highway,10/1/2017,October,2017,opening_balance,41443048874,41443048874
2018,Highway,11/1/2017,November,2017,opening_balance,37860628725,41443048874
2018,Highway,12/1/2017,December,2017,opening_balance,37624265284,41443048874
2018,Highway,1/1/2018,January,2018,opening_balance,37398378132,41443048874
2018,Highway,2/1/2018,February,2018,opening_balance,36330339516,41443048874
2018,Highway,3/1/2018,March,2018,opening_balance,37929467306,41443048874
2018,Highway,4/1/2018,April,2018,opening_balance,38011534859,41443048874
2018,Highway,5/1/2018,May,2018,opening_balance,38221266262,41443048874
2018,Highway,6/1/2018,June,2018,opening_balance,37627725044,41443048874
2018,Highway,7/1/2018,July,2018,opening_balance,37063044142,41443048874
2018,Highway,8/1/2018,August,2018,opening_balance,35163449674,41443048874
2018,Highway,9/1/2018,September,2018,opening_balance,31842487041,41443048874
2018,Highway,10/1/2017,October,2017,net_tax_receipts,722682000,37265113252
2018,Highway,11/1/2017,November,2017,net_tax_receipts,3429110000,37265113252
2018,Highway,12/1/2017,December,2017,net_tax_receipts,3060613000,37265113252
2018,Highway,1/1/2018,January,2018,net_tax_receipts,1938610000,37265113252
2018,Highway,2/1/2018,February,2018,net_tax_receipts,4231337750,37265113252
2018,Highway,3/1/2018,March,2018,net_tax_receipts,2894914000,37265113252
2018,Highway,4/1/2018,April,2018,net_tax_receipts,2973367000,37265113252
2018,Highway,5/1/2018,May,2018,net_tax_receipts,3036211000,37265113252
2018,Highway,6/1/2018,June,2018,net_tax_receipts,3731521367,37265113252
2018,Highway,7/1/2018,July,2018,net_tax_receipts,3044296000,37265113252
2018,Highway,8/1/2018,August,2018,net_tax_receipts,2231668756,37265113252
2018,Highway,9/1/2018,September,2018,net_tax_receipts,5970782379,37265113252
2018,Highway,10/1/2017,October,2017,interest_income,33357956.93,542810134.1
2018,Highway,11/1/2017,November,2017,interest_income,32275418.55,542810134.1
2018,Highway,12/1/2017,December,2017,interest_income,34184390.17,542810134.1
2018,Highway,1/1/2018,January,2018,interest_income,41168609.85,542810134.1
2018,Highway,2/1/2018,February,2018,interest_income,36876034.27,542810134.1
2018,Highway,3/1/2018,March,2018,interest_income,48679797.99,542810134.1
2018,Highway,4/1/2018,April,2018,interest_income,51725689.33,542810134.1
2018,Highway,5/1/2018,May,2018,interest_income,52828100.95,542810134.1
2018,Highway,6/1/2018,June,2018,interest_income,52530145.08,542810134.1
2018,Highway,7/1/2018,July,2018,interest_income,58055225.52,542810134.1
2018,Highway,8/1/2018,August,2018,interest_income,54265817.64,542810134.1
2018,Highway,9/1/2018,September,2018,interest_income,46862947.78,542810134.1
2018,Highway,10/1/2017,October,2017,other_receipts,1,1765422.9
2018,Highway,11/1/2017,November,2017,other_receipts,95566325.3,1765422.9
2018,Highway,12/1/2017,December,2017,other_receipts,1951546.57,1765422.9
2018,Highway,1/1/2018,January,2018,other_receipts,2082104.4,1765422.9
2018,Highway,2/1/2018,February,2018,other_receipts,2174949.04,1765422.9
2018,Highway,3/1/2018,March,2018,other_receipts,2128677.61,1765422.9
2018,Highway,4/1/2018,April,2018,other_receipts,2031824.79,1765422.9
2018,Highway,5/1/2018,May,2018,other_receipts,1972496.26,1765422.9
2018,Highway,6/1/2018,June,2018,other_receipts,2195875.52,1765422.9
2018,Highway,7/1/2018,July,2018,other_receipts,2014196.7,1765422.9
2018,Highway,8/1/2018,August,2018,other_receipts,4409195.72,1765422.9
2018,Highway,9/1/2018,September,2018,other_receipts,2143792.34,1765422.9
2018,Highway,10/1/2017,October,2017,total_receipts,851606282.2,37928359793
2018,Highway,11/1/2017,November,2017,total_receipts,3463336965,37928359793
2018,Highway,12/1/2017,December,2017,total_receipts,3096879495,37928359793
2018,Highway,1/1/2018,January,2018,total_receipts,1981953559,37928359793
2018,Highway,2/1/2018,February,2018,total_receipts,4270342462,37928359793
2018,Highway,3/1/2018,March,2018,total_receipts,2945625623,37928359793
2018,Highway,4/1/2018,April,2018,total_receipts,3027065186,37928359793
2018,Highway,5/1/2018,May,2018,total_receipts,3091234976,37928359793
2018,Highway,6/1/2018,June,2018,total_receipts,3786065709,37928359793
2018,Highway,7/1/2018,July,2018,total_receipts,3106760421,37928359793
2018,Highway,8/1/2018,August,2018,total_receipts,2288078366,37928359793
2018,Highway,9/1/2018,September,2018,total_receipts,6019410750,37928359793
2018,Highway,10/1/2017,October,2017,transfer_to_mass_transit,400000000,1700000000
2018,Highway,11/1/2017,November,2017,transfer_to_mass_transit,0,1700000000
2018,Highway,12/1/2017,December,2017,transfer_to_mass_transit,100000000,1700000000
2018,Highway,1/1/2018,January,2018,transfer_to_mass_transit,400000000,1700000000
2018,Highway,2/1/2018,February,2018,transfer_to_mass_transit,0,1700000000
2018,Highway,3/1/2018,March,2018,transfer_to_mass_transit,0,1700000000
2018,Highway,4/1/2018,April,2018,transfer_to_mass_transit,300000000,1700000000
2018,Highway,5/1/2018,May,2018,transfer_to_mass_transit,0,1700000000
2018,Highway,6/1/2018,June,2018,transfer_to_mass_transit,100000000,1700000000
2018,Highway,7/1/2018,July,2018,transfer_to_mass_transit,400000000,1700000000
2018,Highway,8/1/2018,August,2018,transfer_to_mass_transit,0,1700000000
2018,Highway,9/1/2018,September,2018,transfer_to_mass_transit,0,1700000000
2018,Highway,10/1/2017,October,2017,transfer_from_mass_transit,0,66302121
2018,Highway,11/1/2017,November,2017,transfer_from_mass_transit,0,66302121
2018,Highway,12/1/2017,December,2017,transfer_from_mass_transit,9825717,66302121
2018,Highway,1/1/2018,January,2018,transfer_from_mass_transit,2322039,66302121
2018,Highway,2/1/2018,February,2018,transfer_from_mass_transit,0,66302121
2018,Highway,3/1/2018,March,2018,transfer_from_mass_transit,0,66302121
2018,Highway,4/1/2018,April,2018,transfer_from_mass_transit,3078925,66302121
2018,Highway,5/1/2018,May,2018,transfer_from_mass_transit,7705568,66302121
2018,Highway,6/1/2018,June,2018,transfer_from_mass_transit,10961662,66302121
2018,Highway,7/1/2018,July,2018,transfer_from_mass_transit,18660983,66302121
2018,Highway,8/1/2018,August,2018,transfer_from_mass_transit,13747227,66302121
2018,Highway,9/1/2018,September,2018,transfer_from_mass_transit,0,66302121
2018,Highway,10/1/2017,October,2017,outlay_htf,4034026431,45132338718
2018,Highway,11/1/2017,November,2017,outlay_htf,3699700407,45132338718
2018,Highway,12/1/2017,December,2017,outlay_htf,3232592363,45132338718
2018,Highway,1/1/2018,January,2018,outlay_htf,2652314214,45132338718
2018,Highway,2/1/2018,February,2018,outlay_htf,2671214672,45132338718
2018,Highway,3/1/2018,March,2018,outlay_htf,2863558070,45132338718
2018,Highway,4/1/2018,April,2018,outlay_htf,2520412708,45132338718
2018,Highway,5/1/2018,May,2018,outlay_htf,3692481763,45132338718
2018,Highway,6/1/2018,June,2018,outlay_htf,4261708273,45132338718
2018,Highway,7/1/2018,July,2018,outlay_htf,4625015872,45132338718
2018,Highway,8/1/2018,August,2018,outlay_htf,5622788225,45132338718
2018,Highway,9/1/2018,September,2018,outlay_htf,5256525721,45132338718
2018,Highway,10/1/2017,October,2017,closing_balance,37860628725,32605372070
2018,Highway,11/1/2017,November,2017,closing_balance,37624265284,32605372070
2018,Highway,12/1/2017,December,2017,closing_balance,37398378132,32605372070
2018,Highway,1/1/2018,January,2018,closing_balance,36330339516,32605372070
2018,Highway,2/1/2018,February,2018,closing_balance,37929467306,32605372070
2018,Highway,3/1/2018,March,2018,closing_balance,38011534859,32605372070
2018,Highway,4/1/2018,April,2018,closing_balance,38221266262,32605372070
2018,Highway,5/1/2018,May,2018,closing_balance,37627725044,32605372070
2018,Highway,6/1/2018,June,2018,closing_balance,37063044142,32605372070
2018,Highway,7/1/2018,July,2018,closing_balance,35163449674,32605372070
2018,Highway,8/1/2018,August,2018,closing_balance,31842487041,32605372070
2018,Highway,9/1/2018,September,2018,closing_balance,32605372070,32605372070
2018,Mass Transit,10/1/2017,October,2017,opening_balance,14850439399,14850439399
2018,Mass Transit,11/1/2017,November,2017,opening_balance,14581681673,14850439399
2018,Mass Transit,12/1/2017,December,2017,opening_balance,14367259454,14850439399
2018,Mass Transit,1/1/2018,January,2018,opening_balance,14250119550,14850439399
2018,Mass Transit,2/1/2018,February,2018,opening_balance,14322718040,14850439399
2018,Mass Transit,3/1/2018,March,2018,opening_balance,14266693686,14850439399
2018,Mass Transit,4/1/2018,April,2018,opening_balance,14078764986,14850439399
2018,Mass Transit,5/1/2018,May,2018,opening_balance,14130194908,14850439399
2018,Mass Transit,6/1/2018,June,2018,opening_balance,13678667464,14850439399
2018,Mass Transit,7/1/2018,July,2018,opening_balance,13400622081,14850439399
2018,Mass Transit,8/1/2018,August,2018,opening_balance,13378819478,14850439399
2018,Mass Transit,9/1/2018,September,2018,opening_balance,12463030008,14850439399
2018,Mass Transit,10/1/2017,October,2017,net_tax_receipts,99259000,5321818061
2018,Mass Transit,11/1/2017,November,2017,net_tax_receipts,517227000,5321818061
2018,Mass Transit,12/1/2017,December,2017,net_tax_receipts,461748000,5321818061
2018,Mass Transit,1/1/2018,January,2018,net_tax_receipts,292769000,5321818061
2018,Mass Transit,2/1/2018,February,2018,net_tax_receipts,616435830.5,5321818061
2018,Mass Transit,3/1/2018,March,2018,net_tax_receipts,439150000,5321818061
2018,Mass Transit,4/1/2018,April,2018,net_tax_receipts,450980000,5321818061
2018,Mass Transit,5/1/2018,May,2018,net_tax_receipts,454441000,5321818061
2018,Mass Transit,6/1/2018,June,2018,net_tax_receipts,518463862.8,5321818061
2018,Mass Transit,7/1/2018,July,2018,net_tax_receipts,455604000,5321818061
2018,Mass Transit,8/1/2018,August,2018,net_tax_receipts,247665832.4,5321818061
2018,Mass Transit,9/1/2018,September,2018,net_tax_receipts,768074535.1,5321818061
2018,Mass Transit,10/1/2017,October,2017,interest_income,12305148.89,202799186.1
2018,Mass Transit,11/1/2017,November,2017,interest_income,12542681.86,202799186.1
2018,Mass Transit,12/1/2017,December,2017,interest_income,13164429,202799186.1
2018,Mass Transit,1/1/2018,January,2018,interest_income,15855023.18,202799186.1
2018,Mass Transit,2/1/2018,February,2018,interest_income,14289097.99,202799186.1
2018,Mass Transit,3/1/2018,March,2018,interest_income,17946054.04,202799186.1
2018,Mass Transit,4/1/2018,April,2018,interest_income,18809656.64,202799186.1
2018,Mass Transit,5/1/2018,May,2018,interest_income,19179767.95,202799186.1
2018,Mass Transit,6/1/2018,June,2018,interest_income,18772713.59,202799186.1
2018,Mass Transit,7/1/2018,July,2018,interest_income,21299513.01,202799186.1
2018,Mass Transit,8/1/2018,August,2018,interest_income,20566691.54,202799186.1
2018,Mass Transit,9/1/2018,September,2018,interest_income,18068408.4,202799186.1
2018,Mass Transit,10/1/2017,October,2017,other_receipts,0,0
2018,Mass Transit,11/1/2017,November,2017,other_receipts,0,0
2018,Mass Transit,12/1/2017,December,2017,other_receipts,0,0
2018,Mass Transit,1/1/2018,January,2018,other_receipts,0,0
2018,Mass Transit,2/1/2018,February,2018,other_receipts,0,0
2018,Mass Transit,3/1/2018,March,2018,other_receipts,0,0
2018,Mass Transit,4/1/2018,April,2018,other_receipts,0,0
2018,Mass Transit,5/1/2018,May,2018,other_receipts,0,0
2018,Mass Transit,6/1/2018,June,2018,other_receipts,0,0
2018,Mass Transit,7/1/2018,July,2018,other_receipts,0,0
2018,Mass Transit,8/1/2018,August,2018,other_receipts,0,0
2018,Mass Transit,9/1/2018,September,2018,other_receipts,0,0
2018,Mass Transit,10/1/2017,October,2017,total_receipts,111564148.9,5524617247
2018,Mass Transit,11/1/2017,November,2017,total_receipts,529769681.9,5524617247
2018,Mass Transit,12/1/2017,December,2017,total_receipts,474912429,5524617247
2018,Mass Transit,1/1/2018,January,2018,total_receipts,308624023.2,5524617247
2018,Mass Transit,2/1/2018,February,2018,total_receipts,630724928.5,5524617247
2018,Mass Transit,3/1/2018,March,2018,total_receipts,457096054,5524617247
2018,Mass Transit,4/1/2018,April,2018,total_receipts,469789656.6,5524617247
2018,Mass Transit,5/1/2018,May,2018,total_receipts,473620768,5524617247
2018,Mass Transit,6/1/2018,June,2018,total_receipts,537236576.4,5524617247
2018,Mass Transit,7/1/2018,July,2018,total_receipts,476903513,5524617247
2018,Mass Transit,8/1/2018,August,2018,total_receipts,268232523.9,5524617247
2018,Mass Transit,9/1/2018,September,2018,total_receipts,786142943.5,5524617247
2018,Mass Transit,10/1/2017,October,2017,transfer_to_highway,0,66302121
2018,Mass Transit,11/1/2017,November,2017,transfer_to_highway,0,66302121
2018,Mass Transit,12/1/2017,December,2017,transfer_to_highway,9825717,66302121
2018,Mass Transit,1/1/2018,January,2018,transfer_to_highway,2322039,66302121
2018,Mass Transit,2/1/2018,February,2018,transfer_to_highway,0,66302121
2018,Mass Transit,3/1/2018,March,2018,transfer_to_highway,0,66302121
2018,Mass Transit,4/1/2018,April,2018,transfer_to_highway,3078925,66302121
2018,Mass Transit,5/1/2018,May,2018,transfer_to_highway,7705568,66302121
2018,Mass Transit,6/1/2018,June,2018,transfer_to_highway,10961662,66302121
2018,Mass Transit,7/1/2018,July,2018,transfer_to_highway,18660983,66302121
2018,Mass Transit,8/1/2018,August,2018,transfer_to_highway,13747227,66302121
2018,Mass Transit,9/1/2018,September,2018,transfer_to_highway,0,66302121
2018,Mass Transit,10/1/2017,October,2017,transfer_from_highway,400000000,1700000000
2018,Mass Transit,11/1/2017,November,2017,transfer_from_highway,0,1700000000
2018,Mass Transit,12/1/2017,December,2017,transfer_from_highway,100000000,1700000000
2018,Mass Transit,1/1/2018,January,2018,transfer_from_highway,400000000,1700000000
2018,Mass Transit,2/1/2018,February,2018,transfer_from_highway,0,1700000000
2018,Mass Transit,3/1/2018,March,2018,transfer_from_highway,0,1700000000
2018,Mass Transit,4/1/2018,April,2018,transfer_from_highway,300000000,1700000000
2018,Mass Transit,5/1/2018,May,2018,transfer_from_highway,0,1700000000
2018,Mass Transit,6/1/2018,June,2018,transfer_from_highway,100000000,1700000000
2018,Mass Transit,7/1/2018,July,2018,transfer_from_highway,400000000,1700000000
2018,Mass Transit,8/1/2018,August,2018,transfer_from_highway,0,1700000000
2018,Mass Transit,9/1/2018,September,2018,transfer_from_highway,0,1700000000
2018,Mass Transit,10/1/2017,October,2017,outlay_htf,780321875,10106692263
2018,Mass Transit,11/1/2017,November,2017,outlay_htf,744191900.3,10106692263
2018,Mass Transit,12/1/2017,December,2017,outlay_htf,682226615.9,10106692263
2018,Mass Transit,1/1/2018,January,2018,outlay_htf,633703495,10106692263
2018,Mass Transit,2/1/2018,February,2018,outlay_htf,686749282.1,10106692263
2018,Mass Transit,3/1/2018,March,2018,outlay_htf,645024754.1,10106692263
2018,Mass Transit,4/1/2018,April,2018,outlay_htf,715280809.7,10106692263
2018,Mass Transit,5/1/2018,May,2018,outlay_htf,917442643.5,10106692263
2018,Mass Transit,6/1/2018,June,2018,outlay_htf,904320297.8,10106692263
2018,Mass Transit,7/1/2018,July,2018,outlay_htf,880045133.2,10106692263
2018,Mass Transit,8/1/2018,August,2018,outlay_htf,1170274767,10106692263
2018,Mass Transit,9/1/2018,September,2018,outlay_htf,1347110689,10106692263
2018,Mass Transit,10/1/2017,October,2017,closing_balance,14581681673,11902062262
2018,Mass Transit,11/1/2017,November,2017,closing_balance,14367259454,11902062262
2018,Mass Transit,12/1/2017,December,2017,closing_balance,14250119550,11902062262
2018,Mass Transit,1/1/2018,January,2018,closing_balance,14322718040,11902062262
2018,Mass Transit,2/1/2018,February,2018,closing_balance,14266693686,11902062262
2018,Mass Transit,3/1/2018,March,2018,closing_balance,14078764986,11902062262
2018,Mass Transit,4/1/2018,April,2018,closing_balance,14130194908,11902062262
2018,Mass Transit,5/1/2018,May,2018,closing_balance,13678667464,11902062262
2018,Mass Transit,6/1/2018,June,2018,closing_balance,13400622081,11902062262
2018,Mass Transit,7/1/2018,July,2018,closing_balance,13378819478,11902062262
2018,Mass Transit,8/1/2018,August,2018,closing_balance,12463030008,11902062262
2018,Mass Transit,9/1/2018,September,2018,closing_balance,11902062262,11902062262
2017,Highway,10/1/2016,October,2016,opening_balance,51435286367,51435286367
2017,Highway,11/1/2016,November,2016,opening_balance,48182000519,51435286367
2017,Highway,12/1/2016,December,2016,opening_balance,47611320171,51435286367
2017,Highway,1/1/2017,January,2017,opening_balance,47071216724,51435286367
2017,Highway,2/1/2017,February,2017,opening_balance,47077263094,51435286367
2017,Highway,3/1/2017,March,2017,opening_balance,47777942094,51435286367
2017,Highway,4/1/2017,April,2017,opening_balance,47583328788,51435286367
2017,Highway,5/1/2017,May,2017,opening_balance,47677076195,51435286367
2017,Highway,6/1/2017,June,2017,opening_balance,46677589150,51435286367
2017,Highway,7/1/2017,July,2017,opening_balance,45047816269,51435286367
2017,Highway,8/1/2017,August,2017,opening_balance,43591352585,51435286367
2017,Highway,9/1/2017,September,2017,opening_balance,41008065833,51435286367
2017,Highway,10/1/2016,October,2016,net_tax_receipts,789222000,35698505423
2017,Highway,11/1/2016,November,2016,net_tax_receipts,3323163000,35698505423
2017,Highway,12/1/2016,December,2016,net_tax_receipts,3062806000,35698505423
2017,Highway,1/1/2017,January,2017,net_tax_receipts,2815307000,35698505423
2017,Highway,2/1/2017,February,2017,net_tax_receipts,3215586820,35698505423
2017,Highway,3/1/2017,March,2017,net_tax_receipts,2780203000,35698505423
2017,Highway,4/1/2017,April,2017,net_tax_receipts,3106538000,35698505423
2017,Highway,5/1/2017,May,2017,net_tax_receipts,2299176224,35698505423
2017,Highway,6/1/2017,June,2017,net_tax_receipts,3001054000,35698505423
2017,Highway,7/1/2017,July,2017,net_tax_receipts,3165652000,35698505423
2017,Highway,8/1/2017,August,2017,net_tax_receipts,2680386496,35698505423
2017,Highway,9/1/2017,September,2017,net_tax_receipts,5459410883,35698505423
2017,Highway,10/1/2016,October,2016,interest_income,9282954.26,281298256.1
2017,Highway,11/1/2016,November,2016,interest_income,10648822.91,281298256.1
2017,Highway,12/1/2016,December,2016,interest_income,13797286.68,281298256.1
2017,Highway,1/1/2017,January,2017,interest_income,19367058.2,281298256.1
2017,Highway,2/1/2017,February,2017,interest_income,17198736.27,281298256.1
2017,Highway,3/1/2017,March,2017,interest_income,24556455.66,281298256.1
2017,Highway,4/1/2017,April,2017,interest_income,26773833.81,281298256.1
2017,Highway,5/1/2017,May,2017,interest_income,29359352.05,281298256.1
2017,Highway,6/1/2017,June,2017,interest_income,30426073.9,281298256.1
2017,Highway,7/1/2017,July,2017,interest_income,34652792.34,281298256.1
2017,Highway,8/1/2017,August,2017,interest_income,34662151.76,281298256.1
2017,Highway,9/1/2017,September,2017,interest_income,30572738.26,281298256.1
2017,Highway,10/1/2016,October,2016,other_receipts,1,2415252.31
2017,Highway,11/1/2016,November,2016,other_receipts,105100374.8,2415252.31
2017,Highway,12/1/2016,December,2016,other_receipts,1621431.14,2415252.31
2017,Highway,1/1/2017,January,2017,other_receipts,2705009.71,2415252.31
2017,Highway,2/1/2017,February,2017,other_receipts,1942640.06,2415252.31
2017,Highway,3/1/2017,March,2017,other_receipts,2134917.26,2415252.31
2017,Highway,4/1/2017,April,2017,other_receipts,2337777.77,2415252.31
2017,Highway,5/1/2017,May,2017,other_receipts,1682933.39,2415252.31
2017,Highway,6/1/2017,June,2017,other_receipts,2173945.27,2415252.31
2017,Highway,7/1/2017,July,2017,other_receipts,1997192.31,2415252.31
2017,Highway,8/1/2017,August,2017,other_receipts,1965800.55,2415252.31
2017,Highway,9/1/2017,September,2017,other_receipts,2029320.1,2415252.31
2017,Highway,10/1/2016,October,2016,total_receipts,903605329.1,36107910274
2017,Highway,11/1/2016,November,2016,total_receipts,3335433254,36107910274
2017,Highway,12/1/2016,December,2016,total_receipts,3079308296,36107910274
2017,Highway,1/1/2017,January,2017,total_receipts,2836616698,36107910274
2017,Highway,2/1/2017,February,2017,total_receipts,3234920474,36107910274
2017,Highway,3/1/2017,March,2017,total_receipts,2807097233,36107910274
2017,Highway,4/1/2017,April,2017,total_receipts,3134994767,36107910274
2017,Highway,5/1/2017,May,2017,total_receipts,2330709522,36107910274
2017,Highway,6/1/2017,June,2017,total_receipts,3033477266,36107910274
2017,Highway,7/1/2017,July,2017,total_receipts,3202270593,36107910274
2017,Highway,8/1/2017,August,2017,total_receipts,2717077967,36107910274
2017,Highway,9/1/2017,September,2017,total_receipts,5492398874,36107910274
2017,Highway,10/1/2016,October,2016,transfer_to_mass_transit,0,1174500000
2017,Highway,11/1/2016,November,2016,transfer_to_mass_transit,217500000,1174500000
2017,Highway,12/1/2016,December,2016,transfer_to_mass_transit,0,1174500000
2017,Highway,1/1/2017,January,2017,transfer_to_mass_transit,357000000,1174500000
2017,Highway,2/1/2017,February,2017,transfer_to_mass_transit,0,1174500000
2017,Highway,3/1/2017,March,2017,transfer_to_mass_transit,0,1174500000
2017,Highway,4/1/2017,April,2017,transfer_to_mass_transit,200000000,1174500000
2017,Highway,5/1/2017,May,2017,transfer_to_mass_transit,0,1174500000
2017,Highway,6/1/2017,June,2017,transfer_to_mass_transit,0,1174500000
2017,Highway,7/1/2017,July,2017,transfer_to_mass_transit,400000000,1174500000
2017,Highway,8/1/2017,August,2017,transfer_to_mass_transit,0,1174500000
2017,Highway,9/1/2017,September,2017,transfer_to_mass_transit,0,1174500000
2017,Highway,10/1/2016,October,2016,transfer_from_mass_transit,0,51644385
2017,Highway,11/1/2016,November,2016,transfer_from_mass_transit,0,51644385
2017,Highway,12/1/2016,December,2016,transfer_from_mass_transit,2471197,51644385
2017,Highway,1/1/2017,January,2017,transfer_from_mass_transit,542791,51644385
2017,Highway,2/1/2017,February,2017,transfer_from_mass_transit,7211242,51644385
2017,Highway,3/1/2017,March,2017,transfer_from_mass_transit,1805904,51644385
2017,Highway,4/1/2017,April,2017,transfer_from_mass_transit,311410,51644385
2017,Highway,5/1/2017,May,2017,transfer_from_mass_transit,856687,51644385
2017,Highway,6/1/2017,June,2017,transfer_from_mass_transit,4844958,51644385
2017,Highway,7/1/2017,July,2017,transfer_from_mass_transit,19075058,51644385
2017,Highway,8/1/2017,August,2017,transfer_from_mass_transit,14525138,51644385
2017,Highway,9/1/2017,September,2017,transfer_from_mass_transit,0,51644385
2017,Highway,10/1/2016,October,2016,outlay_htf,4156891177,44977292152
2017,Highway,11/1/2016,November,2016,outlay_htf,3688613603,44977292152
2017,Highway,12/1/2016,December,2016,outlay_htf,3621882940,44977292152
2017,Highway,1/1/2017,January,2017,outlay_htf,2474113119,44977292152
2017,Highway,2/1/2017,February,2017,outlay_htf,2541452716,44977292152
2017,Highway,3/1/2017,March,2017,outlay_htf,3003516444,44977292152
2017,Highway,4/1/2017,April,2017,outlay_htf,2841558770,44977292152
2017,Highway,5/1/2017,May,2017,outlay_htf,3331053254,44977292152
2017,Highway,6/1/2017,June,2017,outlay_htf,4668095105,44977292152
2017,Highway,7/1/2017,July,2017,outlay_htf,4277809335,44977292152
2017,Highway,8/1/2017,August,2017,outlay_htf,5314889858,44977292152
2017,Highway,9/1/2017,September,2017,outlay_htf,5057415832,44977292152
2017,Highway,10/1/2016,October,2016,closing_balance,48182000519,41443048874
2017,Highway,11/1/2016,November,2016,closing_balance,47611320171,41443048874
2017,Highway,12/1/2016,December,2016,closing_balance,47071216724,41443048874
2017,Highway,1/1/2017,January,2017,closing_balance,47077263094,41443048874
2017,Highway,2/1/2017,February,2017,closing_balance,47777942094,41443048874
2017,Highway,3/1/2017,March,2017,closing_balance,47583328788,41443048874
2017,Highway,4/1/2017,April,2017,closing_balance,47677076195,41443048874
2017,Highway,5/1/2017,May,2017,closing_balance,46677589150,41443048874
2017,Highway,6/1/2017,June,2017,closing_balance,45047816269,41443048874
2017,Highway,7/1/2017,July,2017,closing_balance,43591352585,41443048874
2017,Highway,8/1/2017,August,2017,closing_balance,41008065833,41443048874
2017,Highway,9/1/2017,September,2017,closing_balance,41443048874,41443048874
2017,Mass Transit,10/1/2016,October,2016,opening_balance,17782389509,17782389509
2017,Mass Transit,11/1/2016,November,2016,opening_balance,17388225974,17782389509
2017,Mass Transit,12/1/2016,December,2016,opening_balance,17378639391,17782389509
2017,Mass Transit,1/1/2017,January,2017,opening_balance,17041509850,17782389509
2017,Mass Transit,2/1/2017,February,2017,opening_balance,17325448968,17782389509
2017,Mass Transit,3/1/2017,March,2017,opening_balance,17181072569,17782389509
2017,Mass Transit,4/1/2017,April,2017,opening_balance,16769861639,17782389509
2017,Mass Transit,5/1/2017,May,2017,opening_balance,16840310885,17782389509
2017,Mass Transit,6/1/2017,June,2017,opening_balance,16401592620,17782389509
2017,Mass Transit,7/1/2017,July,2017,opening_balance,15683674438,17782389509
2017,Mass Transit,8/1/2017,August,2017,opening_balance,15916614260,17782389509
2017,Mass Transit,9/1/2017,September,2017,opening_balance,15463439543,17782389509
2017,Mass Transit,10/1/2016,October,2016,net_tax_receipts,104728000,5285652727
2017,Mass Transit,11/1/2016,November,2016,net_tax_receipts,490638000,5285652727
2017,Mass Transit,12/1/2016,December,2016,net_tax_receipts,452266000,5285652727
2017,Mass Transit,1/1/2017,January,2017,net_tax_receipts,415749000,5285652727
2017,Mass Transit,2/1/2017,February,2017,net_tax_receipts,512417702.8,5285652727
2017,Mass Transit,3/1/2017,March,2017,net_tax_receipts,406664000,5285652727
2017,Mass Transit,4/1/2017,April,2017,net_tax_receipts,454246000,5285652727
2017,Mass Transit,5/1/2017,May,2017,net_tax_receipts,369887228,5285652727
2017,Mass Transit,6/1/2017,June,2017,net_tax_receipts,445743000,5285652727
2017,Mass Transit,7/1/2017,July,2017,net_tax_receipts,470109000,5285652727
2017,Mass Transit,8/1/2017,August,2017,net_tax_receipts,406034507.7,5285652727
2017,Mass Transit,9/1/2017,September,2017,net_tax_receipts,757170288.1,5285652727
2017,Mass Transit,10/1/2016,October,2016,interest_income,3291201.3,101900766
2017,Mass Transit,11/1/2016,November,2016,interest_income,3930000.99,101900766
2017,Mass Transit,12/1/2016,December,2016,interest_income,5650210.65,101900766
2017,Mass Transit,1/1/2017,January,2017,interest_income,7069673.92,101900766
2017,Mass Transit,2/1/2017,February,2017,interest_income,6323765.04,101900766
2017,Mass Transit,3/1/2017,March,2017,interest_income,8764787.35,101900766
2017,Mass Transit,4/1/2017,April,2017,interest_income,9500459.4,101900766
2017,Mass Transit,5/1/2017,May,2017,interest_income,10380929.9,101900766
2017,Mass Transit,6/1/2017,June,2017,interest_income,10752683.58,101900766
2017,Mass Transit,7/1/2017,July,2017,interest_income,12243508.56,101900766
2017,Mass Transit,8/1/2017,August,2017,interest_income,12754562.72,101900766
2017,Mass Transit,9/1/2017,September,2017,interest_income,11238982.56,101900766
2017,Mass Transit,10/1/2016,October,2016,other_receipts,0,0
2017,Mass Transit,11/1/2016,November,2016,other_receipts,0,0
2017,Mass Transit,12/1/2016,December,2016,other_receipts,0,0
2017,Mass Transit,1/1/2017,January,2017,other_receipts,0,0
2017,Mass Transit,2/1/2017,February,2017,other_receipts,0,0
2017,Mass Transit,3/1/2017,March,2017,other_receipts,0,0
2017,Mass Transit,4/1/2017,April,2017,other_receipts,0,0
2017,Mass Transit,5/1/2017,May,2017,other_receipts,0,0
2017,Mass Transit,6/1/2017,June,2017,other_receipts,0,0
2017,Mass Transit,7/1/2017,July,2017,other_receipts,0,0
2017,Mass Transit,8/1/2017,August,2017,other_receipts,0,0
2017,Mass Transit,9/1/2017,September,2017,other_receipts,0,0
2017,Mass Transit,10/1/2016,October,2016,total_receipts,108019201.3,5387553492
2017,Mass Transit,11/1/2016,November,2016,total_receipts,494568001,5387553492
2017,Mass Transit,12/1/2016,December,2016,total_receipts,457916210.7,5387553492
2017,Mass Transit,1/1/2017,January,2017,total_receipts,422818673.9,5387553492
2017,Mass Transit,2/1/2017,February,2017,total_receipts,518741467.8,5387553492
2017,Mass Transit,3/1/2017,March,2017,total_receipts,415428787.4,5387553492
2017,Mass Transit,4/1/2017,April,2017,total_receipts,463746459.4,5387553492
2017,Mass Transit,5/1/2017,May,2017,total_receipts,380268157.9,5387553492
2017,Mass Transit,6/1/2017,June,2017,total_receipts,456495683.6,5387553492
2017,Mass Transit,7/1/2017,July,2017,total_receipts,482352508.6,5387553492
2017,Mass Transit,8/1/2017,August,2017,total_receipts,418789070.4,5387553492
2017,Mass Transit,9/1/2017,September,2017,total_receipts,768409270.6,5387553492
2017,Mass Transit,10/1/2016,October,2016,transfer_to_highway,0,51644385
2017,Mass Transit,11/1/2016,November,2016,transfer_to_highway,0,51644385
2017,Mass Transit,12/1/2016,December,2016,transfer_to_highway,2471197,51644385
2017,Mass Transit,1/1/2017,January,2017,transfer_to_highway,542791,51644385
2017,Mass Transit,2/1/2017,February,2017,transfer_to_highway,7211242,51644385
2017,Mass Transit,3/1/2017,March,2017,transfer_to_highway,1805904,51644385
2017,Mass Transit,4/1/2017,April,2017,transfer_to_highway,311410,51644385
2017,Mass Transit,5/1/2017,May,2017,transfer_to_highway,856687,51644385
2017,Mass Transit,6/1/2017,June,2017,transfer_to_highway,4844958,51644385
2017,Mass Transit,7/1/2017,July,2017,transfer_to_highway,19075058,51644385
2017,Mass Transit,8/1/2017,August,2017,transfer_to_highway,14525138,51644385
2017,Mass Transit,9/1/2017,September,2017,transfer_to_highway,0,51644385
2017,Mass Transit,10/1/2016,October,2016,transfer_from_highway,0,1174500000
2017,Mass Transit,11/1/2016,November,2016,transfer_from_highway,217500000,1174500000
2017,Mass Transit,12/1/2016,December,2016,transfer_from_highway,0,1174500000
2017,Mass Transit,1/1/2017,January,2017,transfer_from_highway,357000000,1174500000
2017,Mass Transit,2/1/2017,February,2017,transfer_from_highway,0,1174500000
2017,Mass Transit,3/1/2017,March,2017,transfer_from_highway,0,1174500000
2017,Mass Transit,4/1/2017,April,2017,transfer_from_highway,200000000,1174500000
2017,Mass Transit,5/1/2017,May,2017,transfer_from_highway,0,1174500000
2017,Mass Transit,6/1/2017,June,2017,transfer_from_highway,0,1174500000
2017,Mass Transit,7/1/2017,July,2017,transfer_from_highway,400000000,1174500000
2017,Mass Transit,8/1/2017,August,2017,transfer_from_highway,0,1174500000
2017,Mass Transit,9/1/2017,September,2017,transfer_from_highway,0,1174500000
2017,Mass Transit,10/1/2016,October,2016,outlay_htf,502182736.5,9442359218
2017,Mass Transit,11/1/2016,November,2016,outlay_htf,721654583.8,9442359218
2017,Mass Transit,12/1/2016,December,2016,outlay_htf,792574554.3,9442359218
2017,Mass Transit,1/1/2017,January,2017,outlay_htf,495336765.4,9442359218
2017,Mass Transit,2/1/2017,February,2017,outlay_htf,655906624.7,9442359218
2017,Mass Transit,3/1/2017,March,2017,outlay_htf,824833813.6,9442359218
2017,Mass Transit,4/1/2017,April,2017,outlay_htf,592985802.9,9442359218
2017,Mass Transit,5/1/2017,May,2017,outlay_htf,818129735.9,9442359218
2017,Mass Transit,6/1/2017,June,2017,outlay_htf,1169568908,9442359218
2017,Mass Transit,7/1/2017,July,2017,outlay_htf,630337628.4,9442359218
2017,Mass Transit,8/1/2017,August,2017,outlay_htf,857438650,9442359218
2017,Mass Transit,9/1/2017,September,2017,outlay_htf,1381409414,9442359218
2017,Mass Transit,10/1/2016,October,2016,closing_balance,17388225974,14850439399
2017,Mass Transit,11/1/2016,November,2016,closing_balance,17378639391,14850439399
2017,Mass Transit,12/1/2016,December,2016,closing_balance,17041509850,14850439399
2017,Mass Transit,1/1/2017,January,2017,closing_balance,17325448968,14850439399
2017,Mass Transit,2/1/2017,February,2017,closing_balance,17181072569,14850439399
2017,Mass Transit,3/1/2017,March,2017,closing_balance,16769861639,14850439399
2017,Mass Transit,4/1/2017,April,2017,closing_balance,16840310885,14850439399
2017,Mass Transit,5/1/2017,May,2017,closing_balance,16401592620,14850439399
2017,Mass Transit,6/1/2017,June,2017,closing_balance,15683674438,14850439399
2017,Mass Transit,7/1/2017,July,2017,closing_balance,15916614260,14850439399
2017,Mass Transit,8/1/2017,August,2017,closing_balance,15463439543,14850439399
2017,Mass Transit,9/1/2017,September,2017,closing_balance,14850439399,14850439399
2016,Highway,10/1/2015,October,2015,opening_balance,9040357630,9040357630
2016,Highway,11/1/2015,November,2015,opening_balance,7135940746,9040357630
2016,Highway,12/1/2015,December,2015,opening_balance,6054362947,9040357630
2016,Highway,1/1/2016,January,2016,opening_balance,5545564243,9040357630
2016,Highway,2/1/2016,February,2016,opening_balance,57666212792,9040357630
2016,Highway,3/1/2016,March,2016,opening_balance,58518511050,9040357630
2016,Highway,4/1/2016,April,2016,opening_balance,58311698716,9040357630
2016,Highway,5/1/2016,May,2016,opening_balance,58151313459,9040357630
2016,Highway,6/1/2016,June,2016,opening_balance,57017995080,9040357630
2016,Highway,7/1/2016,July,2016,opening_balance,55409853180,9040357630
2016,Highway,8/1/2016,August,2016,opening_balance,54373578595,9040357630
2016,Highway,9/1/2016,September,2016,opening_balance,51789894588,9040357630
2016,Highway,10/1/2015,October,2015,net_tax_receipts,701147000,36062387580
2016,Highway,11/1/2015,November,2015,net_tax_receipts,3537806000,36062387580
2016,Highway,12/1/2015,December,2015,net_tax_receipts,2912698000,36062387580
2016,Highway,1/1/2016,January,2016,net_tax_receipts,2874343000,36062387580
2016,Highway,2/1/2016,February,2016,net_tax_receipts,3450990843,36062387580
2016,Highway,3/1/2016,March,2016,net_tax_receipts,2831499000,36062387580
2016,Highway,4/1/2016,April,2016,net_tax_receipts,3046701000,36062387580
2016,Highway,5/1/2016,May,2016,net_tax_receipts,2424638403,36062387580
2016,Highway,6/1/2016,June,2016,net_tax_receipts,2891383000,36062387580
2016,Highway,7/1/2016,July,2016,net_tax_receipts,3038133000,36062387580
2016,Highway,8/1/2016,August,2016,net_tax_receipts,2824614720,36062387580
2016,Highway,9/1/2016,September,2016,net_tax_receipts,5528433614,36062387580
2016,Highway,10/1/2015,October,2015,interest_income,59711.67,91965993.21
2016,Highway,11/1/2015,November,2015,interest_income,244000.36,91965993.21
2016,Highway,12/1/2015,December,2015,interest_income,601858.08,91965993.21
2016,Highway,1/1/2016,January,2016,interest_income,6108995.94,91965993.21
2016,Highway,2/1/2016,February,2016,interest_income,12262636.63,91965993.21
2016,Highway,3/1/2016,March,2016,interest_income,12590974.82,91965993.21
2016,Highway,4/1/2016,April,2016,interest_income,8547727.97,91965993.21
2016,Highway,5/1/2016,May,2016,interest_income,10347348.28,91965993.21
2016,Highway,6/1/2016,June,2016,interest_income,10239924.75,91965993.21
2016,Highway,7/1/2016,July,2016,interest_income,10974532.78,91965993.21
2016,Highway,8/1/2016,August,2016,interest_income,11844988.36,91965993.21
2016,Highway,9/1/2016,September,2016,interest_income,8143293.57,91965993.21
2016,Highway,10/1/2015,October,2015,other_receipts,1,2075506.9
2016,Highway,11/1/2015,November,2015,other_receipts,2263220.44,2075506.9
2016,Highway,12/1/2015,December,2015,other_receipts,1759517.95,2075506.9
2016,Highway,1/1/2016,January,2016,other_receipts,1809696.04,2075506.9
2016,Highway,2/1/2016,February,2016,other_receipts,52001945429,2075506.9
2016,Highway,3/1/2016,March,2016,other_receipts,95258392.3,2075506.9
2016,Highway,4/1/2016,April,2016,other_receipts,2306182.22,2075506.9
2016,Highway,5/1/2016,May,2016,other_receipts,2253443.78,2075506.9
2016,Highway,6/1/2016,June,2016,other_receipts,1699580,2075506.9
2016,Highway,7/1/2016,July,2016,other_receipts,3201388.71,2075506.9
2016,Highway,8/1/2016,August,2016,other_receipts,2058202,2075506.9
2016,Highway,9/1/2016,September,2016,other_receipts,2882189.86,2075506.9
2016,Highway,10/1/2015,October,2015,total_receipts,703469932.1,88273866323
2016,Highway,11/1/2015,November,2015,total_receipts,3539809518,88273866323
2016,Highway,12/1/2015,December,2015,total_receipts,2915109554,88273866323
2016,Highway,1/1/2016,January,2016,total_receipts,54882397425,88273866323
2016,Highway,2/1/2016,February,2016,total_receipts,3558511872,88273866323
2016,Highway,3/1/2016,March,2016,total_receipts,2846396157,88273866323
2016,Highway,4/1/2016,April,2016,total_receipts,3057502172,88273866323
2016,Highway,5/1/2016,May,2016,total_receipts,2436685332,88273866323
2016,Highway,6/1/2016,June,2016,total_receipts,2904824313,88273866323
2016,Highway,7/1/2016,July,2016,total_receipts,3051165735,88273866323
2016,Highway,8/1/2016,August,2016,total_receipts,2839341898,88273866323
2016,Highway,9/1/2016,September,2016,total_receipts,5538652414,88273866323
2016,Highway,10/1/2015,October,2015,transfer_to_mass_transit,265000000,1170000000
2016,Highway,11/1/2015,November,2015,transfer_to_mass_transit,0,1170000000
2016,Highway,12/1/2015,December,2015,transfer_to_mass_transit,0,1170000000
2016,Highway,1/1/2016,January,2016,transfer_to_mass_transit,280000000,1170000000
2016,Highway,2/1/2016,February,2016,transfer_to_mass_transit,0,1170000000
2016,Highway,3/1/2016,March,2016,transfer_to_mass_transit,0,1170000000
2016,Highway,4/1/2016,April,2016,transfer_to_mass_transit,240000000,1170000000
2016,Highway,5/1/2016,May,2016,transfer_to_mass_transit,0,1170000000
2016,Highway,6/1/2016,June,2016,transfer_to_mass_transit,0,1170000000
2016,Highway,7/1/2016,July,2016,transfer_to_mass_transit,296000000,1170000000
2016,Highway,8/1/2016,August,2016,transfer_to_mass_transit,0,1170000000
2016,Highway,9/1/2016,September,2016,transfer_to_mass_transit,89000000,1170000000
2016,Highway,10/1/2015,October,2015,transfer_from_mass_transit,0,78439789
2016,Highway,11/1/2015,November,2015,transfer_from_mass_transit,0,78439789
2016,Highway,12/1/2015,December,2015,transfer_from_mass_transit,27331312,78439789
2016,Highway,1/1/2016,January,2016,transfer_from_mass_transit,0,78439789
2016,Highway,2/1/2016,February,2016,transfer_from_mass_transit,0,78439789
2016,Highway,3/1/2016,March,2016,transfer_from_mass_transit,3319686,78439789
2016,Highway,4/1/2016,April,2016,transfer_from_mass_transit,17158944,78439789
2016,Highway,5/1/2016,May,2016,transfer_from_mass_transit,9961844,78439789
2016,Highway,6/1/2016,June,2016,transfer_from_mass_transit,10872360,78439789
2016,Highway,7/1/2016,July,2016,transfer_from_mass_transit,2826827,78439789
2016,Highway,8/1/2016,August,2016,transfer_from_mass_transit,0,78439789
2016,Highway,9/1/2016,September,2016,transfer_from_mass_transit,6968816,78439789
2016,Highway,10/1/2015,October,2015,outlay_htf,2,5811229451
2016,Highway,11/1/2015,November,2015,outlay_htf,2342886816,5811229451
2016,Highway,12/1/2015,December,2015,outlay_htf,4621387318,5811229451
2016,Highway,1/1/2016,January,2016,outlay_htf,3451239570,5811229451
2016,Highway,2/1/2016,February,2016,outlay_htf,2481748876,5811229451
2016,Highway,3/1/2016,March,2016,outlay_htf,2706213615,5811229451
2016,Highway,4/1/2016,April,2016,outlay_htf,3056528177,5811229451
2016,Highway,5/1/2016,May,2016,outlay_htf,2995046373,5811229451
2016,Highway,6/1/2016,June,2016,outlay_htf,3579965554,5811229451
2016,Highway,7/1/2016,July,2016,outlay_htf,4523838574,5811229451
2016,Highway,8/1/2016,August,2016,outlay_htf,3794267147,5811229451
2016,Highway,9/1/2016,September,2016,outlay_htf,5423025906,5811229451
2016,Highway,10/1/2015,October,2015,closing_balance,7135940746,51435286367
2016,Highway,11/1/2015,November,2015,closing_balance,6054362947,51435286367
2016,Highway,12/1/2015,December,2015,closing_balance,5545564243,51435286367
2016,Highway,1/1/2016,January,2016,closing_balance,57666212792,51435286367
2016,Highway,2/1/2016,February,2016,closing_balance,58518511050,51435286367
2016,Highway,3/1/2016,March,2016,closing_balance,58311698716,51435286367
2016,Highway,4/1/2016,April,2016,closing_balance,58151313459,51435286367
2016,Highway,5/1/2016,May,2016,closing_balance,57017995080,51435286367
2016,Highway,6/1/2016,June,2016,closing_balance,55409853180,51435286367
2016,Highway,7/1/2016,July,2016,closing_balance,54373578595,51435286367
2016,Highway,8/1/2016,August,2016,closing_balance,51789894588,51435286367
2016,Highway,9/1/2016,September,2016,closing_balance,51435286367,51435286367
2016,Mass Transit,10/1/2015,October,2015,opening_balance,2869390996,2869390996
2016,Mass Transit,11/1/2015,November,2015,opening_balance,2805670802,2869390996
2016,Mass Transit,12/1/2015,December,2015,opening_balance,2505111743,2869390996
2016,Mass Transit,1/1/2016,January,2016,opening_balance,1706779013,2869390996
2016,Mass Transit,2/1/2016,February,2016,opening_balance,20019124006,2869390996
2016,Mass Transit,3/1/2016,March,2016,opening_balance,19959058229,2869390996
2016,Mass Transit,4/1/2016,April,2016,opening_balance,19666170901,2869390996
2016,Mass Transit,5/1/2016,May,2016,opening_balance,19820438111,2869390996
2016,Mass Transit,6/1/2016,June,2016,opening_balance,19459942733,2869390996
2016,Mass Transit,7/1/2016,July,2016,opening_balance,18909568841,2869390996
2016,Mass Transit,8/1/2016,August,2016,opening_balance,18860421379,2869390996
2016,Mass Transit,9/1/2016,September,2016,opening_balance,18170277225,2869390996
2016,Mass Transit,10/1/2015,October,2015,net_tax_receipts,94080000,5161713279
2016,Mass Transit,11/1/2015,November,2015,net_tax_receipts,513327000,5161713279
2016,Mass Transit,12/1/2015,December,2015,net_tax_receipts,422758000,5161713279
2016,Mass Transit,1/1/2016,January,2016,net_tax_receipts,417157000,5161713279
2016,Mass Transit,2/1/2016,February,2016,net_tax_receipts,483361435,5161713279
2016,Mass Transit,3/1/2016,March,2016,net_tax_receipts,415072000,5161713279
2016,Mass Transit,4/1/2016,April,2016,net_tax_receipts,446450000,5161713279
2016,Mass Transit,5/1/2016,May,2016,net_tax_receipts,358664656.9,5161713279
2016,Mass Transit,6/1/2016,June,2016,net_tax_receipts,416892000,5161713279
2016,Mass Transit,7/1/2016,July,2016,net_tax_receipts,437985000,5161713279
2016,Mass Transit,8/1/2016,August,2016,net_tax_receipts,386729751.2,5161713279
2016,Mass Transit,9/1/2016,September,2016,net_tax_receipts,769236436,5161713279
2016,Mass Transit,10/1/2015,October,2015,interest_income,22575.12,31900859.65
2016,Mass Transit,11/1/2015,November,2015,interest_income,119682.51,31900859.65
2016,Mass Transit,12/1/2015,December,2015,interest_income,265996.33,31900859.65
2016,Mass Transit,1/1/2016,January,2016,interest_income,2120647.42,31900859.65
2016,Mass Transit,2/1/2016,February,2016,interest_income,4238645.64,31900859.65
2016,Mass Transit,3/1/2016,March,2016,interest_income,4306481.85,31900859.65
2016,Mass Transit,4/1/2016,April,2016,interest_income,2910884.37,31900859.65
2016,Mass Transit,5/1/2016,May,2016,interest_income,3563114.27,31900859.65
2016,Mass Transit,6/1/2016,June,2016,interest_income,3542930.15,31900859.65
2016,Mass Transit,7/1/2016,July,2016,interest_income,3774756.43,31900859.65
2016,Mass Transit,8/1/2016,August,2016,interest_income,4162362.84,31900859.65
2016,Mass Transit,9/1/2016,September,2016,interest_income,2872782.72,31900859.65
2016,Mass Transit,10/1/2015,October,2015,other_receipts,1,0
2016,Mass Transit,11/1/2015,November,2015,other_receipts,0,0
2016,Mass Transit,12/1/2015,December,2015,other_receipts,0,0
2016,Mass Transit,1/1/2016,January,2016,other_receipts,0,0
2016,Mass Transit,2/1/2016,February,2016,other_receipts,18100000000,0
2016,Mass Transit,3/1/2016,March,2016,other_receipts,0,0
2016,Mass Transit,4/1/2016,April,2016,other_receipts,0,0
2016,Mass Transit,5/1/2016,May,2016,other_receipts,0,0
2016,Mass Transit,6/1/2016,June,2016,other_receipts,0,0
2016,Mass Transit,7/1/2016,July,2016,other_receipts,0,0
2016,Mass Transit,8/1/2016,August,2016,other_receipts,0,0
2016,Mass Transit,9/1/2016,September,2016,other_receipts,0,0
2016,Mass Transit,10/1/2015,October,2015,total_receipts,94102575.12,23293614139
2016,Mass Transit,11/1/2015,November,2015,total_receipts,513446682.5,23293614139
2016,Mass Transit,12/1/2015,December,2015,total_receipts,423023996.3,23293614139
2016,Mass Transit,1/1/2016,January,2016,total_receipts,18519277647,23293614139
2016,Mass Transit,2/1/2016,February,2016,total_receipts,487600080.7,23293614139
2016,Mass Transit,3/1/2016,March,2016,total_receipts,419378481.9,23293614139
2016,Mass Transit,4/1/2016,April,2016,total_receipts,449360884.4,23293614139
2016,Mass Transit,5/1/2016,May,2016,total_receipts,362227771.2,23293614139
2016,Mass Transit,6/1/2016,June,2016,total_receipts,420434930.2,23293614139
2016,Mass Transit,7/1/2016,July,2016,total_receipts,441759756.4,23293614139
2016,Mass Transit,8/1/2016,August,2016,total_receipts,390892114,23293614139
2016,Mass Transit,9/1/2016,September,2016,total_receipts,772109218.7,23293614139
2016,Mass Transit,10/1/2015,October,2015,transfer_to_highway,0,78439789
2016,Mass Transit,11/1/2015,November,2015,transfer_to_highway,0,78439789
2016,Mass Transit,12/1/2015,December,2015,transfer_to_highway,27331312,78439789
2016,Mass Transit,1/1/2016,January,2016,transfer_to_highway,0,78439789
2016,Mass Transit,2/1/2016,February,2016,transfer_to_highway,0,78439789
2016,Mass Transit,3/1/2016,March,2016,transfer_to_highway,3319686,78439789
2016,Mass Transit,4/1/2016,April,2016,transfer_to_highway,17158944,78439789
2016,Mass Transit,5/1/2016,May,2016,transfer_to_highway,9961844,78439789
2016,Mass Transit,6/1/2016,June,2016,transfer_to_highway,10872360,78439789
2016,Mass Transit,7/1/2016,July,2016,transfer_to_highway,2826827,78439789
2016,Mass Transit,8/1/2016,August,2016,transfer_to_highway,0,78439789
2016,Mass Transit,9/1/2016,September,2016,transfer_to_highway,6968816,78439789
2016,Mass Transit,10/1/2015,October,2015,transfer_from_highway,265000000,1170000000
2016,Mass Transit,11/1/2015,November,2015,transfer_from_highway,0,1170000000
2016,Mass Transit,12/1/2015,December,2015,transfer_from_highway,0,1170000000
2016,Mass Transit,1/1/2016,January,2016,transfer_from_highway,280000000,1170000000
2016,Mass Transit,2/1/2016,February,2016,transfer_from_highway,0,1170000000
2016,Mass Transit,3/1/2016,March,2016,transfer_from_highway,0,1170000000
2016,Mass Transit,4/1/2016,April,2016,transfer_from_highway,240000000,1170000000
2016,Mass Transit,5/1/2016,May,2016,transfer_from_highway,0,1170000000
2016,Mass Transit,6/1/2016,June,2016,transfer_from_highway,0,1170000000
2016,Mass Transit,7/1/2016,July,2016,transfer_from_highway,296000000,1170000000
2016,Mass Transit,8/1/2016,August,2016,transfer_from_highway,0,1170000000
2016,Mass Transit,9/1/2016,September,2016,transfer_from_highway,89000000,1170000000
2016,Mass Transit,10/1/2015,October,2015,outlay_htf,422822768.5,9472175836
2016,Mass Transit,11/1/2015,November,2015,outlay_htf,814005742.3,9472175836
2016,Mass Transit,12/1/2015,December,2015,outlay_htf,1194025414,9472175836
2016,Mass Transit,1/1/2016,January,2016,outlay_htf,486932653.7,9472175836
2016,Mass Transit,2/1/2016,February,2016,outlay_htf,547665858.1,9472175836
2016,Mass Transit,3/1/2016,March,2016,outlay_htf,708946124.1,9472175836
2016,Mass Transit,4/1/2016,April,2016,outlay_htf,517934729.5,9472175836
2016,Mass Transit,5/1/2016,May,2016,outlay_htf,712761305.8,9472175836
2016,Mass Transit,6/1/2016,June,2016,outlay_htf,959936462.3,9472175836
2016,Mass Transit,7/1/2016,July,2016,outlay_htf,784080391.5,9472175836
2016,Mass Transit,8/1/2016,August,2016,outlay_htf,1081036268,9472175836
2016,Mass Transit,9/1/2016,September,2016,outlay_htf,1242028119,9472175836
2016,Mass Transit,10/1/2015,October,2015,closing_balance,2805670802,17782389509
2016,Mass Transit,11/1/2015,November,2015,closing_balance,2505111743,17782389509
2016,Mass Transit,12/1/2015,December,2015,closing_balance,1706779013,17782389509
2016,Mass Transit,1/1/2016,January,2016,closing_balance,20019124006,17782389509
2016,Mass Transit,2/1/2016,February,2016,closing_balance,19959058229,17782389509
2016,Mass Transit,3/1/2016,March,2016,closing_balance,19666170901,17782389509
2016,Mass Transit,4/1/2016,April,2016,closing_balance,19820438111,17782389509
2016,Mass Transit,5/1/2016,May,2016,closing_balance,19459942733,17782389509
2016,Mass Transit,6/1/2016,June,2016,closing_balance,18909568841,17782389509
2016,Mass Transit,7/1/2016,July,2016,closing_balance,18860421379,17782389509
2016,Mass Transit,8/1/2016,August,2016,closing_balance,18170277225,17782389509
2016,Mass Transit,9/1/2016,September,2016,closing_balance,17782389509,17782389509
2015,Highway,10/1/2014,October,2014,opening_balance,11375576895,11375576895
2015,Highway,11/1/2014,November,2014,opening_balance,7552638469,11375576895
2015,Highway,12/1/2014,December,2014,opening_balance,7751616355,11375576895
2015,Highway,1/1/2015,January,2015,opening_balance,7258657198,11375576895
2015,Highway,2/1/2015,February,2015,opening_balance,7462176067,11375576895
2015,Highway,3/1/2015,March,2015,opening_balance,8233335769,11375576895
2015,Highway,4/1/2015,April,2015,opening_balance,8125665728,11375576895
2015,Highway,5/1/2015,May,2015,opening_balance,8659912009,11375576895
2015,Highway,6/1/2015,June,2015,opening_balance,7851878399,11375576895
2015,Highway,7/1/2015,July,2015,opening_balance,6657708807,11375576895
2015,Highway,8/1/2015,August,2015,opening_balance,4490181091,11375576895
2015,Highway,9/1/2015,September,2015,opening_balance,9200018586,11375576895
2015,Highway,10/1/2014,October,2014,net_tax_receipts,728491000,35740259248
2015,Highway,11/1/2014,November,2014,net_tax_receipts,3414433000,35740259248
2015,Highway,12/1/2014,December,2014,net_tax_receipts,2804751000,35740259248
2015,Highway,1/1/2015,January,2015,net_tax_receipts,2909680000,35740259248
2015,Highway,2/1/2015,February,2015,net_tax_receipts,3250791649,35740259248
2015,Highway,3/1/2015,March,2015,net_tax_receipts,2693444000,35740259248
2015,Highway,4/1/2015,April,2015,net_tax_receipts,2971073000,35740259248
2015,Highway,5/1/2015,May,2015,net_tax_receipts,2512801229,35740259248
2015,Highway,6/1/2015,June,2015,net_tax_receipts,2808532000,35740259248
2015,Highway,7/1/2015,July,2015,net_tax_receipts,2968145000,35740259248
2015,Highway,8/1/2015,August,2015,net_tax_receipts,3036218939,35740259248
2015,Highway,9/1/2015,September,2015,net_tax_receipts,5641898430,35740259248
2015,Highway,10/1/2014,October,2014,interest_income,142349.64,1394951.16
2015,Highway,11/1/2014,November,2014,interest_income,177304.89,1394951.16
2015,Highway,12/1/2014,December,2014,interest_income,156853.17,1394951.16
2015,Highway,1/1/2015,January,2015,interest_income,97667.14,1394951.16
2015,Highway,2/1/2015,February,2015,interest_income,79506.26,1394951.16
2015,Highway,3/1/2015,March,2015,interest_income,128607.77,1394951.16
2015,Highway,4/1/2015,April,2015,interest_income,115697.54,1394951.16
2015,Highway,5/1/2015,May,2015,interest_income,59337.1,1394951.16
2015,Highway,6/1/2015,June,2015,interest_income,43917.28,1394951.16
2015,Highway,7/1/2015,July,2015,interest_income,93790.93,1394951.16
2015,Highway,8/1/2015,August,2015,interest_income,197989.94,1394951.16
2015,Highway,9/1/2015,September,2015,interest_income,101929.5,1394951.16
2015,Highway,10/1/2014,October,2014,other_receipts,1,2425342.5
2015,Highway,11/1/2014,November,2014,other_receipts,1815415.42,2425342.5
2015,Highway,12/1/2014,December,2014,other_receipts,1369323.79,2425342.5
2015,Highway,1/1/2015,January,2015,other_receipts,1735022.26,2425342.5
2015,Highway,2/1/2015,February,2015,other_receipts,1863006.44,2425342.5
2015,Highway,3/1/2015,March,2015,other_receipts,1869844.52,2425342.5
2015,Highway,4/1/2015,April,2015,other_receipts,1961607.06,2425342.5
2015,Highway,5/1/2015,May,2015,other_receipts,2020905.79,2425342.5
2015,Highway,6/1/2015,June,2015,other_receipts,2665051.12,2425342.5
2015,Highway,7/1/2015,July,2015,other_receipts,1993560.61,2425342.5
2015,Highway,8/1/2015,August,2015,other_receipts,2271103.31,2425342.5
2015,Highway,9/1/2015,September,2015,other_receipts,6070195766,2425342.5
2015,Highway,10/1/2014,October,2014,total_receipts,730448765.1,41833840148
2015,Highway,11/1/2014,November,2014,total_receipts,3415979629,41833840148
2015,Highway,12/1/2014,December,2014,total_receipts,2806642875,41833840148
2015,Highway,1/1/2015,January,2015,total_receipts,2911640674,41833840148
2015,Highway,2/1/2015,February,2015,total_receipts,3252741000,41833840148
2015,Highway,3/1/2015,March,2015,total_receipts,2695534215,41833840148
2015,Highway,4/1/2015,April,2015,total_receipts,2973209603,41833840148
2015,Highway,5/1/2015,May,2015,total_receipts,2515525617,41833840148
2015,Highway,6/1/2015,June,2015,total_receipts,2810569478,41833840148
2015,Highway,7/1/2015,July,2015,total_receipts,2970509894,41833840148
2015,Highway,8/1/2015,August,2015,total_receipts,9106612695,41833840148
2015,Highway,9/1/2015,September,2015,total_receipts,5644425702,41833840148
2015,Highway,10/1/2014,October,2014,transfer_to_mass_transit,161211000,1246211000
2015,Highway,11/1/2014,November,2014,transfer_to_mass_transit,0,1246211000
2015,Highway,12/1/2014,December,2014,transfer_to_mass_transit,60000000,1246211000
2015,Highway,1/1/2015,January,2015,transfer_to_mass_transit,370000000,1246211000
2015,Highway,2/1/2015,February,2015,transfer_to_mass_transit,0,1246211000
2015,Highway,3/1/2015,March,2015,transfer_to_mass_transit,275000000,1246211000
2015,Highway,4/1/2015,April,2015,transfer_to_mass_transit,0,1246211000
2015,Highway,5/1/2015,May,2015,transfer_to_mass_transit,0,1246211000
2015,Highway,6/1/2015,June,2015,transfer_to_mass_transit,0,1246211000
2015,Highway,7/1/2015,July,2015,transfer_to_mass_transit,280000000,1246211000
2015,Highway,8/1/2015,August,2015,transfer_to_mass_transit,0,1246211000
2015,Highway,9/1/2015,September,2015,transfer_to_mass_transit,100000000,1246211000
2015,Highway,10/1/2014,October,2014,transfer_from_mass_transit,0,28694799
2015,Highway,11/1/2014,November,2014,transfer_from_mass_transit,0,28694799
2015,Highway,12/1/2014,December,2014,transfer_from_mass_transit,6300604,28694799
2015,Highway,1/1/2015,January,2015,transfer_from_mass_transit,0,28694799
2015,Highway,2/1/2015,February,2015,transfer_from_mass_transit,426284,28694799
2015,Highway,3/1/2015,March,2015,transfer_from_mass_transit,14105643,28694799
2015,Highway,4/1/2015,April,2015,transfer_from_mass_transit,2855542,28694799
2015,Highway,5/1/2015,May,2015,transfer_from_mass_transit,540831,28694799
2015,Highway,6/1/2015,June,2015,transfer_from_mass_transit,3927518,28694799
2015,Highway,7/1/2015,July,2015,transfer_from_mass_transit,0,28694799
2015,Highway,8/1/2015,August,2015,transfer_from_mass_transit,538377,28694799
2015,Highway,9/1/2015,September,2015,transfer_from_mass_transit,0,28694799
2015,Highway,10/1/2014,October,2014,outlay_htf,4392176192,42951543212
2015,Highway,11/1/2014,November,2014,outlay_htf,3217001742,42951543212
2015,Highway,12/1/2014,December,2014,outlay_htf,3245902636,42951543212
2015,Highway,1/1/2015,January,2015,outlay_htf,2338121805,42951543212
2015,Highway,2/1/2015,February,2015,outlay_htf,2482007582,42951543212
2015,Highway,3/1/2015,March,2015,outlay_htf,2542309898,42951543212
2015,Highway,4/1/2015,April,2015,outlay_htf,2441818864,42951543212
2015,Highway,5/1/2015,May,2015,outlay_htf,3324100059,42951543212
2015,Highway,6/1/2015,June,2015,outlay_htf,4008666588,42951543212
2015,Highway,7/1/2015,July,2015,outlay_htf,4858037610,42951543212
2015,Highway,8/1/2015,August,2015,outlay_htf,4397313577,42951543212
2015,Highway,9/1/2015,September,2015,outlay_htf,5704086658,42951543212
2015,Highway,10/1/2014,October,2014,closing_balance,7552638469,9040357630
2015,Highway,11/1/2014,November,2014,closing_balance,7751616355,9040357630
2015,Highway,12/1/2014,December,2014,closing_balance,7258657198,9040357630
2015,Highway,1/1/2015,January,2015,closing_balance,7462176067,9040357630
2015,Highway,2/1/2015,February,2015,closing_balance,8233335769,9040357630
2015,Highway,3/1/2015,March,2015,closing_balance,8125665728,9040357630
2015,Highway,4/1/2015,April,2015,closing_balance,8659912009,9040357630
2015,Highway,5/1/2015,May,2015,closing_balance,7851878399,9040357630
2015,Highway,6/1/2015,June,2015,closing_balance,6657708807,9040357630
2015,Highway,7/1/2015,July,2015,closing_balance,4490181091,9040357630
2015,Highway,8/1/2015,August,2015,closing_balance,9200018586,9040357630
2015,Highway,9/1/2015,September,2015,closing_balance,9040357630,9040357630
2015,Mass Transit,10/1/2014,October,2014,opening_balance,3470837160,3470837160
2015,Mass Transit,11/1/2014,November,2014,opening_balance,3016083728,3470837160
2015,Mass Transit,12/1/2014,December,2014,opening_balance,3016681861,3470837160
2015,Mass Transit,1/1/2015,January,2015,opening_balance,2790649795,3470837160
2015,Mass Transit,2/1/2015,February,2015,opening_balance,3016632642,3470837160
2015,Mass Transit,3/1/2015,March,2015,opening_balance,2933352571,3470837160
2015,Mass Transit,4/1/2015,April,2015,opening_balance,2679803393,3470837160
2015,Mass Transit,5/1/2015,May,2015,opening_balance,2466877027,3470837160
2015,Mass Transit,6/1/2015,June,2015,opening_balance,2206836224,3470837160
2015,Mass Transit,7/1/2015,July,2015,opening_balance,1791721791,3470837160
2015,Mass Transit,8/1/2015,August,2015,opening_balance,1662269491,3470837160
2015,Mass Transit,9/1/2015,September,2015,opening_balance,3203478899,3470837160
2015,Mass Transit,10/1/2014,October,2014,net_tax_receipts,100399000,5048527972
2015,Mass Transit,11/1/2014,November,2014,net_tax_receipts,507058000,5048527972
2015,Mass Transit,12/1/2014,December,2014,net_tax_receipts,416662000,5048527972
2015,Mass Transit,1/1/2015,January,2015,net_tax_receipts,432176000,5048527972
2015,Mass Transit,2/1/2015,February,2015,net_tax_receipts,446561763.7,5048527972
2015,Mass Transit,3/1/2015,March,2015,net_tax_receipts,403512000,5048527972
2015,Mass Transit,4/1/2015,April,2015,net_tax_receipts,444998000,5048527972
2015,Mass Transit,5/1/2015,May,2015,net_tax_receipts,338183421.5,5048527972
2015,Mass Transit,6/1/2015,June,2015,net_tax_receipts,411901000,5048527972
2015,Mass Transit,7/1/2015,July,2015,net_tax_receipts,435227000,5048527972
2015,Mass Transit,8/1/2015,August,2015,net_tax_receipts,375946154.8,5048527972
2015,Mass Transit,9/1/2015,September,2015,net_tax_receipts,735903632.4,5048527972
2015,Mass Transit,10/1/2014,October,2014,interest_income,48965.54,495110.38
2015,Mass Transit,11/1/2014,November,2014,interest_income,73227.15,495110.38
2015,Mass Transit,12/1/2014,December,2014,interest_income,64265.81,495110.38
2015,Mass Transit,1/1/2015,January,2015,interest_income,43232.17,495110.38
2015,Mass Transit,2/1/2015,February,2015,interest_income,32457.49,495110.38
2015,Mass Transit,3/1/2015,March,2015,interest_income,47965.35,495110.38
2015,Mass Transit,4/1/2015,April,2015,interest_income,36141.3,495110.38
2015,Mass Transit,5/1/2015,May,2015,interest_income,16853.57,495110.38
2015,Mass Transit,6/1/2015,June,2015,interest_income,10876.19,495110.38
2015,Mass Transit,7/1/2015,July,2015,interest_income,27765.1,495110.38
2015,Mass Transit,8/1/2015,August,2015,interest_income,72277.67,495110.38
2015,Mass Transit,9/1/2015,September,2015,interest_income,21083.04,495110.38
2015,Mass Transit,10/1/2014,October,2014,other_receipts,1,0
2015,Mass Transit,11/1/2014,November,2014,other_receipts,0,0
2015,Mass Transit,12/1/2014,December,2014,other_receipts,0,0
2015,Mass Transit,1/1/2015,January,2015,other_receipts,0,0
2015,Mass Transit,2/1/2015,February,2015,other_receipts,0,0
2015,Mass Transit,3/1/2015,March,2015,other_receipts,0,0
2015,Mass Transit,4/1/2015,April,2015,other_receipts,0,0
2015,Mass Transit,5/1/2015,May,2015,other_receipts,0,0
2015,Mass Transit,6/1/2015,June,2015,other_receipts,0,0
2015,Mass Transit,7/1/2015,July,2015,other_receipts,0,0
2015,Mass Transit,8/1/2015,August,2015,other_receipts,0,0
2015,Mass Transit,9/1/2015,September,2015,other_receipts,2000000000,0
2015,Mass Transit,10/1/2014,October,2014,total_receipts,100447965.5,7049023083
2015,Mass Transit,11/1/2014,November,2014,total_receipts,507131227.2,7049023083
2015,Mass Transit,12/1/2014,December,2014,total_receipts,416726265.8,7049023083
2015,Mass Transit,1/1/2015,January,2015,total_receipts,432219232.2,7049023083
2015,Mass Transit,2/1/2015,February,2015,total_receipts,446594221.2,7049023083
2015,Mass Transit,3/1/2015,March,2015,total_receipts,403559965.4,7049023083
2015,Mass Transit,4/1/2015,April,2015,total_receipts,445034141.3,7049023083
2015,Mass Transit,5/1/2015,May,2015,total_receipts,338200275.1,7049023083
2015,Mass Transit,6/1/2015,June,2015,total_receipts,411911876.2,7049023083
2015,Mass Transit,7/1/2015,July,2015,total_receipts,435254765.1,7049023083
2015,Mass Transit,8/1/2015,August,2015,total_receipts,2376018432,7049023083
2015,Mass Transit,9/1/2015,September,2015,total_receipts,735924715.5,7049023083
2015,Mass Transit,10/1/2014,October,2014,transfer_to_highway,0,28694799
2015,Mass Transit,11/1/2014,November,2014,transfer_to_highway,0,28694799
2015,Mass Transit,12/1/2014,December,2014,transfer_to_highway,6300604,28694799
2015,Mass Transit,1/1/2015,January,2015,transfer_to_highway,0,28694799
2015,Mass Transit,2/1/2015,February,2015,transfer_to_highway,426284,28694799
2015,Mass Transit,3/1/2015,March,2015,transfer_to_highway,14105643,28694799
2015,Mass Transit,4/1/2015,April,2015,transfer_to_highway,2855542,28694799
2015,Mass Transit,5/1/2015,May,2015,transfer_to_highway,540831,28694799
2015,Mass Transit,6/1/2015,June,2015,transfer_to_highway,3927518,28694799
2015,Mass Transit,7/1/2015,July,2015,transfer_to_highway,0,28694799
2015,Mass Transit,8/1/2015,August,2015,transfer_to_highway,538377,28694799
2015,Mass Transit,9/1/2015,September,2015,transfer_to_highway,0,28694799
2015,Mass Transit,10/1/2014,October,2014,transfer_from_highway,161211000,1246211000
2015,Mass Transit,11/1/2014,November,2014,transfer_from_highway,0,1246211000
2015,Mass Transit,12/1/2014,December,2014,transfer_from_highway,60000000,1246211000
2015,Mass Transit,1/1/2015,January,2015,transfer_from_highway,370000000,1246211000
2015,Mass Transit,2/1/2015,February,2015,transfer_from_highway,0,1246211000
2015,Mass Transit,3/1/2015,March,2015,transfer_from_highway,275000000,1246211000
2015,Mass Transit,4/1/2015,April,2015,transfer_from_highway,0,1246211000
2015,Mass Transit,5/1/2015,May,2015,transfer_from_highway,0,1246211000
2015,Mass Transit,6/1/2015,June,2015,transfer_from_highway,0,1246211000
2015,Mass Transit,7/1/2015,July,2015,transfer_from_highway,280000000,1246211000
2015,Mass Transit,8/1/2015,August,2015,transfer_from_highway,0,1246211000
2015,Mass Transit,9/1/2015,September,2015,transfer_from_highway,100000000,1246211000
2015,Mass Transit,10/1/2014,October,2014,outlay_htf,716412397.3,8867985448
2015,Mass Transit,11/1/2014,November,2014,outlay_htf,506533094.6,8867985448
2015,Mass Transit,12/1/2014,December,2014,outlay_htf,696457728.1,8867985448
2015,Mass Transit,1/1/2015,January,2015,outlay_htf,576236385.1,8867985448
2015,Mass Transit,2/1/2015,February,2015,outlay_htf,529448008.5,8867985448
2015,Mass Transit,3/1/2015,March,2015,outlay_htf,918003500.3,8867985448
2015,Mass Transit,4/1/2015,April,2015,outlay_htf,655104964.5,8867985448
2015,Mass Transit,5/1/2015,May,2015,outlay_htf,597700247.6,8867985448
2015,Mass Transit,6/1/2015,June,2015,outlay_htf,823098790.9,8867985448
2015,Mass Transit,7/1/2015,July,2015,outlay_htf,844707065.6,8867985448
2015,Mass Transit,8/1/2015,August,2015,outlay_htf,834270646.8,8867985448
2015,Mass Transit,9/1/2015,September,2015,outlay_htf,1170012619,8867985448
2015,Mass Transit,10/1/2014,October,2014,closing_balance,3016083728,2869390996
2015,Mass Transit,11/1/2014,November,2014,closing_balance,3016681861,2869390996
2015,Mass Transit,12/1/2014,December,2014,closing_balance,2790649795,2869390996
2015,Mass Transit,1/1/2015,January,2015,closing_balance,3016632642,2869390996
2015,Mass Transit,2/1/2015,February,2015,closing_balance,2933352571,2869390996
2015,Mass Transit,3/1/2015,March,2015,closing_balance,2679803393,2869390996
2015,Mass Transit,4/1/2015,April,2015,closing_balance,2466877027,2869390996
2015,Mass Transit,5/1/2015,May,2015,closing_balance,2206836224,2869390996
2015,Mass Transit,6/1/2015,June,2015,closing_balance,1791721791,2869390996
2015,Mass Transit,7/1/2015,July,2015,closing_balance,1662269491,2869390996
2015,Mass Transit,8/1/2015,August,2015,closing_balance,3203478899,2869390996
2015,Mass Transit,9/1/2015,September,2015,closing_balance,2869390996,2869390996
2014,Highway,10/1/2013,October,2013,opening_balance,3771061477,3771061477
2014,Highway,11/1/2013,November,2013,opening_balance,9712011560,3771061477
2014,Highway,12/1/2013,December,2013,opening_balance,9219709250,3771061477
2014,Highway,1/1/2014,January,2014,opening_balance,8307284580,3771061477
2014,Highway,2/1/2014,February,2014,opening_balance,8255369699,3771061477
2014,Highway,3/1/2014,March,2014,opening_balance,8589757986,3771061477
2014,Highway,4/1/2014,April,2014,opening_balance,8698744408,3771061477
2014,Highway,5/1/2014,May,2014,opening_balance,8119224952,3771061477
2014,Highway,6/1/2014,June,2014,opening_balance,8140402561,3771061477
2014,Highway,7/1/2014,July,2014,opening_balance,5956247313,3771061477
2014,Highway,8/1/2014,August,2014,opening_balance,3932854657,3771061477
2014,Highway,9/1/2014,September,2014,opening_balance,11376600312,3771061477
2014,Highway,10/1/2013,October,2013,net_tax_receipts,498616000,34066103936
2014,Highway,11/1/2013,November,2013,net_tax_receipts,3350035000,34066103936
2014,Highway,12/1/2013,December,2013,net_tax_receipts,2731151000,34066103936
2014,Highway,1/1/2014,January,2014,net_tax_receipts,2577803000,34066103936
2014,Highway,2/1/2014,February,2014,net_tax_receipts,2744525000,34066103936
2014,Highway,3/1/2014,March,2014,net_tax_receipts,3025718709,34066103936
2014,Highway,4/1/2014,April,2014,net_tax_receipts,2653410000,34066103936
2014,Highway,5/1/2014,May,2014,net_tax_receipts,2929741000,34066103936
2014,Highway,6/1/2014,June,2014,net_tax_receipts,2442704041,34066103936
2014,Highway,7/1/2014,July,2014,net_tax_receipts,2840498000,34066103936
2014,Highway,8/1/2014,August,2014,net_tax_receipts,3174475000,34066103936
2014,Highway,9/1/2014,September,2014,net_tax_receipts,5097427186,34066103936
2014,Highway,10/1/2013,October,2013,interest_income,798357.77,2598432.71
2014,Highway,11/1/2013,November,2013,interest_income,275937.44,2598432.71
2014,Highway,12/1/2013,December,2013,interest_income,136714.97,2598432.71
2014,Highway,1/1/2014,January,2014,interest_income,77372.62,2598432.71
2014,Highway,2/1/2014,February,2014,interest_income,216371.17,2598432.71
2014,Highway,3/1/2014,March,2014,interest_income,296475.44,2598432.71
2014,Highway,4/1/2014,April,2014,interest_income,135525.78,2598432.71
2014,Highway,5/1/2014,May,2014,interest_income,150817.07,2598432.71
2014,Highway,6/1/2014,June,2014,interest_income,132554.66,2598432.71
2014,Highway,7/1/2014,July,2014,interest_income,77746.67,2598432.71
2014,Highway,8/1/2014,August,2014,interest_income,109859.49,2598432.71
2014,Highway,9/1/2014,September,2014,interest_income,190699.63,2598432.71
2014,Highway,10/1/2013,October,2013,other_receipts,1,2405343.38
2014,Highway,11/1/2013,November,2013,other_receipts,9652551018,2405343.38
2014,Highway,12/1/2013,December,2013,other_receipts,1251202.85,2405343.38
2014,Highway,1/1/2014,January,2014,other_receipts,1192555.02,2405343.38
2014,Highway,2/1/2014,February,2014,other_receipts,1474510.9,2405343.38
2014,Highway,3/1/2014,March,2014,other_receipts,1168009.86,2405343.38
2014,Highway,4/1/2014,April,2014,other_receipts,1464630.48,2405343.38
2014,Highway,5/1/2014,May,2014,other_receipts,1664107.8,2405343.38
2014,Highway,6/1/2014,June,2014,other_receipts,1182275.63,2405343.38
2014,Highway,7/1/2014,July,2014,other_receipts,2287143.53,2405343.38
2014,Highway,8/1/2014,August,2014,other_receipts,1630551.53,2405343.38
2014,Highway,9/1/2014,September,2014,other_receipts,8766532349,2405343.38
2014,Highway,10/1/2013,October,2013,total_receipts,10151965376,52503506067
2014,Highway,11/1/2013,November,2013,total_receipts,3351562140,52503506067
2014,Highway,12/1/2013,December,2013,total_receipts,2732480270,52503506067
2014,Highway,1/1/2014,January,2014,total_receipts,2579354884,52503506067
2014,Highway,2/1/2014,February,2014,total_receipts,2745909381,52503506067
2014,Highway,3/1/2014,March,2014,total_receipts,3027479815,52503506067
2014,Highway,4/1/2014,April,2014,total_receipts,2655209634,52503506067
2014,Highway,5/1/2014,May,2014,total_receipts,2931074093,52503506067
2014,Highway,6/1/2014,June,2014,total_receipts,2445123739,52503506067
2014,Highway,7/1/2014,July,2014,total_receipts,2842206298,52503506067
2014,Highway,8/1/2014,August,2014,total_receipts,11941117209,52503506067
2014,Highway,9/1/2014,September,2014,total_receipts,5100023229,52503506067
2014,Highway,10/1/2013,October,2013,transfer_to_mass_transit,0,1159000000
2014,Highway,11/1/2013,November,2013,transfer_to_mass_transit,195000000,1159000000
2014,Highway,12/1/2013,December,2013,transfer_to_mass_transit,0,1159000000
2014,Highway,1/1/2014,January,2014,transfer_to_mass_transit,120000000,1159000000
2014,Highway,2/1/2014,February,2014,transfer_to_mass_transit,120000000,1159000000
2014,Highway,3/1/2014,March,2014,transfer_to_mass_transit,120000000,1159000000
2014,Highway,4/1/2014,April,2014,transfer_to_mass_transit,60000000,1159000000
2014,Highway,5/1/2014,May,2014,transfer_to_mass_transit,122000000,1159000000
2014,Highway,6/1/2014,June,2014,transfer_to_mass_transit,155000000,1159000000
2014,Highway,7/1/2014,July,2014,transfer_to_mass_transit,267000000,1159000000
2014,Highway,8/1/2014,August,2014,transfer_to_mass_transit,0,1159000000
2014,Highway,9/1/2014,September,2014,transfer_to_mass_transit,0,1159000000
2014,Highway,10/1/2013,October,2013,transfer_from_mass_transit,0,51148355
2014,Highway,11/1/2013,November,2013,transfer_from_mass_transit,2802222,51148355
2014,Highway,12/1/2013,December,2013,transfer_from_mass_transit,11249141,51148355
2014,Highway,1/1/2014,January,2014,transfer_from_mass_transit,1052791,51148355
2014,Highway,2/1/2014,February,2014,transfer_from_mass_transit,0,51148355
2014,Highway,3/1/2014,March,2014,transfer_from_mass_transit,7083360,51148355
2014,Highway,4/1/2014,April,2014,transfer_from_mass_transit,17949804,51148355
2014,Highway,5/1/2014,May,2014,transfer_from_mass_transit,8012256,51148355
2014,Highway,6/1/2014,June,2014,transfer_from_mass_transit,540831,51148355
2014,Highway,7/1/2014,July,2014,transfer_from_mass_transit,667965,51148355
2014,Highway,8/1/2014,August,2014,transfer_from_mass_transit,1789985,51148355
2014,Highway,9/1/2014,September,2014,transfer_from_mass_transit,0,51148355
2014,Highway,10/1/2013,October,2013,outlay_htf,4211015293,43791139004
2014,Highway,11/1/2013,November,2013,outlay_htf,3651666672,43791139004
2014,Highway,12/1/2013,December,2013,outlay_htf,3656154081,43791139004
2014,Highway,1/1/2014,January,2014,outlay_htf,2512322556,43791139004
2014,Highway,2/1/2014,February,2014,outlay_htf,2291521094,43791139004
2014,Highway,3/1/2014,March,2014,outlay_htf,2805576753,43791139004
2014,Highway,4/1/2014,April,2014,outlay_htf,3192678894,43791139004
2014,Highway,5/1/2014,May,2014,outlay_htf,2795908740,43791139004
2014,Highway,6/1/2014,June,2014,outlay_htf,4474819818,43791139004
2014,Highway,7/1/2014,July,2014,outlay_htf,4599266919,43791139004
2014,Highway,8/1/2014,August,2014,outlay_htf,4499161539,43791139004
2014,Highway,9/1/2014,September,2014,outlay_htf,5101046646,43791139004
2014,Highway,10/1/2013,October,2013,closing_balance,9712011560,11375576895
2014,Highway,11/1/2013,November,2013,closing_balance,9219709250,11375576895
2014,Highway,12/1/2013,December,2013,closing_balance,8307284580,11375576895
2014,Highway,1/1/2014,January,2014,closing_balance,8255369699,11375576895
2014,Highway,2/1/2014,February,2014,closing_balance,8589757986,11375576895
2014,Highway,3/1/2014,March,2014,closing_balance,8698744408,11375576895
2014,Highway,4/1/2014,April,2014,closing_balance,8119224952,11375576895
2014,Highway,5/1/2014,May,2014,closing_balance,8140402561,11375576895
2014,Highway,6/1/2014,June,2014,closing_balance,5956247313,11375576895
2014,Highway,7/1/2014,July,2014,closing_balance,3932854657,11375576895
2014,Highway,8/1/2014,August,2014,closing_balance,11376600312,11375576895
2014,Highway,9/1/2014,September,2014,closing_balance,11375576895,11375576895
2014,Mass Transit,10/1/2013,October,2013,opening_balance,2492074635,2492074635
2014,Mass Transit,11/1/2013,November,2013,opening_balance,3874228031,2492074635
2014,Mass Transit,12/1/2013,December,2013,opening_balance,3857056248,2492074635
2014,Mass Transit,1/1/2014,January,2014,opening_balance,3461036254,2492074635
2014,Mass Transit,2/1/2014,February,2014,opening_balance,3287212145,2492074635
2014,Mass Transit,3/1/2014,March,2014,opening_balance,3230859806,2492074635
2014,Mass Transit,4/1/2014,April,2014,opening_balance,3261854440,2492074635
2014,Mass Transit,5/1/2014,May,2014,opening_balance,3164821392,2492074635
2014,Mass Transit,6/1/2014,June,2014,opening_balance,2848262449,2492074635
2014,Mass Transit,7/1/2014,July,2014,opening_balance,2323677319,2492074635
2014,Mass Transit,8/1/2014,August,2014,opening_balance,2325156470,2492074635
2014,Mass Transit,9/1/2014,September,2014,opening_balance,3793091244,2492074635
2014,Mass Transit,10/1/2013,October,2013,net_tax_receipts,68320000,4964520903
2014,Mass Transit,11/1/2013,November,2013,net_tax_receipts,500642000,4964520903
2014,Mass Transit,12/1/2013,December,2013,net_tax_receipts,408314000,4964520903
2014,Mass Transit,1/1/2014,January,2014,net_tax_receipts,385391000,4964520903
2014,Mass Transit,2/1/2014,February,2014,net_tax_receipts,416226000,4964520903
2014,Mass Transit,3/1/2014,March,2014,net_tax_receipts,466354477.2,4964520903
2014,Mass Transit,4/1/2014,April,2014,net_tax_receipts,402353000,4964520903
2014,Mass Transit,5/1/2014,May,2014,net_tax_receipts,439607000,4964520903
2014,Mass Transit,6/1/2014,June,2014,net_tax_receipts,359047641.3,4964520903
2014,Mass Transit,7/1/2014,July,2014,net_tax_receipts,426183000,4964520903
2014,Mass Transit,8/1/2014,August,2014,net_tax_receipts,436359000,4964520903
2014,Mass Transit,9/1/2014,September,2014,net_tax_receipts,655723784.1,4964520903
2014,Mass Transit,10/1/2013,October,2013,interest_income,358349.81,1069443.97
2014,Mass Transit,11/1/2013,November,2013,interest_income,122306.43,1069443.97
2014,Mass Transit,12/1/2013,December,2013,interest_income,65990.52,1069443.97
2014,Mass Transit,1/1/2014,January,2014,interest_income,31310.84,1069443.97
2014,Mass Transit,2/1/2014,February,2014,interest_income,87194.3,1069443.97
2014,Mass Transit,3/1/2014,March,2014,interest_income,120881.18,1069443.97
2014,Mass Transit,4/1/2014,April,2014,interest_income,52121.52,1069443.97
2014,Mass Transit,5/1/2014,May,2014,interest_income,54823.28,1069443.97
2014,Mass Transit,6/1/2014,June,2014,interest_income,55394.32,1069443.97
2014,Mass Transit,7/1/2014,July,2014,interest_income,36046.52,1069443.97
2014,Mass Transit,8/1/2014,August,2014,interest_income,50837.91,1069443.97
2014,Mass Transit,9/1/2014,September,2014,interest_income,34187.34,1069443.97
2014,Mass Transit,10/1/2013,October,2013,total_receipts,2110278350,9007190347
2014,Mass Transit,11/1/2013,November,2013,total_receipts,500764306.4,9007190347
2014,Mass Transit,12/1/2013,December,2013,total_receipts,408379990.5,9007190347
2014,Mass Transit,1/1/2014,January,2014,total_receipts,385422310.8,9007190347
2014,Mass Transit,2/1/2014,February,2014,total_receipts,416313194.3,9007190347
2014,Mass Transit,3/1/2014,March,2014,total_receipts,466475358.4,9007190347
2014,Mass Transit,4/1/2014,April,2014,total_receipts,402405121.5,9007190347
2014,Mass Transit,5/1/2014,May,2014,total_receipts,439661823.3,9007190347
2014,Mass Transit,6/1/2014,June,2014,total_receipts,359103035.6,9007190347
2014,Mass Transit,7/1/2014,July,2014,total_receipts,426219046.5,9007190347
2014,Mass Transit,8/1/2014,August,2014,total_receipts,2436409838,9007190347
2014,Mass Transit,9/1/2014,September,2014,total_receipts,655757971.5,9007190347
2014,Mass Transit,10/1/2013,October,2013,transfer_to_highway,0,51148355
2014,Mass Transit,11/1/2013,November,2013,transfer_to_highway,2802222,51148355
2014,Mass Transit,12/1/2013,December,2013,transfer_to_highway,11249141,51148355
2014,Mass Transit,1/1/2014,January,2014,transfer_to_highway,1052791,51148355
2014,Mass Transit,2/1/2014,February,2014,transfer_to_highway,0,51148355
2014,Mass Transit,3/1/2014,March,2014,transfer_to_highway,7083360,51148355
2014,Mass Transit,4/1/2014,April,2014,transfer_to_highway,17949804,51148355
2014,Mass Transit,5/1/2014,May,2014,transfer_to_highway,8012256,51148355
2014,Mass Transit,6/1/2014,June,2014,transfer_to_highway,540831,51148355
2014,Mass Transit,7/1/2014,July,2014,transfer_to_highway,667965,51148355
2014,Mass Transit,8/1/2014,August,2014,transfer_to_highway,1789985,51148355
2014,Mass Transit,9/1/2014,September,2014,transfer_to_highway,0,51148355
2014,Mass Transit,10/1/2013,October,2013,transfer_from_highway,0,1159000000
2014,Mass Transit,11/1/2013,November,2013,transfer_from_highway,195000000,1159000000
2014,Mass Transit,12/1/2013,December,2013,transfer_from_highway,0,1159000000
2014,Mass Transit,1/1/2014,January,2014,transfer_from_highway,120000000,1159000000
2014,Mass Transit,2/1/2014,February,2014,transfer_from_highway,120000000,1159000000
2014,Mass Transit,3/1/2014,March,2014,transfer_from_highway,120000000,1159000000
2014,Mass Transit,4/1/2014,April,2014,transfer_from_highway,60000000,1159000000
2014,Mass Transit,5/1/2014,May,2014,transfer_from_highway,122000000,1159000000
2014,Mass Transit,6/1/2014,June,2014,transfer_from_highway,155000000,1159000000
2014,Mass Transit,7/1/2014,July,2014,transfer_from_highway,267000000,1159000000
2014,Mass Transit,8/1/2014,August,2014,transfer_from_highway,0,1159000000
2014,Mass Transit,9/1/2014,September,2014,transfer_from_highway,0,1159000000
2014,Mass Transit,10/1/2013,October,2013,outlay_htf,728124953.9,9136279466
2014,Mass Transit,11/1/2013,November,2013,outlay_htf,710133867.3,9136279466
2014,Mass Transit,12/1/2013,December,2013,outlay_htf,793150842.9,9136279466
2014,Mass Transit,1/1/2014,January,2014,outlay_htf,678193629.1,9136279466
2014,Mass Transit,2/1/2014,February,2014,outlay_htf,592665533.9,9136279466
2014,Mass Transit,3/1/2014,March,2014,outlay_htf,548397364.2,9136279466
2014,Mass Transit,4/1/2014,April,2014,outlay_htf,541488365.6,9136279466
2014,Mass Transit,5/1/2014,May,2014,outlay_htf,870208510.4,9136279466
2014,Mass Transit,6/1/2014,June,2014,outlay_htf,1038147334,9136279466
2014,Mass Transit,7/1/2014,July,2014,outlay_htf,691071931,9136279466
2014,Mass Transit,8/1/2014,August,2014,outlay_htf,966685078.3,9136279466
2014,Mass Transit,9/1/2014,September,2014,outlay_htf,978012055.9,9136279466
2014,Mass Transit,10/1/2013,October,2013,closing_balance,3874228031,3470837160
2014,Mass Transit,11/1/2013,November,2013,closing_balance,3857056248,3470837160
2014,Mass Transit,12/1/2013,December,2013,closing_balance,3461036254,3470837160
2014,Mass Transit,1/1/2014,January,2014,closing_balance,3287212145,3470837160
2014,Mass Transit,2/1/2014,February,2014,closing_balance,3230859806,3470837160
2014,Mass Transit,3/1/2014,March,2014,closing_balance,3261854440,3470837160
2014,Mass Transit,4/1/2014,April,2014,closing_balance,3164821392,3470837160
2014,Mass Transit,5/1/2014,May,2014,closing_balance,2848262449,3470837160
2014,Mass Transit,6/1/2014,June,2014,closing_balance,2323677319,3470837160
2014,Mass Transit,7/1/2014,July,2014,closing_balance,2325156470,3470837160
2014,Mass Transit,8/1/2014,August,2014,closing_balance,3793091244,3470837160
2014,Mass Transit,9/1/2014,September,2014,closing_balance,3470837160,3470837160
2013,Highway,10/1/2012,October,2012,opening_balance,9730745098,9730745098
2013,Highway,11/1/2012,November,2012,opening_balance,5697093037,9730745098
2013,Highway,12/1/2012,December,2012,opening_balance,12078908265,9730745098
2013,Highway,1/1/2013,January,2013,opening_balance,11665786520,9730745098
2013,Highway,2/1/2013,February,2013,opening_balance,12019585033,9730745098
2013,Highway,3/1/2013,March,2013,opening_balance,11986626470,9730745098
2013,Highway,4/1/2013,April,2013,opening_balance,11585551627,9730745098
2013,Highway,5/1/2013,May,2013,opening_balance,11846532728,9730745098
2013,Highway,6/1/2013,June,2013,opening_balance,11378153712,9730745098
2013,Highway,7/1/2013,July,2013,opening_balance,8681939894,9730745098
2013,Highway,8/1/2013,August,2013,opening_balance,7170810753,9730745098
2013,Highway,9/1/2013,September,2013,opening_balance,4574335967,9730745098
2013,Highway,10/1/2012,October,2012,net_tax_receipts,382874000,31800259125
2013,Highway,11/1/2012,November,2012,net_tax_receipts,3565234000,31800259125
2013,Highway,12/1/2012,December,2012,net_tax_receipts,3097764000,31800259125
2013,Highway,1/1/2013,January,2013,net_tax_receipts,2875972000,31800259125
2013,Highway,2/1/2013,February,2013,net_tax_receipts,2743611000,31800259125
2013,Highway,3/1/2013,March,2013,net_tax_receipts,2019776111,31800259125
2013,Highway,4/1/2013,April,2013,net_tax_receipts,2748349000,31800259125
2013,Highway,5/1/2013,May,2013,net_tax_receipts,2773589000,31800259125
2013,Highway,6/1/2013,June,2013,net_tax_receipts,1323143270,31800259125
2013,Highway,7/1/2013,July,2013,net_tax_receipts,2635619000,31800259125
2013,Highway,8/1/2013,August,2013,net_tax_receipts,2976299000,31800259125
2013,Highway,9/1/2013,September,2013,net_tax_receipts,4658028744,31800259125
2013,Highway,10/1/2012,October,2012,interest_income,535445.57,4639241.22
2013,Highway,11/1/2012,November,2012,interest_income,784026.54,4639241.22
2013,Highway,12/1/2012,December,2012,interest_income,453007.17,4639241.22
2013,Highway,1/1/2013,January,2013,interest_income,425146.95,4639241.22
2013,Highway,2/1/2013,February,2013,interest_income,578044.44,4639241.22
2013,Highway,3/1/2013,March,2013,interest_income,654483.34,4639241.22
2013,Highway,4/1/2013,April,2013,interest_income,441891.85,4639241.22
2013,Highway,5/1/2013,May,2013,interest_income,180726.25,4639241.22
2013,Highway,6/1/2013,June,2013,interest_income,246864.64,4639241.22
2013,Highway,7/1/2013,July,2013,interest_income,118119.51,4639241.22
2013,Highway,8/1/2013,August,2013,interest_income,134102.42,4639241.22
2013,Highway,9/1/2013,September,2013,interest_income,87382.54,4639241.22
2013,Highway,10/1/2012,October,2012,other_receipts,1,-1859915.65
2013,Highway,11/1/2012,November,2012,other_receipts,1859597.05,-1859915.65
2013,Highway,12/1/2012,December,2012,other_receipts,6201229445,-1859915.65
2013,Highway,1/1/2013,January,2013,other_receipts,1701771.28,-1859915.65
2013,Highway,2/1/2013,February,2013,other_receipts,1495896.27,-1859915.65
2013,Highway,3/1/2013,March,2013,other_receipts,1179907.68,-1859915.65
2013,Highway,4/1/2013,April,2013,other_receipts,2174136.58,-1859915.65
2013,Highway,5/1/2013,May,2013,other_receipts,1443461.49,-1859915.65
2013,Highway,6/1/2013,June,2013,other_receipts,1620831.33,-1859915.65
2013,Highway,7/1/2013,July,2013,other_receipts,1958826.96,-1859915.65
2013,Highway,8/1/2013,August,2013,other_receipts,1362680.42,-1859915.65
2013,Highway,9/1/2013,September,2013,other_receipts,-314912359.8,-1859915.65
2013,Highway,10/1/2012,October,2012,total_receipts,385269042.6,37704152645
2013,Highway,11/1/2012,November,2012,total_receipts,9767247472,37704152645
2013,Highway,12/1/2012,December,2012,total_receipts,3099918778,37704152645
2013,Highway,1/1/2013,January,2013,total_receipts,2877893043,37704152645
2013,Highway,2/1/2013,February,2013,total_receipts,2745368952,37704152645
2013,Highway,3/1/2013,March,2013,total_receipts,2022604731,37704152645
2013,Highway,4/1/2013,April,2013,total_receipts,2750234353,37704152645
2013,Highway,5/1/2013,May,2013,total_receipts,2775390558,37704152645
2013,Highway,6/1/2013,June,2013,total_receipts,1325348961,37704152645
2013,Highway,7/1/2013,July,2013,total_receipts,2637099800,37704152645
2013,Highway,8/1/2013,August,2013,total_receipts,2661520743,37704152645
2013,Highway,9/1/2013,September,2013,total_receipts,4656256211,37704152645
2013,Highway,10/1/2012,October,2012,transfer_to_mass_transit,0,796114863.8
2013,Highway,11/1/2012,November,2012,transfer_to_mass_transit,0,796114863.8
2013,Highway,12/1/2012,December,2012,transfer_to_mass_transit,40114863.79,796114863.8
2013,Highway,1/1/2013,January,2013,transfer_to_mass_transit,0,796114863.8
2013,Highway,2/1/2013,February,2013,transfer_to_mass_transit,253000000,796114863.8
2013,Highway,3/1/2013,March,2013,transfer_to_mass_transit,0,796114863.8
2013,Highway,4/1/2013,April,2013,transfer_to_mass_transit,0,796114863.8
2013,Highway,5/1/2013,May,2013,transfer_to_mass_transit,0,796114863.8
2013,Highway,6/1/2013,June,2013,transfer_to_mass_transit,0,796114863.8
2013,Highway,7/1/2013,July,2013,transfer_to_mass_transit,0,796114863.8
2013,Highway,8/1/2013,August,2013,transfer_to_mass_transit,220000000,796114863.8
2013,Highway,9/1/2013,September,2013,transfer_to_mass_transit,283000000,796114863.8
2013,Highway,10/1/2012,October,2012,transfer_from_mass_transit,0,49500738
2013,Highway,11/1/2012,November,2012,transfer_from_mass_transit,3104198,49500738
2013,Highway,12/1/2012,December,2012,transfer_from_mass_transit,1427098,49500738
2013,Highway,1/1/2013,January,2013,transfer_from_mass_transit,201170,49500738
2013,Highway,2/1/2013,February,2013,transfer_from_mass_transit,2006627,49500738
2013,Highway,3/1/2013,March,2013,transfer_from_mass_transit,5873959,49500738
2013,Highway,4/1/2013,April,2013,transfer_from_mass_transit,11038500,49500738
2013,Highway,5/1/2013,May,2013,transfer_from_mass_transit,3389533,49500738
2013,Highway,6/1/2013,June,2013,transfer_from_mass_transit,10469441,49500738
2013,Highway,7/1/2013,July,2013,transfer_from_mass_transit,11419871,49500738
2013,Highway,8/1/2013,August,2013,transfer_from_mass_transit,570341,49500738
2013,Highway,9/1/2013,September,2013,transfer_from_mass_transit,0,49500738
2013,Highway,10/1/2012,October,2012,outlay_htf,4418921103,42917222140
2013,Highway,11/1/2012,November,2012,outlay_htf,3388536442,42917222140
2013,Highway,12/1/2012,December,2012,outlay_htf,3474352757,42917222140
2013,Highway,1/1/2013,January,2013,outlay_htf,2524295700,42917222140
2013,Highway,2/1/2013,February,2013,outlay_htf,2527334142,42917222140
2013,Highway,3/1/2013,March,2013,outlay_htf,2429553533,42917222140
2013,Highway,4/1/2013,April,2013,outlay_htf,2500291753,42917222140
2013,Highway,5/1/2013,May,2013,outlay_htf,3247159106,42917222140
2013,Highway,6/1/2013,June,2013,outlay_htf,4032032220,42917222140
2013,Highway,7/1/2013,July,2013,outlay_htf,4159648812,42917222140
2013,Highway,8/1/2013,August,2013,outlay_htf,5038565869,42917222140
2013,Highway,9/1/2013,September,2013,outlay_htf,5176530701,42917222140
2013,Highway,10/1/2012,October,2012,closing_balance,5697093037,3771061477
2013,Highway,11/1/2012,November,2012,closing_balance,12078908265,3771061477
2013,Highway,12/1/2012,December,2012,closing_balance,11665786520,3771061477
2013,Highway,1/1/2013,January,2013,closing_balance,12019585033,3771061477
2013,Highway,2/1/2013,February,2013,closing_balance,11986626470,3771061477
2013,Highway,3/1/2013,March,2013,closing_balance,11585551627,3771061477
2013,Highway,4/1/2013,April,2013,closing_balance,11846532728,3771061477
2013,Highway,5/1/2013,May,2013,closing_balance,11378153712,3771061477
2013,Highway,6/1/2013,June,2013,closing_balance,8681939894,3771061477
2013,Highway,7/1/2013,July,2013,closing_balance,7170810753,3771061477
2013,Highway,8/1/2013,August,2013,closing_balance,4574335967,3771061477
2013,Highway,9/1/2013,September,2013,closing_balance,3771061477,3771061477
2013,Mass Transit,10/1/2012,October,2012,opening_balance,5194284212,5194284212
2013,Mass Transit,11/1/2012,November,2012,opening_balance,4714382062,5194284212
2013,Mass Transit,12/1/2012,December,2012,opening_balance,4632626728,5194284212
2013,Mass Transit,1/1/2013,January,2013,opening_balance,4309031155,5194284212
2013,Mass Transit,2/1/2013,February,2013,opening_balance,4170532796,5194284212
2013,Mass Transit,3/1/2013,March,2013,opening_balance,4315007569,5194284212
2013,Mass Transit,4/1/2013,April,2013,opening_balance,3985657047,5194284212
2013,Mass Transit,5/1/2013,May,2013,opening_balance,3683549573,5194284212
2013,Mass Transit,6/1/2013,June,2013,opening_balance,3504179512,5194284212
2013,Mass Transit,7/1/2013,July,2013,opening_balance,3065394648,5194284212
2013,Mass Transit,8/1/2013,August,2013,opening_balance,2671218684,5194284212
2013,Mass Transit,9/1/2013,September,2013,opening_balance,2641770037,5194284212
2013,Mass Transit,10/1/2012,October,2012,net_tax_receipts,53516000,4647546164
2013,Mass Transit,11/1/2012,November,2012,net_tax_receipts,529937000,4647546164
2013,Mass Transit,12/1/2012,December,2012,net_tax_receipts,460551000,4647546164
2013,Mass Transit,1/1/2013,January,2013,net_tax_receipts,427590000,4647546164
2013,Mass Transit,2/1/2013,February,2013,net_tax_receipts,410984000,4647546164
2013,Mass Transit,3/1/2013,March,2013,net_tax_receipts,283978158.2,4647546164
2013,Mass Transit,4/1/2013,April,2013,net_tax_receipts,411624000,4647546164
2013,Mass Transit,5/1/2013,May,2013,net_tax_receipts,414611000,4647546164
2013,Mass Transit,6/1/2013,June,2013,net_tax_receipts,205429325.1,4647546164
2013,Mass Transit,7/1/2013,July,2013,net_tax_receipts,393962000,4647546164
2013,Mass Transit,8/1/2013,August,2013,net_tax_receipts,406131000,4647546164
2013,Mass Transit,9/1/2013,September,2013,net_tax_receipts,649232680.5,4647546164
2013,Mass Transit,10/1/2012,October,2012,interest_income,364452.82,1813304.75
2013,Mass Transit,11/1/2012,November,2012,interest_income,384803.81,1813304.75
2013,Mass Transit,12/1/2012,December,2012,interest_income,153017.79,1813304.75
2013,Mass Transit,1/1/2013,January,2013,interest_income,145291.32,1813304.75
2013,Mass Transit,2/1/2013,February,2013,interest_income,175359.99,1813304.75
2013,Mass Transit,3/1/2013,March,2013,interest_income,196431.03,1813304.75
2013,Mass Transit,4/1/2013,April,2013,interest_income,127048.71,1813304.75
2013,Mass Transit,5/1/2013,May,2013,interest_income,52724.05,1813304.75
2013,Mass Transit,6/1/2013,June,2013,interest_income,74702.68,1813304.75
2013,Mass Transit,7/1/2013,July,2013,interest_income,43035.55,1813304.75
2013,Mass Transit,8/1/2013,August,2013,interest_income,66291.32,1813304.75
2013,Mass Transit,9/1/2013,September,2013,interest_income,30145.68,1813304.75
2013,Mass Transit,10/1/2012,October,2012,total_receipts,53880452.82,4649359469
2013,Mass Transit,11/1/2012,November,2012,total_receipts,530321803.8,4649359469
2013,Mass Transit,12/1/2012,December,2012,total_receipts,460704017.8,4649359469
2013,Mass Transit,1/1/2013,January,2013,total_receipts,427735291.3,4649359469
2013,Mass Transit,2/1/2013,February,2013,total_receipts,411159360,4649359469
2013,Mass Transit,3/1/2013,March,2013,total_receipts,284174589.3,4649359469
2013,Mass Transit,4/1/2013,April,2013,total_receipts,411751048.7,4649359469
2013,Mass Transit,5/1/2013,May,2013,total_receipts,414663724.1,4649359469
2013,Mass Transit,6/1/2013,June,2013,total_receipts,205504027.7,4649359469
2013,Mass Transit,7/1/2013,July,2013,total_receipts,394005035.6,4649359469
2013,Mass Transit,8/1/2013,August,2013,total_receipts,406197291.3,4649359469
2013,Mass Transit,9/1/2013,September,2013,total_receipts,649262826.2,4649359469
2013,Mass Transit,10/1/2012,October,2012,transfer_to_highway,0,49500738
2013,Mass Transit,11/1/2012,November,2012,transfer_to_highway,3104198,49500738
2013,Mass Transit,12/1/2012,December,2012,transfer_to_highway,1427098,49500738
2013,Mass Transit,1/1/2013,January,2013,transfer_to_highway,201170,49500738
2013,Mass Transit,2/1/2013,February,2013,transfer_to_highway,2006627,49500738
2013,Mass Transit,3/1/2013,March,2013,transfer_to_highway,5873959,49500738
2013,Mass Transit,4/1/2013,April,2013,transfer_to_highway,11038500,49500738
2013,Mass Transit,5/1/2013,May,2013,transfer_to_highway,3389533,49500738
2013,Mass Transit,6/1/2013,June,2013,transfer_to_highway,10469441,49500738
2013,Mass Transit,7/1/2013,July,2013,transfer_to_highway,11419871,49500738
2013,Mass Transit,8/1/2013,August,2013,transfer_to_highway,570341,49500738
2013,Mass Transit,9/1/2013,September,2013,transfer_to_highway,0,49500738
2013,Mass Transit,10/1/2012,October,2012,transfer_from_highway,0,796114863.8
2013,Mass Transit,11/1/2012,November,2012,transfer_from_highway,0,796114863.8
2013,Mass Transit,12/1/2012,December,2012,transfer_from_highway,40114863.79,796114863.8
2013,Mass Transit,1/1/2013,January,2013,transfer_from_highway,0,796114863.8
2013,Mass Transit,2/1/2013,February,2013,transfer_from_highway,253000000,796114863.8
2013,Mass Transit,3/1/2013,March,2013,transfer_from_highway,0,796114863.8
2013,Mass Transit,4/1/2013,April,2013,transfer_from_highway,0,796114863.8
2013,Mass Transit,5/1/2013,May,2013,transfer_from_highway,0,796114863.8
2013,Mass Transit,6/1/2013,June,2013,transfer_from_highway,0,796114863.8
2013,Mass Transit,7/1/2013,July,2013,transfer_from_highway,0,796114863.8
2013,Mass Transit,8/1/2013,August,2013,transfer_from_highway,220000000,796114863.8
2013,Mass Transit,9/1/2013,September,2013,transfer_from_highway,283000000,796114863.8
2013,Mass Transit,10/1/2012,October,2012,outlay_htf,533782602.3,8098183171
2013,Mass Transit,11/1/2012,November,2012,outlay_htf,608972940.2,8098183171
2013,Mass Transit,12/1/2012,December,2012,outlay_htf,822987356.8,8098183171
2013,Mass Transit,1/1/2013,January,2013,outlay_htf,566032479.8,8098183171
2013,Mass Transit,2/1/2013,February,2013,outlay_htf,517677960.3,8098183171
2013,Mass Transit,3/1/2013,March,2013,outlay_htf,607651152.4,8098183171
2013,Mass Transit,4/1/2013,April,2013,outlay_htf,702820022.1,8098183171
2013,Mass Transit,5/1/2013,May,2013,outlay_htf,590644252,8098183171
2013,Mass Transit,6/1/2013,June,2013,outlay_htf,633819450.8,8098183171
2013,Mass Transit,7/1/2013,July,2013,outlay_htf,776761128.9,8098183171
2013,Mass Transit,8/1/2013,August,2013,outlay_htf,655075597.2,8098183171
2013,Mass Transit,9/1/2013,September,2013,outlay_htf,1081958228,8098183171
2013,Mass Transit,10/1/2012,October,2012,closing_balance,4714382062,2492074635
2013,Mass Transit,11/1/2012,November,2012,closing_balance,4632626728,2492074635
2013,Mass Transit,12/1/2012,December,2012,closing_balance,4309031155,2492074635
2013,Mass Transit,1/1/2013,January,2013,closing_balance,4170532796,2492074635
2013,Mass Transit,2/1/2013,February,2013,closing_balance,4315007569,2492074635
2013,Mass Transit,3/1/2013,March,2013,closing_balance,3985657047,2492074635
2013,Mass Transit,4/1/2013,April,2013,closing_balance,3683549573,2492074635
2013,Mass Transit,5/1/2013,May,2013,closing_balance,3504179512,2492074635
2013,Mass Transit,6/1/2013,June,2013,closing_balance,3065394648,2492074635
2013,Mass Transit,7/1/2013,July,2013,closing_balance,2671218684,2492074635
2013,Mass Transit,8/1/2013,August,2013,closing_balance,2641770037,2492074635
2013,Mass Transit,9/1/2013,September,2013,closing_balance,2492074635,2492074635
2012,Highway,10/1/2011,October,2011,opening_balance,14322538907,14322538907
2012,Highway,11/1/2011,November,2011,opening_balance,11132865333,14322538907
2012,Highway,12/1/2011,December,2011,opening_balance,10768157935,14322538907
2012,Highway,1/1/2012,January,2012,opening_balance,10418829031,14322538907
2012,Highway,2/1/2012,February,2012,opening_balance,10739761522,14322538907
2012,Highway,3/1/2012,March,2012,opening_balance,12302997693,14322538907
2012,Highway,4/1/2012,April,2012,opening_balance,12469339838,14322538907
2012,Highway,5/1/2012,May,2012,opening_balance,12696734994,14322538907
2012,Highway,6/1/2012,June,2012,opening_balance,12728805926,14322538907
2012,Highway,7/1/2012,July,2012,opening_balance,10513839615,14322538907
2012,Highway,8/1/2012,August,2012,opening_balance,9527259141,14322538907
2012,Highway,9/1/2012,September,2012,opening_balance,9281158351,14322538907
2012,Highway,10/1/2011,October,2011,net_tax_receipts,702762000,35142865213
2012,Highway,11/1/2011,November,2011,net_tax_receipts,3347799000,35142865213
2012,Highway,12/1/2011,December,2011,net_tax_receipts,3198633000,35142865213
2012,Highway,1/1/2012,January,2012,net_tax_receipts,2687750000,35142865213
2012,Highway,2/1/2012,February,2012,net_tax_receipts,3917957419,35142865213
2012,Highway,3/1/2012,March,2012,net_tax_receipts,2711856000,35142865213
2012,Highway,4/1/2012,April,2012,net_tax_receipts,2852924175,35142865213
2012,Highway,5/1/2012,May,2012,net_tax_receipts,3285863000,35142865213
2012,Highway,6/1/2012,June,2012,net_tax_receipts,1799665738,35142865213
2012,Highway,7/1/2012,July,2012,net_tax_receipts,2878973000,35142865213
2012,Highway,8/1/2012,August,2012,net_tax_receipts,2846672012,35142865213
2012,Highway,9/1/2012,September,2012,net_tax_receipts,4912009870,35142865213
2012,Highway,10/1/2011,October,2011,interest_income,117047.74,4845920.62
2012,Highway,11/1/2011,November,2011,interest_income,106226.76,4845920.62
2012,Highway,12/1/2011,December,2011,interest_income,34288.68,4845920.62
2012,Highway,1/1/2012,January,2012,interest_income,161025.99,4845920.62
2012,Highway,2/1/2012,February,2012,interest_income,429330.76,4845920.62
2012,Highway,3/1/2012,March,2012,interest_income,621837.77,4845920.62
2012,Highway,4/1/2012,April,2012,interest_income,592155.9,4845920.62
2012,Highway,5/1/2012,May,2012,interest_income,683347.49,4845920.62
2012,Highway,6/1/2012,June,2012,interest_income,409250.57,4845920.62
2012,Highway,7/1/2012,July,2012,interest_income,461508.55,4845920.62
2012,Highway,8/1/2012,August,2012,interest_income,645572.59,4845920.62
2012,Highway,9/1/2012,September,2012,interest_income,584327.82,4845920.62
2012,Highway,10/1/2011,October,2011,other_receipts,1,3434095.85
2012,Highway,11/1/2011,November,2011,other_receipts,1425220.82,3434095.85
2012,Highway,12/1/2011,December,2011,other_receipts,1176136.89,3434095.85
2012,Highway,1/1/2012,January,2012,other_receipts,1513523.18,3434095.85
2012,Highway,2/1/2012,February,2012,other_receipts,1224408.48,3434095.85
2012,Highway,3/1/2012,March,2012,other_receipts,1761937.98,3434095.85
2012,Highway,4/1/2012,April,2012,other_receipts,1457865.69,3434095.85
2012,Highway,5/1/2012,May,2012,other_receipts,1899822.1,3434095.85
2012,Highway,6/1/2012,June,2012,other_receipts,73367589.89,3434095.85
2012,Highway,7/1/2012,July,2012,other_receipts,2440137.92,3434095.85
2012,Highway,8/1/2012,August,2012,other_receipts,1489332.24,3434095.85
2012,Highway,9/1/2012,September,2012,other_receipts,2402224623,3434095.85
2012,Highway,10/1/2011,October,2011,total_receipts,704304268.6,37641125828
2012,Highway,11/1/2011,November,2011,total_receipts,3349081364,37641125828
2012,Highway,12/1/2011,December,2011,total_receipts,3200180812,37641125828
2012,Highway,1/1/2012,January,2012,total_receipts,2689135434,37641125828
2012,Highway,2/1/2012,February,2012,total_receipts,3920148687,37641125828
2012,Highway,3/1/2012,March,2012,total_receipts,2713935703,37641125828
2012,Highway,4/1/2012,April,2012,total_receipts,2855416153,37641125828
2012,Highway,5/1/2012,May,2012,total_receipts,3359913937,37641125828
2012,Highway,6/1/2012,June,2012,total_receipts,1802515127,37641125828
2012,Highway,7/1/2012,July,2012,total_receipts,2880923841,37641125828
2012,Highway,8/1/2012,August,2012,total_receipts,5249542208,37641125828
2012,Highway,9/1/2012,September,2012,total_receipts,4916028293,37641125828
2012,Highway,10/1/2011,October,2011,transfer_to_mass_transit,0,1103350000
2012,Highway,11/1/2011,November,2011,transfer_to_mass_transit,250000000,1103350000
2012,Highway,12/1/2011,December,2011,transfer_to_mass_transit,0,1103350000
2012,Highway,1/1/2012,January,2012,transfer_to_mass_transit,70350000,1103350000
2012,Highway,2/1/2012,February,2012,transfer_to_mass_transit,0,1103350000
2012,Highway,3/1/2012,March,2012,transfer_to_mass_transit,80000000,1103350000
2012,Highway,4/1/2012,April,2012,transfer_to_mass_transit,281000000,1103350000
2012,Highway,5/1/2012,May,2012,transfer_to_mass_transit,0,1103350000
2012,Highway,6/1/2012,June,2012,transfer_to_mass_transit,0,1103350000
2012,Highway,7/1/2012,July,2012,transfer_to_mass_transit,0,1103350000
2012,Highway,8/1/2012,August,2012,transfer_to_mass_transit,281000000,1103350000
2012,Highway,9/1/2012,September,2012,transfer_to_mass_transit,141000000,1103350000
2012,Highway,10/1/2011,October,2011,transfer_from_mass_transit,0,20257177
2012,Highway,11/1/2011,November,2011,transfer_from_mass_transit,0,20257177
2012,Highway,12/1/2011,December,2011,transfer_from_mass_transit,0,20257177
2012,Highway,1/1/2012,January,2012,transfer_from_mass_transit,0,20257177
2012,Highway,2/1/2012,February,2012,transfer_from_mass_transit,0,20257177
2012,Highway,3/1/2012,March,2012,transfer_from_mass_transit,6761101,20257177
2012,Highway,4/1/2012,April,2012,transfer_from_mass_transit,0,20257177
2012,Highway,5/1/2012,May,2012,transfer_from_mass_transit,1774457,20257177
2012,Highway,6/1/2012,June,2012,transfer_from_mass_transit,1586589,20257177
2012,Highway,7/1/2012,July,2012,transfer_from_mass_transit,2011320,20257177
2012,Highway,8/1/2012,August,2012,transfer_from_mass_transit,2371230,20257177
2012,Highway,9/1/2012,September,2012,transfer_from_mass_transit,5752480,20257177
2012,Highway,10/1/2011,October,2011,outlay_htf,3893977842,41149826814
2012,Highway,11/1/2011,November,2011,outlay_htf,3463788761,41149826814
2012,Highway,12/1/2011,December,2011,outlay_htf,3549509716,41149826814
2012,Highway,1/1/2012,January,2012,outlay_htf,2297852944,41149826814
2012,Highway,2/1/2012,February,2012,outlay_htf,2356912516,41149826814
2012,Highway,3/1/2012,March,2012,outlay_htf,2474354659,41149826814
2012,Highway,4/1/2012,April,2012,outlay_htf,2347020997,41149826814
2012,Highway,5/1/2012,May,2012,outlay_htf,3329617462,41149826814
2012,Highway,6/1/2012,June,2012,outlay_htf,4019068026,41149826814
2012,Highway,7/1/2012,July,2012,outlay_htf,3869515635,41149826814
2012,Highway,8/1/2012,August,2012,outlay_htf,5217014228,41149826814
2012,Highway,9/1/2012,September,2012,outlay_htf,4331194027,41149826814
2012,Highway,10/1/2011,October,2011,closing_balance,11132865333,9730745098
2012,Highway,11/1/2011,November,2011,closing_balance,10768157935,9730745098
2012,Highway,12/1/2011,December,2011,closing_balance,10418829031,9730745098
2012,Highway,1/1/2012,January,2012,closing_balance,10739761522,9730745098
2012,Highway,2/1/2012,February,2012,closing_balance,12302997693,9730745098
2012,Highway,3/1/2012,March,2012,closing_balance,12469339838,9730745098
2012,Highway,4/1/2012,April,2012,closing_balance,12696734994,9730745098
2012,Highway,5/1/2012,May,2012,closing_balance,12728805926,9730745098
2012,Highway,6/1/2012,June,2012,closing_balance,10513839615,9730745098
2012,Highway,7/1/2012,July,2012,closing_balance,9527259141,9730745098
2012,Highway,8/1/2012,August,2012,closing_balance,9281158351,9730745098
2012,Highway,9/1/2012,September,2012,closing_balance,9730745098,9730745098
2012,Mass Transit,10/1/2011,October,2011,opening_balance,7315274803,7315274803
2012,Mass Transit,11/1/2011,November,2011,opening_balance,6404916321,7315274803
2012,Mass Transit,12/1/2011,December,2011,opening_balance,6531260005,7315274803
2012,Mass Transit,1/1/2012,January,2012,opening_balance,6335806097,7315274803
2012,Mass Transit,2/1/2012,February,2012,opening_balance,6330202249,7315274803
2012,Mass Transit,3/1/2012,March,2012,opening_balance,6281187252,7315274803
2012,Mass Transit,4/1/2012,April,2012,opening_balance,6268828591,7315274803
2012,Mass Transit,5/1/2012,May,2012,opening_balance,6066064961,7315274803
2012,Mass Transit,6/1/2012,June,2012,opening_balance,6036889390,7315274803
2012,Mass Transit,7/1/2012,July,2012,opening_balance,5732947265,7315274803
2012,Mass Transit,8/1/2012,August,2012,opening_balance,5786629564,7315274803
2012,Mass Transit,9/1/2012,September,2012,opening_balance,5702293032,7315274803
2012,Mass Transit,10/1/2011,October,2011,net_tax_receipts,110947000,5003447070
2012,Mass Transit,11/1/2011,November,2011,net_tax_receipts,475578000,5003447070
2012,Mass Transit,12/1/2011,December,2011,net_tax_receipts,454409000,5003447070
2012,Mass Transit,1/1/2012,January,2012,net_tax_receipts,381874000,5003447070
2012,Mass Transit,2/1/2012,February,2012,net_tax_receipts,448273646.1,5003447070
2012,Mass Transit,3/1/2012,March,2012,net_tax_receipts,422303000,5003447070
2012,Mass Transit,4/1/2012,April,2012,net_tax_receipts,444250000,5003447070
2012,Mass Transit,5/1/2012,May,2012,net_tax_receipts,502562000,5003447070
2012,Mass Transit,6/1/2012,June,2012,net_tax_receipts,340440602.4,5003447070
2012,Mass Transit,7/1/2012,July,2012,net_tax_receipts,440364000,5003447070
2012,Mass Transit,8/1/2012,August,2012,net_tax_receipts,339468250.2,5003447070
2012,Mass Transit,9/1/2012,September,2012,net_tax_receipts,642977571.3,5003447070
2012,Mass Transit,10/1/2011,October,2011,interest_income,65043.63,2450600.38
2012,Mass Transit,11/1/2011,November,2011,interest_income,64787.4,2450600.38
2012,Mass Transit,12/1/2011,December,2011,interest_income,19078.88,2450600.38
2012,Mass Transit,1/1/2012,January,2012,interest_income,97049.73,2450600.38
2012,Mass Transit,2/1/2012,February,2012,interest_income,249684.81,2450600.38
2012,Mass Transit,3/1/2012,March,2012,interest_income,297910.5,2450600.38
2012,Mass Transit,4/1/2012,April,2012,interest_income,269915.33,2450600.38
2012,Mass Transit,5/1/2012,May,2012,interest_income,292052.68,2450600.38
2012,Mass Transit,6/1/2012,June,2012,interest_income,195406.93,2450600.38
2012,Mass Transit,7/1/2012,July,2012,interest_income,264741.56,2450600.38
2012,Mass Transit,8/1/2012,August,2012,interest_income,350924.52,2450600.38
2012,Mass Transit,9/1/2012,September,2012,interest_income,284004.41,2450600.38
2012,Mass Transit,10/1/2011,October,2011,total_receipts,111012043.6,5005897670
2012,Mass Transit,11/1/2011,November,2011,total_receipts,475642787.4,5005897670
2012,Mass Transit,12/1/2011,December,2011,total_receipts,454428078.9,5005897670
2012,Mass Transit,1/1/2012,January,2012,total_receipts,381971049.7,5005897670
2012,Mass Transit,2/1/2012,February,2012,total_receipts,448523330.9,5005897670
2012,Mass Transit,3/1/2012,March,2012,total_receipts,422600910.5,5005897670
2012,Mass Transit,4/1/2012,April,2012,total_receipts,444519915.3,5005897670
2012,Mass Transit,5/1/2012,May,2012,total_receipts,502854052.7,5005897670
2012,Mass Transit,6/1/2012,June,2012,total_receipts,340636009.3,5005897670
2012,Mass Transit,7/1/2012,July,2012,total_receipts,440628741.6,5005897670
2012,Mass Transit,8/1/2012,August,2012,total_receipts,339819174.8,5005897670
2012,Mass Transit,9/1/2012,September,2012,total_receipts,643261575.7,5005897670
2012,Mass Transit,10/1/2011,October,2011,transfer_to_highway,0,20257177
2012,Mass Transit,11/1/2011,November,2011,transfer_to_highway,0,20257177
2012,Mass Transit,12/1/2011,December,2011,transfer_to_highway,0,20257177
2012,Mass Transit,1/1/2012,January,2012,transfer_to_highway,0,20257177
2012,Mass Transit,2/1/2012,February,2012,transfer_to_highway,0,20257177
2012,Mass Transit,3/1/2012,March,2012,transfer_to_highway,6761101,20257177
2012,Mass Transit,4/1/2012,April,2012,transfer_to_highway,0,20257177
2012,Mass Transit,5/1/2012,May,2012,transfer_to_highway,1774457,20257177
2012,Mass Transit,6/1/2012,June,2012,transfer_to_highway,1586589,20257177
2012,Mass Transit,7/1/2012,July,2012,transfer_to_highway,2011320,20257177
2012,Mass Transit,8/1/2012,August,2012,transfer_to_highway,2371230,20257177
2012,Mass Transit,9/1/2012,September,2012,transfer_to_highway,5752480,20257177
2012,Mass Transit,10/1/2011,October,2011,transfer_from_highway,0,1103350000
2012,Mass Transit,11/1/2011,November,2011,transfer_from_highway,250000000,1103350000
2012,Mass Transit,12/1/2011,December,2011,transfer_from_highway,0,1103350000
2012,Mass Transit,1/1/2012,January,2012,transfer_from_highway,70350000,1103350000
2012,Mass Transit,2/1/2012,February,2012,transfer_from_highway,0,1103350000
2012,Mass Transit,3/1/2012,March,2012,transfer_from_highway,80000000,1103350000
2012,Mass Transit,4/1/2012,April,2012,transfer_from_highway,281000000,1103350000
2012,Mass Transit,5/1/2012,May,2012,transfer_from_highway,0,1103350000
2012,Mass Transit,6/1/2012,June,2012,transfer_from_highway,0,1103350000
2012,Mass Transit,7/1/2012,July,2012,transfer_from_highway,0,1103350000
2012,Mass Transit,8/1/2012,August,2012,transfer_from_highway,281000000,1103350000
2012,Mass Transit,9/1/2012,September,2012,transfer_from_highway,141000000,1103350000
2012,Mass Transit,10/1/2011,October,2011,outlay_htf,1021370525,8209981085
2012,Mass Transit,11/1/2011,November,2011,outlay_htf,599299103.5,8209981085
2012,Mass Transit,12/1/2011,December,2011,outlay_htf,649881987,8209981085
2012,Mass Transit,1/1/2012,January,2012,outlay_htf,457924897.6,8209981085
2012,Mass Transit,2/1/2012,February,2012,outlay_htf,497538327.9,8209981085
2012,Mass Transit,3/1/2012,March,2012,outlay_htf,508198470.8,8209981085
2012,Mass Transit,4/1/2012,April,2012,outlay_htf,928283545.6,8209981085
2012,Mass Transit,5/1/2012,May,2012,outlay_htf,530255166.4,8209981085
2012,Mass Transit,6/1/2012,June,2012,outlay_htf,642991545.6,8209981085
2012,Mass Transit,7/1/2012,July,2012,outlay_htf,384935122.5,8209981085
2012,Mass Transit,8/1/2012,August,2012,outlay_htf,702784476.5,8209981085
2012,Mass Transit,9/1/2012,September,2012,outlay_htf,1286517916,8209981085
2012,Mass Transit,10/1/2011,October,2011,closing_balance,6404916321,5194284212
2012,Mass Transit,11/1/2011,November,2011,closing_balance,6531260005,5194284212
2012,Mass Transit,12/1/2011,December,2011,closing_balance,6335806097,5194284212
2012,Mass Transit,1/1/2012,January,2012,closing_balance,6330202249,5194284212
2012,Mass Transit,2/1/2012,February,2012,closing_balance,6281187252,5194284212
2012,Mass Transit,3/1/2012,March,2012,closing_balance,6268828591,5194284212
2012,Mass Transit,4/1/2012,April,2012,closing_balance,6066064961,5194284212
2012,Mass Transit,5/1/2012,May,2012,closing_balance,6036889390,5194284212
2012,Mass Transit,6/1/2012,June,2012,closing_balance,5732947265,5194284212
2012,Mass Transit,7/1/2012,July,2012,closing_balance,5786629564,5194284212
2012,Mass Transit,8/1/2012,August,2012,closing_balance,5702293032,5194284212
2012,Mass Transit,9/1/2012,September,2012,closing_balance,5194284212,5194284212
2011,Highway,10/1/2010,October,2010,opening_balance,20743269254,20743269254
2011,Highway,11/1/2010,November,2010,opening_balance,17582233128,20743269254
2011,Highway,12/1/2010,December,2010,opening_balance,17304795028,20743269254
2011,Highway,1/1/2011,January,2011,opening_balance,17149151028,20743269254
2011,Highway,2/1/2011,February,2011,opening_balance,17397312858,20743269254
2011,Highway,3/1/2011,March,2011,opening_balance,18702399381,20743269254
2011,Highway,4/1/2011,April,2011,opening_balance,18732368943,20743269254
2011,Highway,5/1/2011,May,2011,opening_balance,19242845786,20743269254
2011,Highway,6/1/2011,June,2011,opening_balance,18664868123,20743269254
2011,Highway,7/1/2011,July,2011,opening_balance,17299475005,20743269254
2011,Highway,8/1/2011,August,2011,opening_balance,16594702551,20743269254
2011,Highway,9/1/2011,September,2011,opening_balance,14400495754,20743269254
2011,Highway,10/1/2010,October,2010,net_tax_receipts,414306000,31960681799
2011,Highway,11/1/2010,November,2010,net_tax_receipts,2986949000,31960681799
2011,Highway,12/1/2010,December,2010,net_tax_receipts,2754244000,31960681799
2011,Highway,1/1/2011,January,2011,net_tax_receipts,2564282000,31960681799
2011,Highway,2/1/2011,February,2011,net_tax_receipts,3337597000,31960681799
2011,Highway,3/1/2011,March,2011,net_tax_receipts,2431260000,31960681799
2011,Highway,4/1/2011,April,2011,net_tax_receipts,2787158000,31960681799
2011,Highway,5/1/2011,May,2011,net_tax_receipts,2226363000,31960681799
2011,Highway,6/1/2011,June,2011,net_tax_receipts,2674733000,31960681799
2011,Highway,7/1/2011,July,2011,net_tax_receipts,2761360000,31960681799
2011,Highway,8/1/2011,August,2011,net_tax_receipts,2356049025,31960681799
2011,Highway,9/1/2011,September,2011,net_tax_receipts,4666380775,31960681799
2011,Highway,10/1/2010,October,2010,interest_income,1995154.38,11211554.62
2011,Highway,11/1/2010,November,2010,interest_income,1865018.61,11211554.62
2011,Highway,12/1/2010,December,2010,interest_income,1296647.3,11211554.62
2011,Highway,1/1/2011,January,2011,interest_income,1738528.83,11211554.62
2011,Highway,2/1/2011,February,2011,interest_income,1390727.64,11211554.62
2011,Highway,3/1/2011,March,2011,interest_income,910704.65,11211554.62
2011,Highway,4/1/2011,April,2011,interest_income,448140.39,11211554.62
2011,Highway,5/1/2011,May,2011,interest_income,343710.71,11211554.62
2011,Highway,6/1/2011,June,2011,interest_income,306230.44,11211554.62
2011,Highway,7/1/2011,July,2011,interest_income,295519.05,11211554.62
2011,Highway,8/1/2011,August,2011,interest_income,379924.21,11211554.62
2011,Highway,9/1/2011,September,2011,interest_income,241248.41,11211554.62
2011,Highway,10/1/2010,October,2010,other_receipts,1697290.71,38053379.72
2011,Highway,11/1/2010,November,2010,other_receipts,1916433.47,38053379.72
2011,Highway,12/1/2010,December,2010,other_receipts,1175868.47,38053379.72
2011,Highway,1/1/2011,January,2011,other_receipts,1389615.13,38053379.72
2011,Highway,2/1/2011,February,2011,other_receipts,1302511.74,38053379.72
2011,Highway,3/1/2011,March,2011,other_receipts,1694233.73,38053379.72
2011,Highway,4/1/2011,April,2011,other_receipts,1649035.49,38053379.72
2011,Highway,5/1/2011,May,2011,other_receipts,1965043.21,38053379.72
2011,Highway,6/1/2011,June,2011,other_receipts,1576821.47,38053379.72
2011,Highway,7/1/2011,July,2011,other_receipts,1352471.76,38053379.72
2011,Highway,8/1/2011,August,2011,other_receipts,5407320.77,38053379.72
2011,Highway,9/1/2011,September,2011,other_receipts,16926733.77,38053379.72
2011,Highway,10/1/2010,October,2010,total_receipts,417998445.1,32009946734
2011,Highway,11/1/2010,November,2010,total_receipts,2990730452,32009946734
2011,Highway,12/1/2010,December,2010,total_receipts,2756716516,32009946734
2011,Highway,1/1/2011,January,2011,total_receipts,2567410144,32009946734
2011,Highway,2/1/2011,February,2011,total_receipts,3340290239,32009946734
2011,Highway,3/1/2011,March,2011,total_receipts,2433864938,32009946734
2011,Highway,4/1/2011,April,2011,total_receipts,2789255176,32009946734
2011,Highway,5/1/2011,May,2011,total_receipts,2228671754,32009946734
2011,Highway,6/1/2011,June,2011,total_receipts,2676616052,32009946734
2011,Highway,7/1/2011,July,2011,total_receipts,2763007991,32009946734
2011,Highway,8/1/2011,August,2011,total_receipts,2361836270,32009946734
2011,Highway,9/1/2011,September,2011,total_receipts,4683548757,32009946734
2011,Highway,10/1/2010,October,2010,transfer_to_mass_transit,0,1140374818
2011,Highway,11/1/2010,November,2010,transfer_to_mass_transit,0,1140374818
2011,Highway,12/1/2010,December,2010,transfer_to_mass_transit,50000000,1140374818
2011,Highway,1/1/2011,January,2011,transfer_to_mass_transit,40876741,1140374818
2011,Highway,2/1/2011,February,2011,transfer_to_mass_transit,2464242,1140374818
2011,Highway,3/1/2011,March,2011,transfer_to_mass_transit,194721144,1140374818
2011,Highway,4/1/2011,April,2011,transfer_to_mass_transit,84350969.31,1140374818
2011,Highway,5/1/2011,May,2011,transfer_to_mass_transit,1642082,1140374818
2011,Highway,6/1/2011,June,2011,transfer_to_mass_transit,102060710.7,1140374818
2011,Highway,7/1/2011,July,2011,transfer_to_mass_transit,187681184,1140374818
2011,Highway,8/1/2011,August,2011,transfer_to_mass_transit,149427534.5,1140374818
2011,Highway,9/1/2011,September,2011,transfer_to_mass_transit,327150211,1140374818
2011,Highway,10/1/2010,October,2010,transfer_from_mass_transit,0,34355904
2011,Highway,11/1/2010,November,2010,transfer_from_mass_transit,0,34355904
2011,Highway,12/1/2010,December,2010,transfer_from_mass_transit,0,34355904
2011,Highway,1/1/2011,January,2011,transfer_from_mass_transit,3165928,34355904
2011,Highway,2/1/2011,February,2011,transfer_from_mass_transit,1259953,34355904
2011,Highway,3/1/2011,March,2011,transfer_from_mass_transit,1625000,34355904
2011,Highway,4/1/2011,April,2011,transfer_from_mass_transit,1699721,34355904
2011,Highway,5/1/2011,May,2011,transfer_from_mass_transit,2640276,34355904
2011,Highway,6/1/2011,June,2011,transfer_from_mass_transit,16253914,34355904
2011,Highway,7/1/2011,July,2011,transfer_from_mass_transit,852638,34355904
2011,Highway,8/1/2011,August,2011,transfer_from_mass_transit,6858474,34355904
2011,Highway,9/1/2011,September,2011,transfer_from_mass_transit,0,34355904
2011,Highway,10/1/2010,October,2010,outlay_htf,3579034570,37324658166
2011,Highway,11/1/2010,November,2010,outlay_htf,3268168553,37324658166
2011,Highway,12/1/2010,December,2010,outlay_htf,2862360515,37324658166
2011,Highway,1/1/2011,January,2011,outlay_htf,2281537501,37324658166
2011,Highway,2/1/2011,February,2011,outlay_htf,2033999428,37324658166
2011,Highway,3/1/2011,March,2011,outlay_htf,2210799233,37324658166
2011,Highway,4/1/2011,April,2011,outlay_htf,2196127084,37324658166
2011,Highway,5/1/2011,May,2011,outlay_htf,2807647611,37324658166
2011,Highway,6/1/2011,June,2011,outlay_htf,3956202373,37324658166
2011,Highway,7/1/2011,July,2011,outlay_htf,3280951899,37324658166
2011,Highway,8/1/2011,August,2011,outlay_htf,4413474007,37324658166
2011,Highway,9/1/2011,September,2011,outlay_htf,4434355393,37324658166
2011,Highway,10/1/2010,October,2010,closing_balance,17582233128,14322538907
2011,Highway,11/1/2010,November,2010,closing_balance,17304795028,14322538907
2011,Highway,12/1/2010,December,2010,closing_balance,17149151028,14322538907
2011,Highway,1/1/2011,January,2011,closing_balance,17397312858,14322538907
2011,Highway,2/1/2011,February,2011,closing_balance,18702399381,14322538907
2011,Highway,3/1/2011,March,2011,closing_balance,18732368943,14322538907
2011,Highway,4/1/2011,April,2011,closing_balance,19242845786,14322538907
2011,Highway,5/1/2011,May,2011,closing_balance,18664868123,14322538907
2011,Highway,6/1/2011,June,2011,closing_balance,17299475005,14322538907
2011,Highway,7/1/2011,July,2011,closing_balance,16594702551,14322538907
2011,Highway,8/1/2011,August,2011,closing_balance,14400495754,14322538907
2011,Highway,9/1/2011,September,2011,closing_balance,14322538907,14322538907
2011,Mass Transit,10/1/2010,October,2010,opening_balance,8489337678,8489337678
2011,Mass Transit,11/1/2010,November,2010,opening_balance,7941754394,8489337678
2011,Mass Transit,12/1/2010,December,2010,opening_balance,7884015355,8489337678
2011,Mass Transit,1/1/2011,January,2011,opening_balance,7571823525,8489337678
2011,Mass Transit,2/1/2011,February,2011,opening_balance,7698307478,8489337678
2011,Mass Transit,3/1/2011,March,2011,opening_balance,7795093905,8489337678
2011,Mass Transit,4/1/2011,April,2011,opening_balance,7875164195,8489337678
2011,Mass Transit,5/1/2011,May,2011,opening_balance,7936980347,8489337678
2011,Mass Transit,6/1/2011,June,2011,opening_balance,7822739594,8489337678
2011,Mass Transit,7/1/2011,July,2011,opening_balance,7429793199,8489337678
2011,Mass Transit,8/1/2011,August,2011,opening_balance,7554115521,8489337678
2011,Mass Transit,9/1/2011,September,2011,opening_balance,7140756003,8489337678
2011,Mass Transit,10/1/2010,October,2010,net_tax_receipts,61180000,4922357687
2011,Mass Transit,11/1/2010,November,2010,net_tax_receipts,472044000,4922357687
2011,Mass Transit,12/1/2010,December,2010,net_tax_receipts,435332000,4922357687
2011,Mass Transit,1/1/2011,January,2011,net_tax_receipts,405313000,4922357687
2011,Mass Transit,2/1/2011,February,2011,net_tax_receipts,495853000,4922357687
2011,Mass Transit,3/1/2011,March,2011,net_tax_receipts,385096000,4922357687
2011,Mass Transit,4/1/2011,April,2011,net_tax_receipts,441369000,4922357687
2011,Mass Transit,5/1/2011,May,2011,net_tax_receipts,323162000,4922357687
2011,Mass Transit,6/1/2011,June,2011,net_tax_receipts,422259000,4922357687
2011,Mass Transit,7/1/2011,July,2011,net_tax_receipts,435847000,4922357687
2011,Mass Transit,8/1/2011,August,2011,net_tax_receipts,350205262.2,4922357687
2011,Mass Transit,9/1/2011,September,2011,net_tax_receipts,694697424.6,4922357687
2011,Mass Transit,10/1/2010,October,2010,interest_income,756577.18,4773056.47
2011,Mass Transit,11/1/2010,November,2010,interest_income,822006.53,4773056.47
2011,Mass Transit,12/1/2010,December,2010,interest_income,583598.82,4773056.47
2011,Mass Transit,1/1/2011,January,2011,interest_income,783359.35,4773056.47
2011,Mass Transit,2/1/2011,February,2011,interest_income,597452.52,4773056.47
2011,Mass Transit,3/1/2011,March,2011,interest_income,434157.81,4773056.47
2011,Mass Transit,4/1/2011,April,2011,interest_income,188819.46,4773056.47
2011,Mass Transit,5/1/2011,May,2011,interest_income,135634.68,4773056.47
2011,Mass Transit,6/1/2011,June,2011,interest_income,129280.2,4773056.47
2011,Mass Transit,7/1/2011,July,2011,interest_income,131251.04,4773056.47
2011,Mass Transit,8/1/2011,August,2011,interest_income,175823.49,4773056.47
2011,Mass Transit,9/1/2011,September,2011,interest_income,35095.39,4773056.47
2011,Mass Transit,10/1/2010,October,2010,total_receipts,61936577.18,4927130743
2011,Mass Transit,11/1/2010,November,2010,total_receipts,472866006.5,4927130743
2011,Mass Transit,12/1/2010,December,2010,total_receipts,435915598.8,4927130743
2011,Mass Transit,1/1/2011,January,2011,total_receipts,406096359.4,4927130743
2011,Mass Transit,2/1/2011,February,2011,total_receipts,496450452.5,4927130743
2011,Mass Transit,3/1/2011,March,2011,total_receipts,385530157.8,4927130743
2011,Mass Transit,4/1/2011,April,2011,total_receipts,441557819.5,4927130743
2011,Mass Transit,5/1/2011,May,2011,total_receipts,323297634.7,4927130743
2011,Mass Transit,6/1/2011,June,2011,total_receipts,422388280.2,4927130743
2011,Mass Transit,7/1/2011,July,2011,total_receipts,435978251,4927130743
2011,Mass Transit,8/1/2011,August,2011,total_receipts,350381085.7,4927130743
2011,Mass Transit,9/1/2011,September,2011,total_receipts,694732520,4927130743
2011,Mass Transit,10/1/2010,October,2010,transfer_to_highway,0,34355904
2011,Mass Transit,11/1/2010,November,2010,transfer_to_highway,0,34355904
2011,Mass Transit,12/1/2010,December,2010,transfer_to_highway,0,34355904
2011,Mass Transit,1/1/2011,January,2011,transfer_to_highway,3165928,34355904
2011,Mass Transit,2/1/2011,February,2011,transfer_to_highway,1259953,34355904
2011,Mass Transit,3/1/2011,March,2011,transfer_to_highway,1625000,34355904
2011,Mass Transit,4/1/2011,April,2011,transfer_to_highway,1699721,34355904
2011,Mass Transit,5/1/2011,May,2011,transfer_to_highway,2640276,34355904
2011,Mass Transit,6/1/2011,June,2011,transfer_to_highway,16253914,34355904
2011,Mass Transit,7/1/2011,July,2011,transfer_to_highway,852638,34355904
2011,Mass Transit,8/1/2011,August,2011,transfer_to_highway,6858474,34355904
2011,Mass Transit,9/1/2011,September,2011,transfer_to_highway,0,34355904
2011,Mass Transit,10/1/2010,October,2010,transfer_from_highway,0,1140374818
2011,Mass Transit,11/1/2010,November,2010,transfer_from_highway,0,1140374818
2011,Mass Transit,12/1/2010,December,2010,transfer_from_highway,50000000,1140374818
2011,Mass Transit,1/1/2011,January,2011,transfer_from_highway,40876741,1140374818
2011,Mass Transit,2/1/2011,February,2011,transfer_from_highway,2464242,1140374818
2011,Mass Transit,3/1/2011,March,2011,transfer_from_highway,194721144,1140374818
2011,Mass Transit,4/1/2011,April,2011,transfer_from_highway,84350969.31,1140374818
2011,Mass Transit,5/1/2011,May,2011,transfer_from_highway,1642082,1140374818
2011,Mass Transit,6/1/2011,June,2011,transfer_from_highway,102060710.7,1140374818
2011,Mass Transit,7/1/2011,July,2011,transfer_from_highway,187681184,1140374818
2011,Mass Transit,8/1/2011,August,2011,transfer_from_highway,149427534.5,1140374818
2011,Mass Transit,9/1/2011,September,2011,transfer_from_highway,327150211,1140374818
2011,Mass Transit,10/1/2010,October,2010,outlay_htf,609519860.8,7207212533
2011,Mass Transit,11/1/2010,November,2010,outlay_htf,530605045.3,7207212533
2011,Mass Transit,12/1/2010,December,2010,outlay_htf,798107429.6,7207212533
2011,Mass Transit,1/1/2011,January,2011,outlay_htf,317323219.3,7207212533
2011,Mass Transit,2/1/2011,February,2011,outlay_htf,400868314.7,7207212533
2011,Mass Transit,3/1/2011,March,2011,outlay_htf,498556011.3,7207212533
2011,Mass Transit,4/1/2011,April,2011,outlay_htf,462392916.4,7207212533
2011,Mass Transit,5/1/2011,May,2011,outlay_htf,436540193,7207212533
2011,Mass Transit,6/1/2011,June,2011,outlay_htf,901141472.6,7207212533
2011,Mass Transit,7/1/2011,July,2011,outlay_htf,498484474.3,7207212533
2011,Mass Transit,8/1/2011,August,2011,outlay_htf,906309664.7,7207212533
2011,Mass Transit,9/1/2011,September,2011,outlay_htf,847363930.9,7207212533
2011,Mass Transit,10/1/2010,October,2010,closing_balance,7941754394,7315274803
2011,Mass Transit,11/1/2010,November,2010,closing_balance,7884015355,7315274803
2011,Mass Transit,12/1/2010,December,2010,closing_balance,7571823525,7315274803
2011,Mass Transit,1/1/2011,January,2011,closing_balance,7698307478,7315274803
2011,Mass Transit,2/1/2011,February,2011,closing_balance,7795093905,7315274803
2011,Mass Transit,3/1/2011,March,2011,closing_balance,7875164195,7315274803
2011,Mass Transit,4/1/2011,April,2011,closing_balance,7936980347,7315274803
2011,Mass Transit,5/1/2011,May,2011,closing_balance,7822739594,7315274803
2011,Mass Transit,6/1/2011,June,2011,closing_balance,7429793199,7315274803
2011,Mass Transit,7/1/2011,July,2011,closing_balance,7554115521,7315274803
2011,Mass Transit,8/1/2011,August,2011,closing_balance,7140756003,7315274803
2011,Mass Transit,9/1/2011,September,2011,closing_balance,7315274803,7315274803
2010,Highway,10/1/2009,October,2009,opening_balance,8881337691,8881337691
2010,Highway,11/1/2009,November,2009,opening_balance,5712451733,8881337691
2010,Highway,12/1/2009,December,2009,opening_balance,6068560867,8881337691
2010,Highway,1/1/2010,January,2010,opening_balance,5681573627,8881337691
2010,Highway,2/1/2010,February,2010,opening_balance,6353148656,8881337691
2010,Highway,3/1/2010,March,2010,opening_balance,6608273389,8881337691
2010,Highway,4/1/2010,April,2010,opening_balance,6866107638,8881337691
2010,Highway,5/1/2010,May,2010,opening_balance,22063800307,8881337691
2010,Highway,6/1/2010,June,2010,opening_balance,21639848262,8881337691
2010,Highway,7/1/2010,July,2010,opening_balance,21524033682,8881337691
2010,Highway,8/1/2010,August,2010,opening_balance,20811181811,8881337691
2010,Highway,9/1/2010,September,2010,opening_balance,19983435269,8881337691
2010,Highway,10/1/2009,October,2009,net_tax_receipts,521844000,30149877480
2010,Highway,11/1/2009,November,2009,net_tax_receipts,2823395000,30149877480
2010,Highway,12/1/2009,December,2009,net_tax_receipts,2582751000,30149877480
2010,Highway,1/1/2010,January,2010,net_tax_receipts,2530049000,30149877480
2010,Highway,2/1/2010,February,2010,net_tax_receipts,1984878000,30149877480
2010,Highway,3/1/2010,March,2010,net_tax_receipts,2273414000,30149877480
2010,Highway,4/1/2010,April,2010,net_tax_receipts,2606292000,30149877480
2010,Highway,5/1/2010,May,2010,net_tax_receipts,2085281480,30149877480
2010,Highway,6/1/2010,June,2010,net_tax_receipts,2883143000,30149877480
2010,Highway,7/1/2010,July,2010,net_tax_receipts,2728678000,30149877480
2010,Highway,8/1/2010,August,2010,net_tax_receipts,2552672000,30149877480
2010,Highway,9/1/2010,September,2010,net_tax_receipts,4577480000,30149877480
2010,Highway,10/1/2009,October,2009,interest_income,0,12315928.9
2010,Highway,11/1/2009,November,2009,interest_income,0,12315928.9
2010,Highway,12/1/2009,December,2009,interest_income,0,12315928.9
2010,Highway,1/1/2010,January,2010,interest_income,0,12315928.9
2010,Highway,2/1/2010,February,2010,interest_income,0,12315928.9
2010,Highway,3/1/2010,March,2010,interest_income,199589.99,12315928.9
2010,Highway,4/1/2010,April,2010,interest_income,1155227.88,12315928.9
2010,Highway,5/1/2010,May,2010,interest_income,2257007.82,12315928.9
2010,Highway,6/1/2010,June,2010,interest_income,1584766.49,12315928.9
2010,Highway,7/1/2010,July,2010,interest_income,2566741,12315928.9
2010,Highway,8/1/2010,August,2010,interest_income,2598544.41,12315928.9
2010,Highway,9/1/2010,September,2010,interest_income,1954051.31,12315928.9
2010,Highway,10/1/2009,October,2009,other_receipts,1352103.79,14730322765
2010,Highway,11/1/2009,November,2009,other_receipts,1298297.67,14730322765
2010,Highway,12/1/2009,December,2009,other_receipts,1528550.16,14730322765
2010,Highway,1/1/2010,January,2010,other_receipts,1214827.93,14730322765
2010,Highway,2/1/2010,February,2010,other_receipts,7128335.58,14730322765
2010,Highway,3/1/2010,March,2010,other_receipts,1660845.89,14730322765
2010,Highway,4/1/2010,April,2010,other_receipts,14701392889,14730322765
2010,Highway,5/1/2010,May,2010,other_receipts,1946281.92,14730322765
2010,Highway,6/1/2010,June,2010,other_receipts,7230749.96,14730322765
2010,Highway,7/1/2010,July,2010,other_receipts,1138654.49,14730322765
2010,Highway,8/1/2010,August,2010,other_receipts,2447603.73,14730322765
2010,Highway,9/1/2010,September,2010,other_receipts,1983625.08,14730322765
2010,Highway,10/1/2009,October,2009,total_receipts,523196103.8,44892516174
2010,Highway,11/1/2009,November,2009,total_receipts,2824693298,44892516174
2010,Highway,12/1/2009,December,2009,total_receipts,2584279550,44892516174
2010,Highway,1/1/2010,January,2010,total_receipts,2531263828,44892516174
2010,Highway,2/1/2010,February,2010,total_receipts,1992006336,44892516174
2010,Highway,3/1/2010,March,2010,total_receipts,2275274436,44892516174
2010,Highway,4/1/2010,April,2010,total_receipts,17308840117,44892516174
2010,Highway,5/1/2010,May,2010,total_receipts,2089484770,44892516174
2010,Highway,6/1/2010,June,2010,total_receipts,2891958516,44892516174
2010,Highway,7/1/2010,July,2010,total_receipts,2732383395,44892516174
2010,Highway,8/1/2010,August,2010,total_receipts,2557718148,44892516174
2010,Highway,9/1/2010,September,2010,total_receipts,4581417676,44892516174
2010,Highway,10/1/2009,October,2009,transfer_to_mass_transit,0,1051575346
2010,Highway,11/1/2009,November,2009,transfer_to_mass_transit,55000000,1051575346
2010,Highway,12/1/2009,December,2009,transfer_to_mass_transit,68400000,1051575346
2010,Highway,1/1/2010,January,2010,transfer_to_mass_transit,79947066,1051575346
2010,Highway,2/1/2010,February,2010,transfer_to_mass_transit,0,1051575346
2010,Highway,3/1/2010,March,2010,transfer_to_mass_transit,66515000,1051575346
2010,Highway,4/1/2010,April,2010,transfer_to_mass_transit,201206218,1051575346
2010,Highway,5/1/2010,May,2010,transfer_to_mass_transit,2762319,1051575346
2010,Highway,6/1/2010,June,2010,transfer_to_mass_transit,73449553,1051575346
2010,Highway,7/1/2010,July,2010,transfer_to_mass_transit,108602757,1051575346
2010,Highway,8/1/2010,August,2010,transfer_to_mass_transit,150000000,1051575346
2010,Highway,9/1/2010,September,2010,transfer_to_mass_transit,245692433,1051575346
2010,Highway,10/1/2009,October,2009,transfer_from_mass_transit,0,27706467
2010,Highway,11/1/2009,November,2009,transfer_from_mass_transit,0,27706467
2010,Highway,12/1/2009,December,2009,transfer_from_mass_transit,0,27706467
2010,Highway,1/1/2010,January,2010,transfer_from_mass_transit,852637,27706467
2010,Highway,2/1/2010,February,2010,transfer_from_mass_transit,0,27706467
2010,Highway,3/1/2010,March,2010,transfer_from_mass_transit,1229874,27706467
2010,Highway,4/1/2010,April,2010,transfer_from_mass_transit,0,27706467
2010,Highway,5/1/2010,May,2010,transfer_from_mass_transit,8640956,27706467
2010,Highway,6/1/2010,June,2010,transfer_from_mass_transit,8649568,27706467
2010,Highway,7/1/2010,July,2010,transfer_from_mass_transit,2684624,27706467
2010,Highway,8/1/2010,August,2010,transfer_from_mass_transit,3685895,27706467
2010,Highway,9/1/2010,September,2010,transfer_from_mass_transit,1962913,27706467
2010,Highway,10/1/2009,October,2009,outlay_htf,3692082061,32006715733
2010,Highway,11/1/2009,November,2009,outlay_htf,2413584164,32006715733
2010,Highway,12/1/2009,December,2009,outlay_htf,2902866790,32006715733
2010,Highway,1/1/2010,January,2010,outlay_htf,1780594370,32006715733
2010,Highway,2/1/2010,February,2010,outlay_htf,1736881603,32006715733
2010,Highway,3/1/2010,March,2010,outlay_htf,1952155061,32006715733
2010,Highway,4/1/2010,April,2010,outlay_htf,1909941230,32006715733
2010,Highway,5/1/2010,May,2010,outlay_htf,2519315451,32006715733
2010,Highway,6/1/2010,June,2010,outlay_htf,2942973112,32006715733
2010,Highway,7/1/2010,July,2010,outlay_htf,3339317133,32006715733
2010,Highway,8/1/2010,August,2010,outlay_htf,3239150585,32006715733
2010,Highway,9/1/2010,September,2010,outlay_htf,3577854172,32006715733
2010,Highway,10/1/2009,October,2009,closing_balance,5712451733,20743269254
2010,Highway,11/1/2009,November,2009,closing_balance,6068560867,20743269254
2010,Highway,12/1/2009,December,2009,closing_balance,5681573627,20743269254
2010,Highway,1/1/2010,January,2010,closing_balance,6353148656,20743269254
2010,Highway,2/1/2010,February,2010,closing_balance,6608273389,20743269254
2010,Highway,3/1/2010,March,2010,closing_balance,6866107638,20743269254
2010,Highway,4/1/2010,April,2010,closing_balance,22063800307,20743269254
2010,Highway,5/1/2010,May,2010,closing_balance,21639848262,20743269254
2010,Highway,6/1/2010,June,2010,closing_balance,21524033682,20743269254
2010,Highway,7/1/2010,July,2010,closing_balance,20811181811,20743269254
2010,Highway,8/1/2010,August,2010,closing_balance,19983435269,20743269254
2010,Highway,9/1/2010,September,2010,closing_balance,20743269254,20743269254
2010,Mass Transit,10/1/2009,October,2009,opening_balance,5212232117,5212232117
2010,Mass Transit,11/1/2009,November,2009,opening_balance,4686708992,5212232117
2010,Mass Transit,12/1/2009,December,2009,opening_balance,4630561643,5212232117
2010,Mass Transit,1/1/2010,January,2010,opening_balance,4117837517,5212232117
2010,Mass Transit,2/1/2010,February,2010,opening_balance,4260313870,5212232117
2010,Mass Transit,3/1/2010,March,2010,opening_balance,4252958745,5212232117
2010,Mass Transit,4/1/2010,April,2010,opening_balance,4160684967,5212232117
2010,Mass Transit,5/1/2010,May,2010,opening_balance,9061814099,5212232117
2010,Mass Transit,6/1/2010,June,2010,opening_balance,8932043890,5212232117
2010,Mass Transit,7/1/2010,July,2010,opening_balance,8937070800,5212232117
2010,Mass Transit,8/1/2010,August,2010,opening_balance,8773519599,5212232117
2010,Mass Transit,9/1/2010,September,2010,opening_balance,8507734018,5212232117
2010,Mass Transit,10/1/2009,October,2009,net_tax_receipts,74182000,4811042000
2010,Mass Transit,11/1/2009,November,2009,net_tax_receipts,441091000,4811042000
2010,Mass Transit,12/1/2009,December,2009,net_tax_receipts,403550000,4811042000
2010,Mass Transit,1/1/2010,January,2010,net_tax_receipts,395280000,4811042000
2010,Mass Transit,2/1/2010,February,2010,net_tax_receipts,415431000,4811042000
2010,Mass Transit,3/1/2010,March,2010,net_tax_receipts,363799000,4811042000
2010,Mass Transit,4/1/2010,April,2010,net_tax_receipts,416963000,4811042000
2010,Mass Transit,5/1/2010,May,2010,net_tax_receipts,387354000,4811042000
2010,Mass Transit,6/1/2010,June,2010,net_tax_receipts,463864000,4811042000
2010,Mass Transit,7/1/2010,July,2010,net_tax_receipts,438983000,4811042000
2010,Mass Transit,8/1/2010,August,2010,net_tax_receipts,364874000,4811042000
2010,Mass Transit,9/1/2010,September,2010,net_tax_receipts,645671000,4811042000
2010,Mass Transit,10/1/2009,October,2009,interest_income,0,5169211.42
2010,Mass Transit,11/1/2009,November,2009,interest_income,0,5169211.42
2010,Mass Transit,12/1/2009,December,2009,interest_income,0,5169211.42
2010,Mass Transit,1/1/2010,January,2010,interest_income,0,5169211.42
2010,Mass Transit,2/1/2010,February,2010,interest_income,0,5169211.42
2010,Mass Transit,3/1/2010,March,2010,interest_income,128527.44,5169211.42
2010,Mass Transit,4/1/2010,April,2010,interest_income,537179.03,5169211.42
2010,Mass Transit,5/1/2010,May,2010,interest_income,910062.98,5169211.42
2010,Mass Transit,6/1/2010,June,2010,interest_income,643448.27,5169211.42
2010,Mass Transit,7/1/2010,July,2010,interest_income,1069245.79,5169211.42
2010,Mass Transit,8/1/2010,August,2010,interest_income,1108381.62,5169211.42
2010,Mass Transit,9/1/2010,September,2010,interest_income,772366.29,5169211.42
2010,Mass Transit,10/1/2009,October,2009,total_receipts,74182000,9616211211
2010,Mass Transit,11/1/2009,November,2009,total_receipts,441091000,9616211211
2010,Mass Transit,12/1/2009,December,2009,total_receipts,403550000,9616211211
2010,Mass Transit,1/1/2010,January,2010,total_receipts,395280000,9616211211
2010,Mass Transit,2/1/2010,February,2010,total_receipts,415431000,9616211211
2010,Mass Transit,3/1/2010,March,2010,total_receipts,363927527.4,9616211211
2010,Mass Transit,4/1/2010,April,2010,total_receipts,5217500179,9616211211
2010,Mass Transit,5/1/2010,May,2010,total_receipts,388264063,9616211211
2010,Mass Transit,6/1/2010,June,2010,total_receipts,464507448.3,9616211211
2010,Mass Transit,7/1/2010,July,2010,total_receipts,440052245.8,9616211211
2010,Mass Transit,8/1/2010,August,2010,total_receipts,365982381.6,9616211211
2010,Mass Transit,9/1/2010,September,2010,total_receipts,646443366.3,9616211211
2010,Mass Transit,10/1/2009,October,2009,transfer_to_highway,0,27706467
2010,Mass Transit,11/1/2009,November,2009,transfer_to_highway,0,27706467
2010,Mass Transit,12/1/2009,December,2009,transfer_to_highway,0,27706467
2010,Mass Transit,1/1/2010,January,2010,transfer_to_highway,852637,27706467
2010,Mass Transit,2/1/2010,February,2010,transfer_to_highway,0,27706467
2010,Mass Transit,3/1/2010,March,2010,transfer_to_highway,1229874,27706467
2010,Mass Transit,4/1/2010,April,2010,transfer_to_highway,0,27706467
2010,Mass Transit,5/1/2010,May,2010,transfer_to_highway,8640956,27706467
2010,Mass Transit,6/1/2010,June,2010,transfer_to_highway,8649568,27706467
2010,Mass Transit,7/1/2010,July,2010,transfer_to_highway,2684624,27706467
2010,Mass Transit,8/1/2010,August,2010,transfer_to_highway,3685895,27706467
2010,Mass Transit,9/1/2010,September,2010,transfer_to_highway,1962913,27706467
2010,Mass Transit,10/1/2009,October,2009,transfer_from_highway,0,1051575346
2010,Mass Transit,11/1/2009,November,2009,transfer_from_highway,55000000,1051575346
2010,Mass Transit,12/1/2009,December,2009,transfer_from_highway,68400000,1051575346
2010,Mass Transit,1/1/2010,January,2010,transfer_from_highway,79947066,1051575346
2010,Mass Transit,2/1/2010,February,2010,transfer_from_highway,0,1051575346
2010,Mass Transit,3/1/2010,March,2010,transfer_from_highway,66515000,1051575346
2010,Mass Transit,4/1/2010,April,2010,transfer_from_highway,201206218,1051575346
2010,Mass Transit,5/1/2010,May,2010,transfer_from_highway,2762319,1051575346
2010,Mass Transit,6/1/2010,June,2010,transfer_from_highway,73449553,1051575346
2010,Mass Transit,7/1/2010,July,2010,transfer_from_highway,108602757,1051575346
2010,Mass Transit,8/1/2010,August,2010,transfer_from_highway,150000000,1051575346
2010,Mass Transit,9/1/2010,September,2010,transfer_from_highway,245692433,1051575346
2010,Mass Transit,10/1/2009,October,2009,outlay_htf,599705124.7,7362974530
2010,Mass Transit,11/1/2009,November,2009,outlay_htf,552238349.8,7362974530
2010,Mass Transit,12/1/2009,December,2009,outlay_htf,984674126,7362974530
2010,Mass Transit,1/1/2010,January,2010,outlay_htf,331898075.2,7362974530
2010,Mass Transit,2/1/2010,February,2010,outlay_htf,422786125.2,7362974530
2010,Mass Transit,3/1/2010,March,2010,outlay_htf,521486432.2,7362974530
2010,Mass Transit,4/1/2010,April,2010,outlay_htf,517577264.3,7362974530
2010,Mass Transit,5/1/2010,May,2010,outlay_htf,512155634.9,7362974530
2010,Mass Transit,6/1/2010,June,2010,outlay_htf,524280524.1,7362974530
2010,Mass Transit,7/1/2010,July,2010,outlay_htf,709521579.6,7362974530
2010,Mass Transit,8/1/2010,August,2010,outlay_htf,778082067.7,7362974530
2010,Mass Transit,9/1/2010,September,2010,outlay_htf,908569226,7362974530
2010,Mass Transit,10/1/2009,October,2009,closing_balance,4686708992,8489337678
2010,Mass Transit,11/1/2009,November,2009,closing_balance,4630561643,8489337678
2010,Mass Transit,12/1/2009,December,2009,closing_balance,4117837517,8489337678
2010,Mass Transit,1/1/2010,January,2010,closing_balance,4260313870,8489337678
2010,Mass Transit,2/1/2010,February,2010,closing_balance,4252958745,8489337678
2010,Mass Transit,3/1/2010,March,2010,closing_balance,4160684967,8489337678
2010,Mass Transit,4/1/2010,April,2010,closing_balance,9061814099,8489337678
2010,Mass Transit,5/1/2010,May,2010,closing_balance,8932043890,8489337678
2010,Mass Transit,6/1/2010,June,2010,closing_balance,8937070800,8489337678
2010,Mass Transit,7/1/2010,July,2010,closing_balance,8773519599,8489337678
2010,Mass Transit,8/1/2010,August,2010,closing_balance,8507734018,8489337678
2010,Mass Transit,9/1/2010,September,2010,closing_balance,8489337678,8489337678
2009,Highway,10/1/2008,October,2008,opening_balance,10032229989,10032229989
2009,Highway,11/1/2008,November,2008,opening_balance,6525365473,10032229989
2009,Highway,12/1/2008,December,2008,opening_balance,6022563743,10032229989
2009,Highway,1/1/2009,January,2009,opening_balance,5341377935,10032229989
2009,Highway,2/1/2009,February,2009,opening_balance,5733204923,10032229989
2009,Highway,3/1/2009,March,2009,opening_balance,5532621201,10032229989
2009,Highway,4/1/2009,April,2009,opening_balance,5493751670,10032229989
2009,Highway,5/1/2009,May,2009,opening_balance,5844060385,10032229989
2009,Highway,6/1/2009,June,2009,opening_balance,5202195384,10032229989
2009,Highway,7/1/2009,July,2009,opening_balance,4387613890,10032229989
2009,Highway,8/1/2009,August,2009,opening_balance,3250736131,10032229989
2009,Highway,9/1/2009,September,2009,opening_balance,8746817588,10032229989
2009,Highway,10/1/2008,October,2008,net_tax_receipts,796926000,30126399000
2009,Highway,11/1/2008,November,2008,net_tax_receipts,2741058000,30126399000
2009,Highway,12/1/2008,December,2008,net_tax_receipts,2610878000,30126399000
2009,Highway,1/1/2009,January,2009,net_tax_receipts,2546257000,30126399000
2009,Highway,2/1/2009,February,2009,net_tax_receipts,2088145000,30126399000
2009,Highway,3/1/2009,March,2009,net_tax_receipts,2364488000,30126399000
2009,Highway,4/1/2009,April,2009,net_tax_receipts,2640100000,30126399000
2009,Highway,5/1/2009,May,2009,net_tax_receipts,2418447000,30126399000
2009,Highway,6/1/2009,June,2009,net_tax_receipts,2910722000,30126399000
2009,Highway,7/1/2009,July,2009,net_tax_receipts,3306755000,30126399000
2009,Highway,8/1/2009,August,2009,net_tax_receipts,2139840000,30126399000
2009,Highway,9/1/2009,September,2009,net_tax_receipts,3562783000,30126399000
2009,Highway,10/1/2008,October,2008,interest_income,0,30126399000
2009,Highway,11/1/2008,November,2008,interest_income,0,30126399000
2009,Highway,12/1/2008,December,2008,interest_income,0,30126399000
2009,Highway,1/1/2009,January,2009,interest_income,0,30126399000
2009,Highway,2/1/2009,February,2009,interest_income,0,30126399000
2009,Highway,3/1/2009,March,2009,interest_income,0,30126399000
2009,Highway,4/1/2009,April,2009,interest_income,0,30126399000
2009,Highway,5/1/2009,May,2009,interest_income,0,30126399000
2009,Highway,6/1/2009,June,2009,interest_income,0,30126399000
2009,Highway,7/1/2009,July,2009,interest_income,0,30126399000
2009,Highway,8/1/2009,August,2009,interest_income,0,30126399000
2009,Highway,9/1/2009,September,2009,interest_income,0,30126399000
2009,Highway,10/1/2008,October,2008,total_receipts,798641173.3,37317478837
2009,Highway,11/1/2008,November,2008,total_receipts,2742284274,37317478837
2009,Highway,12/1/2008,December,2008,total_receipts,2612556619,37317478837
2009,Highway,1/1/2009,January,2009,total_receipts,2547595572,37317478837
2009,Highway,2/1/2009,February,2009,total_receipts,2094508721,37317478837
2009,Highway,3/1/2009,March,2009,total_receipts,2366043510,37317478837
2009,Highway,4/1/2009,April,2009,total_receipts,2641497590,37317478837
2009,Highway,5/1/2009,May,2009,total_receipts,2422108562,37317478837
2009,Highway,6/1/2009,June,2009,total_receipts,2912391635,37317478837
2009,Highway,7/1/2009,July,2009,total_receipts,3308309968,37317478837
2009,Highway,8/1/2009,August,2009,total_receipts,9305735208,37317478837
2009,Highway,9/1/2009,September,2009,total_receipts,3565806004,37317478837
2009,Highway,10/1/2008,October,2008,transfer_to_mass_transit,112400000,1004790528
2009,Highway,11/1/2008,November,2008,transfer_to_mass_transit,613670,1004790528
2009,Highway,12/1/2008,December,2008,transfer_to_mass_transit,58300000,1004790528
2009,Highway,1/1/2009,January,2009,transfer_to_mass_transit,3436452,1004790528
2009,Highway,2/1/2009,February,2009,transfer_to_mass_transit,121399237,1004790528
2009,Highway,3/1/2009,March,2009,transfer_to_mass_transit,49820857,1004790528
2009,Highway,4/1/2009,April,2009,transfer_to_mass_transit,61050000,1004790528
2009,Highway,5/1/2009,May,2009,transfer_to_mass_transit,70743475,1004790528
2009,Highway,6/1/2009,June,2009,transfer_to_mass_transit,140824764,1004790528
2009,Highway,7/1/2009,July,2009,transfer_to_mass_transit,311723280,1004790528
2009,Highway,8/1/2009,August,2009,transfer_to_mass_transit,8346214,1004790528
2009,Highway,9/1/2009,September,2009,transfer_to_mass_transit,66132578.73,1004790528
2009,Highway,10/1/2008,October,2008,transfer_from_mass_transit,0,107736356
2009,Highway,11/1/2008,November,2008,transfer_from_mass_transit,0,107736356
2009,Highway,12/1/2008,December,2008,transfer_from_mass_transit,0,107736356
2009,Highway,1/1/2009,January,2009,transfer_from_mass_transit,1205408,107736356
2009,Highway,2/1/2009,February,2009,transfer_from_mass_transit,340898,107736356
2009,Highway,3/1/2009,March,2009,transfer_from_mass_transit,644679,107736356
2009,Highway,4/1/2009,April,2009,transfer_from_mass_transit,76400000,107736356
2009,Highway,5/1/2009,May,2009,transfer_from_mass_transit,5963732,107736356
2009,Highway,6/1/2009,June,2009,transfer_from_mass_transit,6660696,107736356
2009,Highway,7/1/2009,July,2009,transfer_from_mass_transit,5021498,107736356
2009,Highway,8/1/2009,August,2009,transfer_from_mass_transit,7827477,107736356
2009,Highway,9/1/2009,September,2009,transfer_from_mass_transit,3671968,107736356
2009,Highway,10/1/2008,October,2008,outlay_htf,4193105689,37571316963
2009,Highway,11/1/2008,November,2008,outlay_htf,3244472334,37571316963
2009,Highway,12/1/2008,December,2008,outlay_htf,3235442427,37571316963
2009,Highway,1/1/2009,January,2009,outlay_htf,2153537539,37571316963
2009,Highway,2/1/2009,February,2009,outlay_htf,2174034105,37571316963
2009,Highway,3/1/2009,March,2009,outlay_htf,2355736863,37571316963
2009,Highway,4/1/2009,April,2009,outlay_htf,2306538876,37571316963
2009,Highway,5/1/2009,May,2009,outlay_htf,2999193820,37571316963
2009,Highway,6/1/2009,June,2009,outlay_htf,3592809061,37571316963
2009,Highway,7/1/2009,July,2009,outlay_htf,4138485945,37571316963
2009,Highway,8/1/2009,August,2009,outlay_htf,3809135014,37571316963
2009,Highway,9/1/2009,September,2009,outlay_htf,3368825290,37571316963
2009,Highway,10/1/2008,October,2008,closing_balance,6525365473,8881337691
2009,Highway,11/1/2008,November,2008,closing_balance,6022563743,8881337691
2009,Highway,12/1/2008,December,2008,closing_balance,5341377935,8881337691
2009,Highway,1/1/2009,January,2009,closing_balance,5733204923,8881337691
2009,Highway,2/1/2009,February,2009,closing_balance,5532621201,8881337691
2009,Highway,3/1/2009,March,2009,closing_balance,5493751670,8881337691
2009,Highway,4/1/2009,April,2009,closing_balance,5844060385,8881337691
2009,Highway,5/1/2009,May,2009,closing_balance,5202195384,8881337691
2009,Highway,6/1/2009,June,2009,closing_balance,4387613890,8881337691
2009,Highway,7/1/2009,July,2009,closing_balance,3250736131,8881337691
2009,Highway,8/1/2009,August,2009,closing_balance,8746817588,8881337691
2009,Highway,9/1/2009,September,2009,closing_balance,8881337691,8881337691
2009,Mass Transit,10/1/2008,October,2008,opening_balance,6786622062,6786622062
2009,Mass Transit,11/1/2008,November,2008,opening_balance,6396260506,6786622062
2009,Mass Transit,12/1/2008,December,2008,opening_balance,6361375692,6786622062
2009,Mass Transit,1/1/2009,January,2009,opening_balance,6228584986,6786622062
2009,Mass Transit,2/1/2009,February,2009,opening_balance,6186822007,6786622062
2009,Mass Transit,3/1/2009,March,2009,opening_balance,6226353432,6786622062
2009,Mass Transit,4/1/2009,April,2009,opening_balance,6004710703,6786622062
2009,Mass Transit,5/1/2009,May,2009,opening_balance,5878187196,6786622062
2009,Mass Transit,6/1/2009,June,2009,opening_balance,5999990182,6786622062
2009,Mass Transit,7/1/2009,July,2009,opening_balance,5913959995,6786622062
2009,Mass Transit,8/1/2009,August,2009,opening_balance,6221180433,6786622062
2009,Mass Transit,9/1/2009,September,2009,opening_balance,5869722204,6786622062
2009,Mass Transit,10/1/2008,October,2008,net_tax_receipts,113663000,4809258000
2009,Mass Transit,11/1/2008,November,2008,net_tax_receipts,428990000,4809258000
2009,Mass Transit,12/1/2008,December,2008,net_tax_receipts,408652000,4809258000
2009,Mass Transit,1/1/2009,January,2009,net_tax_receipts,398508000,4809258000
2009,Mass Transit,2/1/2009,February,2009,net_tax_receipts,380638000,4809258000
2009,Mass Transit,3/1/2009,March,2009,net_tax_receipts,370438000,4809258000
2009,Mass Transit,4/1/2009,April,2009,net_tax_receipts,413504000,4809258000
2009,Mass Transit,5/1/2009,May,2009,net_tax_receipts,419536000,4809258000
2009,Mass Transit,6/1/2009,June,2009,net_tax_receipts,451529000,4809258000
2009,Mass Transit,7/1/2009,July,2009,net_tax_receipts,512834000,4809258000
2009,Mass Transit,8/1/2009,August,2009,net_tax_receipts,356297000,4809258000
2009,Mass Transit,9/1/2009,September,2009,net_tax_receipts,554669000,4809258000
2009,Mass Transit,10/1/2008,October,2008,interest_income,0,0
2009,Mass Transit,11/1/2008,November,2008,interest_income,0,0
2009,Mass Transit,12/1/2008,December,2008,interest_income,0,0
2009,Mass Transit,1/1/2009,January,2009,interest_income,0,0
2009,Mass Transit,2/1/2009,February,2009,interest_income,0,0
2009,Mass Transit,3/1/2009,March,2009,interest_income,0,0
2009,Mass Transit,4/1/2009,April,2009,interest_income,0,0
2009,Mass Transit,5/1/2009,May,2009,interest_income,0,0
2009,Mass Transit,6/1/2009,June,2009,interest_income,0,0
2009,Mass Transit,7/1/2009,July,2009,interest_income,0,0
2009,Mass Transit,8/1/2009,August,2009,interest_income,0,0
2009,Mass Transit,9/1/2009,September,2009,interest_income,0,0
2009,Mass Transit,10/1/2008,October,2008,total_receipts,113663000,4809258000
2009,Mass Transit,11/1/2008,November,2008,total_receipts,428990000,4809258000
2009,Mass Transit,12/1/2008,December,2008,total_receipts,408652000,4809258000
2009,Mass Transit,1/1/2009,January,2009,total_receipts,398508000,4809258000
2009,Mass Transit,2/1/2009,February,2009,total_receipts,380638000,4809258000
2009,Mass Transit,3/1/2009,March,2009,total_receipts,370438000,4809258000
2009,Mass Transit,4/1/2009,April,2009,total_receipts,413504000,4809258000
2009,Mass Transit,5/1/2009,May,2009,total_receipts,419536000,4809258000
2009,Mass Transit,6/1/2009,June,2009,total_receipts,451529000,4809258000
2009,Mass Transit,7/1/2009,July,2009,total_receipts,512834000,4809258000
2009,Mass Transit,8/1/2009,August,2009,total_receipts,356297000,4809258000
2009,Mass Transit,9/1/2009,September,2009,total_receipts,554669000,4809258000
2009,Mass Transit,10/1/2008,October,2008,transfer_to_highway,0,107736356
2009,Mass Transit,11/1/2008,November,2008,transfer_to_highway,0,107736356
2009,Mass Transit,12/1/2008,December,2008,transfer_to_highway,0,107736356
2009,Mass Transit,1/1/2009,January,2009,transfer_to_highway,1205408,107736356
2009,Mass Transit,2/1/2009,February,2009,transfer_to_highway,340898,107736356
2009,Mass Transit,3/1/2009,March,2009,transfer_to_highway,644679,107736356
2009,Mass Transit,4/1/2009,April,2009,transfer_to_highway,76400000,107736356
2009,Mass Transit,5/1/2009,May,2009,transfer_to_highway,5963732,107736356
2009,Mass Transit,6/1/2009,June,2009,transfer_to_highway,6660696,107736356
2009,Mass Transit,7/1/2009,July,2009,transfer_to_highway,5021498,107736356
2009,Mass Transit,8/1/2009,August,2009,transfer_to_highway,7827477,107736356
2009,Mass Transit,9/1/2009,September,2009,transfer_to_highway,3671968,107736356
2009,Mass Transit,10/1/2008,October,2008,transfer_from_highway,112400000,1004790528
2009,Mass Transit,11/1/2008,November,2008,transfer_from_highway,613670,1004790528
2009,Mass Transit,12/1/2008,December,2008,transfer_from_highway,58300000,1004790528
2009,Mass Transit,1/1/2009,January,2009,transfer_from_highway,3436452,1004790528
2009,Mass Transit,2/1/2009,February,2009,transfer_from_highway,121399237,1004790528
2009,Mass Transit,3/1/2009,March,2009,transfer_from_highway,49820857,1004790528
2009,Mass Transit,4/1/2009,April,2009,transfer_from_highway,61050000,1004790528
2009,Mass Transit,5/1/2009,May,2009,transfer_from_highway,70743475,1004790528
2009,Mass Transit,6/1/2009,June,2009,transfer_from_highway,140824764,1004790528
2009,Mass Transit,7/1/2009,July,2009,transfer_from_highway,311723280,1004790528
2009,Mass Transit,8/1/2009,August,2009,transfer_from_highway,8346214,1004790528
2009,Mass Transit,9/1/2009,September,2009,transfer_from_highway,66132578.73,1004790528
2009,Mass Transit,10/1/2008,October,2008,outlay_htf,616424555.2,7280702116
2009,Mass Transit,11/1/2008,November,2008,outlay_htf,464488484,7280702116
2009,Mass Transit,12/1/2008,December,2008,outlay_htf,599742706,7280702116
2009,Mass Transit,1/1/2009,January,2009,outlay_htf,442502023.7,7280702116
2009,Mass Transit,2/1/2009,February,2009,outlay_htf,462164914.2,7280702116
2009,Mass Transit,3/1/2009,March,2009,outlay_htf,641256906.3,7280702116
2009,Mass Transit,4/1/2009,April,2009,outlay_htf,524677507.3,7280702116
2009,Mass Transit,5/1/2009,May,2009,outlay_htf,362512756.6,7280702116
2009,Mass Transit,6/1/2009,June,2009,outlay_htf,671723255.5,7280702116
2009,Mass Transit,7/1/2009,July,2009,outlay_htf,512315343.9,7280702116
2009,Mass Transit,8/1/2009,August,2009,outlay_htf,708273965.9,7280702116
2009,Mass Transit,9/1/2009,September,2009,outlay_htf,1274619698,7280702116
2009,Mass Transit,10/1/2008,October,2008,closing_balance,6396260506,5212232117
2009,Mass Transit,11/1/2008,November,2008,closing_balance,6361375692,5212232117
2009,Mass Transit,12/1/2008,December,2008,closing_balance,6228584986,5212232117
2009,Mass Transit,1/1/2009,January,2009,closing_balance,6186822007,5212232117
2009,Mass Transit,2/1/2009,February,2009,closing_balance,6226353432,5212232117
2009,Mass Transit,3/1/2009,March,2009,closing_balance,6004710703,5212232117
2009,Mass Transit,4/1/2009,April,2009,closing_balance,5878187196,5212232117
2009,Mass Transit,5/1/2009,May,2009,closing_balance,5999990182,5212232117
2009,Mass Transit,6/1/2009,June,2009,closing_balance,5913959995,5212232117
2009,Mass Transit,7/1/2009,July,2009,closing_balance,6221180433,5212232117
2009,Mass Transit,8/1/2009,August,2009,closing_balance,5869722204,5212232117
2009,Mass Transit,9/1/2009,September,2009,closing_balance,5212232117,5212232117
2008,Highway,10/1/2007,October,2007,opening_balance,8110431947,8110431947
2008,Highway,11/1/2007,November,2007,opening_balance,4796776937,8110431947
2008,Highway,12/1/2007,December,2007,opening_balance,5146348457,8110431947
2008,Highway,1/1/2008,January,2008,opening_balance,5276913214,8110431947
2008,Highway,2/1/2008,February,2008,opening_balance,5773089782,8110431947
2008,Highway,3/1/2008,March,2008,opening_balance,6315895029,8110431947
2008,Highway,4/1/2008,April,2008,opening_balance,5979636059,8110431947
2008,Highway,5/1/2008,May,2008,opening_balance,6667780280,8110431947
2008,Highway,6/1/2008,June,2008,opening_balance,5094003386,8110431947
2008,Highway,7/1/2008,July,2008,opening_balance,4241068156,8110431947
2008,Highway,8/1/2008,August,2008,opening_balance,3072742521,8110431947
2008,Highway,9/1/2008,September,2008,opening_balance,1285290182,8110431947
2008,Highway,10/1/2007,October,2007,net_tax_receipts,471488000,31323713000
2008,Highway,11/1/2007,November,2007,net_tax_receipts,3320347000,31323713000
2008,Highway,12/1/2007,December,2007,net_tax_receipts,2966597000,31323713000
2008,Highway,1/1/2008,January,2008,net_tax_receipts,2728090000,31323713000
2008,Highway,2/1/2008,February,2008,net_tax_receipts,2703948000,31323713000
2008,Highway,3/1/2008,March,2008,net_tax_receipts,2420174000,31323713000
2008,Highway,4/1/2008,April,2008,net_tax_receipts,2867068000,31323713000
2008,Highway,5/1/2008,May,2008,net_tax_receipts,1514522000,31323713000
2008,Highway,6/1/2008,June,2008,net_tax_receipts,2815414000,31323713000
2008,Highway,7/1/2008,July,2008,net_tax_receipts,2761985000,31323713000
2008,Highway,8/1/2008,August,2008,net_tax_receipts,2022426000,31323713000
2008,Highway,9/1/2008,September,2008,net_tax_receipts,4731654000,31323713000
2008,Highway,10/1/2007,October,2007,interest_income,0,2628300
2008,Highway,11/1/2007,November,2007,interest_income,0,2628300
2008,Highway,12/1/2007,December,2007,interest_income,0,2628300
2008,Highway,1/1/2008,January,2008,interest_income,0,2628300
2008,Highway,2/1/2008,February,2008,interest_income,0,2628300
2008,Highway,3/1/2008,March,2008,interest_income,0,2628300
2008,Highway,4/1/2008,April,2008,interest_income,0,2628300
2008,Highway,5/1/2008,May,2008,interest_income,0,2628300
2008,Highway,6/1/2008,June,2008,interest_income,0,2628300
2008,Highway,7/1/2008,July,2008,interest_income,0,2628300
2008,Highway,8/1/2008,August,2008,interest_income,0,2628300
2008,Highway,9/1/2008,September,2008,interest_income,2628300,2628300
2008,Highway,10/1/2007,October,2007,total_receipts,473065361.1,39361330067
2008,Highway,11/1/2007,November,2007,total_receipts,3321697962,39361330067
2008,Highway,12/1/2007,December,2007,total_receipts,2967957164,39361330067
2008,Highway,1/1/2008,January,2008,total_receipts,2729669430,39361330067
2008,Highway,2/1/2008,February,2008,total_receipts,2705065260,39361330067
2008,Highway,3/1/2008,March,2008,total_receipts,2421768404,39361330067
2008,Highway,4/1/2008,April,2008,total_receipts,2868648620,39361330067
2008,Highway,5/1/2008,May,2008,total_receipts,1516157054,39361330067
2008,Highway,6/1/2008,June,2008,total_receipts,2816924236,39361330067
2008,Highway,7/1/2008,July,2008,total_receipts,2763751295,39361330067
2008,Highway,8/1/2008,August,2008,total_receipts,2023721215,39361330067
2008,Highway,9/1/2008,September,2008,total_receipts,12752904066,39361330067
2008,Highway,10/1/2007,October,2007,transfer_to_mass_transit,0,448545534.6
2008,Highway,11/1/2007,November,2007,transfer_to_mass_transit,0,448545534.6
2008,Highway,12/1/2007,December,2007,transfer_to_mass_transit,0,448545534.6
2008,Highway,1/1/2008,January,2008,transfer_to_mass_transit,100000000,448545534.6
2008,Highway,2/1/2008,February,2008,transfer_to_mass_transit,37666560,448545534.6
2008,Highway,3/1/2008,March,2008,transfer_to_mass_transit,33689540,448545534.6
2008,Highway,4/1/2008,April,2008,transfer_to_mass_transit,34370006,448545534.6
2008,Highway,5/1/2008,May,2008,transfer_to_mass_transit,45152552,448545534.6
2008,Highway,6/1/2008,June,2008,transfer_to_mass_transit,66781443,448545534.6
2008,Highway,7/1/2008,July,2008,transfer_to_mass_transit,25946384,448545534.6
2008,Highway,8/1/2008,August,2008,transfer_to_mass_transit,32241972,448545534.6
2008,Highway,9/1/2008,September,2008,transfer_to_mass_transit,72697077.64,448545534.6
2008,Highway,10/1/2007,October,2007,transfer_from_mass_transit,0,20945807
2008,Highway,11/1/2007,November,2007,transfer_from_mass_transit,0,20945807
2008,Highway,12/1/2007,December,2007,transfer_from_mass_transit,0,20945807
2008,Highway,1/1/2008,January,2008,transfer_from_mass_transit,0,20945807
2008,Highway,2/1/2008,February,2008,transfer_from_mass_transit,6805481,20945807
2008,Highway,3/1/2008,March,2008,transfer_from_mass_transit,0,20945807
2008,Highway,4/1/2008,April,2008,transfer_from_mass_transit,5696600,20945807
2008,Highway,5/1/2008,May,2008,transfer_from_mass_transit,0,20945807
2008,Highway,6/1/2008,June,2008,transfer_from_mass_transit,1819552,20945807
2008,Highway,7/1/2008,July,2008,transfer_from_mass_transit,4439756,20945807
2008,Highway,8/1/2008,August,2008,transfer_from_mass_transit,1739500,20945807
2008,Highway,9/1/2008,September,2008,transfer_from_mass_transit,444918,20945807
2008,Highway,10/1/2007,October,2007,outlay_htf,3786720372,37011932298
2008,Highway,11/1/2007,November,2007,outlay_htf,2972126441,37011932298
2008,Highway,12/1/2007,December,2007,outlay_htf,2837392408,37011932298
2008,Highway,1/1/2008,January,2008,outlay_htf,2133492862,37011932298
2008,Highway,2/1/2008,February,2008,outlay_htf,2131398934,37011932298
2008,Highway,3/1/2008,March,2008,outlay_htf,2724337835,37011932298
2008,Highway,4/1/2008,April,2008,outlay_htf,2151830993,37011932298
2008,Highway,5/1/2008,May,2008,outlay_htf,3044781396,37011932298
2008,Highway,6/1/2008,June,2008,outlay_htf,3604897574,37011932298
2008,Highway,7/1/2008,July,2008,outlay_htf,3910570302,37011932298
2008,Highway,8/1/2008,August,2008,outlay_htf,3780671083,37011932298
2008,Highway,9/1/2008,September,2008,outlay_htf,3933712099,37011932298
2008,Highway,10/1/2007,October,2007,closing_balance,4796776937,10032229989
2008,Highway,11/1/2007,November,2007,closing_balance,5146348457,10032229989
2008,Highway,12/1/2007,December,2007,closing_balance,5276913214,10032229989
2008,Highway,1/1/2008,January,2008,closing_balance,5773089782,10032229989
2008,Highway,2/1/2008,February,2008,closing_balance,6315895029,10032229989
2008,Highway,3/1/2008,March,2008,closing_balance,5979636059,10032229989
2008,Highway,4/1/2008,April,2008,closing_balance,6667780280,10032229989
2008,Highway,5/1/2008,May,2008,closing_balance,5094003386,10032229989
2008,Highway,6/1/2008,June,2008,closing_balance,4241068156,10032229989
2008,Highway,7/1/2008,July,2008,closing_balance,3072742521,10032229989
2008,Highway,8/1/2008,August,2008,closing_balance,1285290182,10032229989
2008,Highway,9/1/2008,September,2008,closing_balance,10032229989,10032229989
2008,Mass Transit,10/1/2007,October,2007,opening_balance,7305785774,7305785774
2008,Mass Transit,11/1/2007,November,2007,opening_balance,6899894537,7305785774
2008,Mass Transit,12/1/2007,December,2007,opening_balance,7021043001,7305785774
2008,Mass Transit,1/1/2008,January,2008,opening_balance,6993885884,7305785774
2008,Mass Transit,2/1/2008,February,2008,opening_balance,7189156195,7305785774
2008,Mass Transit,3/1/2008,March,2008,opening_balance,7398092410,7305785774
2008,Mass Transit,4/1/2008,April,2008,opening_balance,7511530857,7305785774
2008,Mass Transit,5/1/2008,May,2008,opening_balance,7478508742,7305785774
2008,Mass Transit,6/1/2008,June,2008,opening_balance,7329296738,7305785774
2008,Mass Transit,7/1/2008,July,2008,opening_balance,7124490981,7305785774
2008,Mass Transit,8/1/2008,August,2008,opening_balance,7168171881,7305785774
2008,Mass Transit,9/1/2008,September,2008,opening_balance,7028653850,7305785774
2008,Mass Transit,10/1/2007,October,2007,net_tax_receipts,119143000,5042831000
2008,Mass Transit,11/1/2007,November,2007,net_tax_receipts,491746000,5042831000
2008,Mass Transit,12/1/2007,December,2007,net_tax_receipts,439405000,5042831000
2008,Mass Transit,1/1/2008,January,2008,net_tax_receipts,404071000,5042831000
2008,Mass Transit,2/1/2008,February,2008,net_tax_receipts,457001000,5042831000
2008,Mass Transit,3/1/2008,March,2008,net_tax_receipts,413026000,5042831000
2008,Mass Transit,4/1/2008,April,2008,net_tax_receipts,429693000,5042831000
2008,Mass Transit,5/1/2008,May,2008,net_tax_receipts,349332000,5042831000
2008,Mass Transit,6/1/2008,June,2008,net_tax_receipts,434217000,5042831000
2008,Mass Transit,7/1/2008,July,2008,net_tax_receipts,425924000,5042831000
2008,Mass Transit,8/1/2008,August,2008,net_tax_receipts,376576000,5042831000
2008,Mass Transit,9/1/2008,September,2008,net_tax_receipts,702697000,5042831000
2008,Mass Transit,10/1/2007,October,2007,interest_income,0,83
2008,Mass Transit,11/1/2007,November,2007,interest_income,0,83
2008,Mass Transit,12/1/2007,December,2007,interest_income,0,83
2008,Mass Transit,1/1/2008,January,2008,interest_income,0,83
2008,Mass Transit,2/1/2008,February,2008,interest_income,0,83
2008,Mass Transit,3/1/2008,March,2008,interest_income,0,83
2008,Mass Transit,4/1/2008,April,2008,interest_income,0,83
2008,Mass Transit,5/1/2008,May,2008,interest_income,0,83
2008,Mass Transit,6/1/2008,June,2008,interest_income,0,83
2008,Mass Transit,7/1/2008,July,2008,interest_income,0,83
2008,Mass Transit,8/1/2008,August,2008,interest_income,0,83
2008,Mass Transit,9/1/2008,September,2008,interest_income,83,83
2008,Mass Transit,10/1/2007,October,2007,total_receipts,119143000,5042831083
2008,Mass Transit,11/1/2007,November,2007,total_receipts,491746000,5042831083
2008,Mass Transit,12/1/2007,December,2007,total_receipts,439405000,5042831083
2008,Mass Transit,1/1/2008,January,2008,total_receipts,404071000,5042831083
2008,Mass Transit,2/1/2008,February,2008,total_receipts,457001000,5042831083
2008,Mass Transit,3/1/2008,March,2008,total_receipts,413026000,5042831083
2008,Mass Transit,4/1/2008,April,2008,total_receipts,429693000,5042831083
2008,Mass Transit,5/1/2008,May,2008,total_receipts,349332000,5042831083
2008,Mass Transit,6/1/2008,June,2008,total_receipts,434217000,5042831083
2008,Mass Transit,7/1/2008,July,2008,total_receipts,425924000,5042831083
2008,Mass Transit,8/1/2008,August,2008,total_receipts,376576000,5042831083
2008,Mass Transit,9/1/2008,September,2008,total_receipts,702697083,5042831083
2008,Mass Transit,10/1/2007,October,2007,transfer_to_highway,0,20945807
2008,Mass Transit,11/1/2007,November,2007,transfer_to_highway,0,20945807
2008,Mass Transit,12/1/2007,December,2007,transfer_to_highway,0,20945807
2008,Mass Transit,1/1/2008,January,2008,transfer_to_highway,0,20945807
2008,Mass Transit,2/1/2008,February,2008,transfer_to_highway,6805481,20945807
2008,Mass Transit,3/1/2008,March,2008,transfer_to_highway,0,20945807
2008,Mass Transit,4/1/2008,April,2008,transfer_to_highway,5696600,20945807
2008,Mass Transit,5/1/2008,May,2008,transfer_to_highway,0,20945807
2008,Mass Transit,6/1/2008,June,2008,transfer_to_highway,1819552,20945807
2008,Mass Transit,7/1/2008,July,2008,transfer_to_highway,4439756,20945807
2008,Mass Transit,8/1/2008,August,2008,transfer_to_highway,1739500,20945807
2008,Mass Transit,9/1/2008,September,2008,transfer_to_highway,444918,20945807
2008,Mass Transit,10/1/2007,October,2007,transfer_from_highway,0,448545534.6
2008,Mass Transit,11/1/2007,November,2007,transfer_from_highway,0,448545534.6
2008,Mass Transit,12/1/2007,December,2007,transfer_from_highway,0,448545534.6
2008,Mass Transit,1/1/2008,January,2008,transfer_from_highway,100000000,448545534.6
2008,Mass Transit,2/1/2008,February,2008,transfer_from_highway,37666560,448545534.6
2008,Mass Transit,3/1/2008,March,2008,transfer_from_highway,33689540,448545534.6
2008,Mass Transit,4/1/2008,April,2008,transfer_from_highway,34370006,448545534.6
2008,Mass Transit,5/1/2008,May,2008,transfer_from_highway,45152552,448545534.6
2008,Mass Transit,6/1/2008,June,2008,transfer_from_highway,66781443,448545534.6
2008,Mass Transit,7/1/2008,July,2008,transfer_from_highway,25946384,448545534.6
2008,Mass Transit,8/1/2008,August,2008,transfer_from_highway,32241972,448545534.6
2008,Mass Transit,9/1/2008,September,2008,transfer_from_highway,72697077.64,448545534.6
2008,Mass Transit,10/1/2007,October,2007,outlay_htf,525034237.1,5989594523
2008,Mass Transit,11/1/2007,November,2007,outlay_htf,370597535.1,5989594523
2008,Mass Transit,12/1/2007,December,2007,outlay_htf,466562117.6,5989594523
2008,Mass Transit,1/1/2008,January,2008,outlay_htf,308800688.8,5989594523
2008,Mass Transit,2/1/2008,February,2008,outlay_htf,278925864.2,5989594523
2008,Mass Transit,3/1/2008,March,2008,outlay_htf,333277092.7,5989594523
2008,Mass Transit,4/1/2008,April,2008,outlay_htf,491388521.7,5989594523
2008,Mass Transit,5/1/2008,May,2008,outlay_htf,543696555.4,5989594523
2008,Mass Transit,6/1/2008,June,2008,outlay_htf,703984648.6,5989594523
2008,Mass Transit,7/1/2008,July,2008,outlay_htf,403749727.5,5989594523
2008,Mass Transit,8/1/2008,August,2008,outlay_htf,546596502.7,5989594523
2008,Mass Transit,9/1/2008,September,2008,outlay_htf,1016981031,5989594523
2008,Mass Transit,10/1/2007,October,2007,closing_balance,6899894537,5212232117
2008,Mass Transit,11/1/2007,November,2007,closing_balance,7021043001,5212232117
2008,Mass Transit,12/1/2007,December,2007,closing_balance,6993885884,5212232117
2008,Mass Transit,1/1/2008,January,2008,closing_balance,7189156195,5212232117
2008,Mass Transit,2/1/2008,February,2008,closing_balance,7398092410,5212232117
2008,Mass Transit,3/1/2008,March,2008,closing_balance,7511530857,5212232117
2008,Mass Transit,4/1/2008,April,2008,closing_balance,7478508742,5212232117
2008,Mass Transit,5/1/2008,May,2008,closing_balance,7329296738,5212232117
2008,Mass Transit,6/1/2008,June,2008,closing_balance,7124490981,5212232117
2008,Mass Transit,7/1/2008,July,2008,closing_balance,7168171881,5212232117
2008,Mass Transit,8/1/2008,August,2008,closing_balance,7028653850,5212232117
2008,Mass Transit,9/1/2008,September,2008,closing_balance,6786622062,5212232117
